2026-09-11 10:27:17,492 INFO o.a.j.u.JMeterUtils: Setting Locale to en_EN
2026-09-11 10:27:17,626 INFO o.a.j.JMeter: Loading user properties from: E:\apache-jmeter-5.6.3\bin\user.properties
2026-09-11 10:27:17,639 INFO o.a.j.JMeter: Loading system properties from: E:\apache-jmeter-5.6.3\bin\system.properties
2026-09-11 10:27:17,660 INFO o.a.j.JMeter: Copyright (c) 1998-2024 The Apache Software Foundation
2026-09-11 10:27:17,660 INFO o.a.j.JMeter: Version 5.6.3
2026-09-11 10:27:17,660 INFO o.a.j.JMeter: java.version=17.0.18
2026-09-11 10:27:17,660 INFO o.a.j.JMeter: java.vm.name=Java HotSpot(TM) 64-Bit Server VM
2026-09-11 10:27:17,661 INFO o.a.j.JMeter: os.name=Windows 11
2026-09-11 10:27:17,661 INFO o.a.j.JMeter: os.arch=amd64
2026-09-11 10:27:17,661 INFO o.a.j.JMeter: os.version=10.0
2026-09-11 10:27:17,661 INFO o.a.j.JMeter: file.encoding=GBK
2026-09-11 10:27:17,662 INFO o.a.j.JMeter: java.awt.headless=null
2026-09-11 10:27:17,662 INFO o.a.j.JMeter: Max memory     =1073741824
2026-09-11 10:27:17,662 INFO o.a.j.JMeter: Available Processors =32
2026-09-11 10:27:17,683 INFO o.a.j.JMeter: Default Locale=English (EN)
2026-09-11 10:27:17,683 INFO o.a.j.JMeter: JMeter  Locale=English (EN)
2026-09-11 10:27:17,683 INFO o.a.j.JMeter: JMeterHome=E:\apache-jmeter-5.6.3
2026-09-11 10:27:17,683 INFO o.a.j.JMeter: user.dir  =D:\Desktop\IdeaProjects\heima-redis-project\nginx-1.18.0
2026-09-11 10:27:17,686 INFO o.a.j.JMeter: PWD       =D:\Desktop\IdeaProjects\heima-redis-project\nginx-1.18.0
2026-09-11 10:27:22,652 INFO o.a.j.JMeter: IP: 192.168.199.1 Name: wudongxu FullName: wudongxu
2026-09-11 10:27:22,692 INFO o.a.j.JMeter: Loaded icon properties from org/apache/jmeter/images/icon.properties
2026-09-11 10:27:23,332 INFO o.a.j.JMeterGuiLauncher: Setting LAF to: com.github.weisj.darklaf.DarkLaf:com.github.weisj.darklaf.theme.DarculaTheme
2026-09-11 10:27:45,948 INFO o.a.j.s.FileServer: Default base='D:\Desktop\IdeaProjects\heima-redis-project\nginx-1.18.0'
2026-09-11 10:27:45,952 INFO o.a.j.g.a.Load: Loading file: D:\Desktop\HTTP请求.jmx
2026-09-11 10:27:45,952 INFO o.a.j.s.FileServer: Set new base='D:\Desktop'
2026-09-11 10:27:46,188 INFO o.a.j.s.SaveService: Testplan (JMX) version: 2.2. Testlog (JTL) version: 2.2
2026-09-11 10:27:46,220 INFO o.a.j.s.SaveService: Using SaveService properties version 5.0
2026-09-11 10:27:46,223 INFO o.a.j.s.SaveService: Using SaveService properties file encoding UTF-8
2026-09-11 10:27:46,226 INFO o.a.j.s.SaveService: Loading file: D:\Desktop\HTTP请求.jmx
2026-09-11 10:27:46,264 INFO o.a.j.p.h.s.HTTPSamplerBase: Parser for text/html is org.apache.jmeter.protocol.http.parser.LagartoBasedHtmlParser
2026-09-11 10:27:46,265 INFO o.a.j.p.h.s.HTTPSamplerBase: Parser for application/xhtml+xml is org.apache.jmeter.protocol.http.parser.LagartoBasedHtmlParser
2026-09-11 10:27:46,265 INFO o.a.j.p.h.s.HTTPSamplerBase: Parser for application/xml is org.apache.jmeter.protocol.http.parser.LagartoBasedHtmlParser
2026-09-11 10:27:46,265 INFO o.a.j.p.h.s.HTTPSamplerBase: Parser for text/xml is org.apache.jmeter.protocol.http.parser.LagartoBasedHtmlParser
2026-09-11 10:27:46,265 INFO o.a.j.p.h.s.HTTPSamplerBase: Parser for text/vnd.wap.wml is org.apache.jmeter.protocol.http.parser.RegexpHTMLParser
2026-09-11 10:27:46,265 INFO o.a.j.p.h.s.HTTPSamplerBase: Parser for text/css is org.apache.jmeter.protocol.http.parser.CssParser
2026-09-11 10:27:46,558 INFO o.a.j.s.SampleResult: Note: Sample TimeStamps are START times
2026-09-11 10:27:46,558 INFO o.a.j.s.SampleResult: sampleresult.default.encoding is set to UTF-8
2026-09-11 10:27:46,559 INFO o.a.j.s.SampleResult: sampleresult.useNanoTime=true
2026-09-11 10:27:46,559 INFO o.a.j.s.SampleResult: sampleresult.nanoThreadSleep=5000
2026-09-11 10:27:47,067 INFO o.a.j.s.FileServer: Set new base='D:\Desktop'
2026-09-11 10:27:50,744 INFO o.a.j.u.JMeterUtils: Setting Locale to zh_CN
2026-09-11 10:27:52,060 WARN o.a.j.g.t.JMeterTreeNode: getIcon(): Can't obtain GUI class from class org.apache.jmeter.config.CSVDataSet
2026-09-11 10:27:52,072 WARN o.a.j.g.t.JMeterTreeNode: getIcon(): Can't obtain GUI class from class org.apache.jmeter.config.CSVDataSet
2026-09-11 10:27:54,220 WARN o.a.j.g.t.JMeterTreeNode: getIcon(): Can't obtain GUI class from class org.apache.jmeter.config.CSVDataSet
2026-09-11 10:27:56,931 WARN o.a.j.g.t.JMeterTreeNode: getIcon(): Can't obtain GUI class from class org.apache.jmeter.config.CSVDataSet
2026-09-11 10:27:57,379 WARN o.a.j.g.t.JMeterTreeNode: getIcon(): Can't obtain GUI class from class org.apache.jmeter.config.CSVDataSet
2026-09-11 10:27:57,427 WARN o.a.j.g.t.JMeterTreeNode: getIcon(): Can't obtain GUI class from class org.apache.jmeter.config.CSVDataSet
2026-09-11 10:28:26,327 WARN o.a.j.g.t.JMeterTreeNode: getIcon(): Can't obtain GUI class from class org.apache.jmeter.config.CSVDataSet
2026-09-11 10:28:28,363 WARN o.a.j.g.t.JMeterTreeNode: getIcon(): Can't obtain GUI class from class org.apache.jmeter.config.CSVDataSet
2026-09-11 10:28:40,454 WARN o.a.j.g.t.JMeterTreeNode: getIcon(): Can't obtain GUI class from class org.apache.jmeter.config.CSVDataSet
2026-09-11 10:28:40,530 WARN o.a.j.g.t.JMeterTreeNode: getIcon(): Can't obtain GUI class from class org.apache.jmeter.config.CSVDataSet
2026-09-11 10:28:41,502 INFO o.a.j.e.StandardJMeterEngine: Running the test!
2026-09-11 10:28:41,502 INFO o.a.j.s.SampleEvent: List of sample_variables: []
2026-09-11 10:28:41,503 INFO o.a.j.s.SampleEvent: List of sample_variables: []
2026-09-11 10:28:41,504 INFO o.a.j.e.u.CompoundVariable: Note: Function class names must contain the string: '.functions.'
2026-09-11 10:28:41,505 INFO o.a.j.e.u.CompoundVariable: Note: Function class names must not contain the string: '.gui.'
2026-09-11 10:28:41,541 INFO o.a.j.g.u.JMeterMenuBar: setRunning(true, *local*)
2026-09-11 10:28:41,580 INFO o.a.j.e.StandardJMeterEngine: Starting ThreadGroup: 1 : Thread Group
2026-09-11 10:28:41,580 INFO o.a.j.e.StandardJMeterEngine: Starting 100 threads for group Thread Group.
2026-09-11 10:28:41,580 INFO o.a.j.e.StandardJMeterEngine: Thread will continue on error
2026-09-11 10:28:41,580 INFO o.a.j.t.ThreadGroup: Starting thread group... number=1 threads=100 ramp-up=0 delayedStart=false
2026-09-11 10:28:41,583 INFO o.a.j.t.JMeterThread: Thread started: Thread Group 1-1
2026-09-11 10:28:41,583 INFO o.a.j.t.JMeterThread: Thread started: Thread Group 1-2
2026-09-11 10:28:41,584 INFO o.a.j.t.JMeterThread: Thread started: Thread Group 1-3
2026-09-11 10:28:41,584 INFO o.a.j.t.JMeterThread: Thread started: Thread Group 1-4
2026-09-11 10:28:41,584 INFO o.a.j.t.JMeterThread: Thread started: Thread Group 1-5
2026-09-11 10:28:41,588 INFO o.a.j.t.JMeterThread: Thread started: Thread Group 1-8
2026-09-11 10:28:41,589 INFO o.a.j.t.JMeterThread: Thread started: Thread Group 1-10
2026-09-11 10:28:41,587 INFO o.a.j.t.JMeterThread: Thread started: Thread Group 1-6
2026-09-11 10:28:41,589 INFO o.a.j.t.JMeterThread: Thread started: Thread Group 1-7
2026-09-11 10:28:41,589 INFO o.a.j.t.JMeterThread: Thread started: Thread Group 1-9
2026-09-11 10:28:41,589 INFO o.a.j.t.JMeterThread: Thread started: Thread Group 1-12
2026-09-11 10:28:41,589 INFO o.a.j.t.JMeterThread: Thread started: Thread Group 1-11
2026-09-11 10:28:41,591 INFO o.a.j.t.JMeterThread: Thread started: Thread Group 1-13
2026-09-11 10:28:41,591 INFO o.a.j.t.JMeterThread: Thread started: Thread Group 1-14
2026-09-11 10:28:41,591 INFO o.a.j.t.JMeterThread: Thread started: Thread Group 1-15
2026-09-11 10:28:41,591 INFO o.a.j.t.JMeterThread: Thread started: Thread Group 1-16
2026-09-11 10:28:41,592 INFO o.a.j.t.JMeterThread: Thread started: Thread Group 1-17
2026-09-11 10:28:41,592 INFO o.a.j.t.JMeterThread: Thread started: Thread Group 1-18
2026-09-11 10:28:41,592 INFO o.a.j.t.JMeterThread: Thread started: Thread Group 1-19
2026-09-11 10:28:41,592 INFO o.a.j.t.JMeterThread: Thread started: Thread Group 1-20
2026-09-11 10:28:41,593 INFO o.a.j.t.JMeterThread: Thread started: Thread Group 1-21
2026-09-11 10:28:41,593 INFO o.a.j.t.JMeterThread: Thread started: Thread Group 1-22
2026-09-11 10:28:41,594 INFO o.a.j.t.JMeterThread: Thread started: Thread Group 1-23
2026-09-11 10:28:41,595 INFO o.a.j.t.JMeterThread: Thread started: Thread Group 1-24
2026-09-11 10:28:41,595 INFO o.a.j.t.JMeterThread: Thread started: Thread Group 1-25
2026-09-11 10:28:41,595 INFO o.a.j.t.JMeterThread: Thread started: Thread Group 1-27
2026-09-11 10:28:41,595 INFO o.a.j.t.JMeterThread: Thread started: Thread Group 1-26
2026-09-11 10:28:41,596 INFO o.a.j.t.JMeterThread: Thread started: Thread Group 1-28
2026-09-11 10:28:41,596 INFO o.a.j.t.JMeterThread: Thread started: Thread Group 1-29
2026-09-11 10:28:41,597 INFO o.a.j.t.JMeterThread: Thread started: Thread Group 1-30
2026-09-11 10:28:41,597 INFO o.a.j.t.JMeterThread: Thread started: Thread Group 1-31
2026-09-11 10:28:41,598 INFO o.a.j.t.JMeterThread: Thread started: Thread Group 1-32
2026-09-11 10:28:41,599 INFO o.a.j.t.JMeterThread: Thread started: Thread Group 1-33
2026-09-11 10:28:41,599 INFO o.a.j.t.JMeterThread: Thread started: Thread Group 1-34
2026-09-11 10:28:41,599 INFO o.a.j.t.JMeterThread: Thread started: Thread Group 1-35
2026-09-11 10:28:41,599 INFO o.a.j.t.JMeterThread: Thread started: Thread Group 1-36
2026-09-11 10:28:41,599 INFO o.a.j.t.JMeterThread: Thread started: Thread Group 1-37
2026-09-11 10:28:41,600 INFO o.a.j.t.JMeterThread: Thread started: Thread Group 1-38
2026-09-11 10:28:41,601 INFO o.a.j.p.h.s.HTTPHCAbstractImpl: Local host = wudongxu
2026-09-11 10:28:41,601 INFO o.a.j.t.JMeterThread: Thread started: Thread Group 1-40
2026-09-11 10:28:41,601 INFO o.a.j.t.JMeterThread: Thread started: Thread Group 1-39
2026-09-11 10:28:41,601 INFO o.a.j.t.JMeterThread: Thread started: Thread Group 1-41
2026-09-11 10:28:41,602 INFO o.a.j.t.JMeterThread: Thread started: Thread Group 1-42
2026-09-11 10:28:41,602 INFO o.a.j.t.JMeterThread: Thread started: Thread Group 1-43
2026-09-11 10:28:41,603 INFO o.a.j.t.JMeterThread: Thread started: Thread Group 1-44
2026-09-11 10:28:41,603 INFO o.a.j.t.JMeterThread: Thread started: Thread Group 1-45
2026-09-11 10:28:41,603 INFO o.a.j.t.JMeterThread: Thread started: Thread Group 1-46
2026-09-11 10:28:41,604 INFO o.a.j.t.JMeterThread: Thread started: Thread Group 1-47
2026-09-11 10:28:41,604 INFO o.a.j.t.JMeterThread: Thread started: Thread Group 1-48
2026-09-11 10:28:41,605 INFO o.a.j.t.JMeterThread: Thread started: Thread Group 1-49
2026-09-11 10:28:41,605 INFO o.a.j.t.JMeterThread: Thread started: Thread Group 1-50
2026-09-11 10:28:41,605 INFO o.a.j.t.JMeterThread: Thread started: Thread Group 1-51
2026-09-11 10:28:41,606 INFO o.a.j.t.JMeterThread: Thread started: Thread Group 1-52
2026-09-11 10:28:41,606 INFO o.a.j.t.JMeterThread: Thread started: Thread Group 1-53
2026-09-11 10:28:41,607 INFO o.a.j.t.JMeterThread: Thread started: Thread Group 1-54
2026-09-11 10:28:41,607 INFO o.a.j.t.JMeterThread: Thread started: Thread Group 1-55
2026-09-11 10:28:41,607 INFO o.a.j.t.JMeterThread: Thread started: Thread Group 1-56
2026-09-11 10:28:41,607 INFO o.a.j.t.JMeterThread: Thread started: Thread Group 1-57
2026-09-11 10:28:41,608 INFO o.a.j.t.JMeterThread: Thread started: Thread Group 1-58
2026-09-11 10:28:41,609 INFO o.a.j.t.JMeterThread: Thread started: Thread Group 1-59
2026-09-11 10:28:41,609 INFO o.a.j.t.JMeterThread: Thread started: Thread Group 1-60
2026-09-11 10:28:41,609 INFO o.a.j.t.JMeterThread: Thread started: Thread Group 1-61
2026-09-11 10:28:41,610 INFO o.a.j.t.JMeterThread: Thread started: Thread Group 1-62
2026-09-11 10:28:41,610 INFO o.a.j.t.JMeterThread: Thread started: Thread Group 1-63
2026-09-11 10:28:41,611 INFO o.a.j.t.JMeterThread: Thread started: Thread Group 1-64
2026-09-11 10:28:41,611 INFO o.a.j.t.JMeterThread: Thread started: Thread Group 1-65
2026-09-11 10:28:41,611 INFO o.a.j.t.JMeterThread: Thread started: Thread Group 1-66
2026-09-11 10:28:41,612 INFO o.a.j.t.JMeterThread: Thread started: Thread Group 1-67
2026-09-11 10:28:41,612 INFO o.a.j.t.JMeterThread: Thread started: Thread Group 1-68
2026-09-11 10:28:41,612 INFO o.a.j.t.JMeterThread: Thread started: Thread Group 1-69
2026-09-11 10:28:41,613 INFO o.a.j.t.JMeterThread: Thread started: Thread Group 1-70
2026-09-11 10:28:41,613 INFO o.a.j.t.JMeterThread: Thread started: Thread Group 1-71
2026-09-11 10:28:41,614 INFO o.a.j.t.JMeterThread: Thread started: Thread Group 1-72
2026-09-11 10:28:41,614 INFO o.a.j.t.JMeterThread: Thread started: Thread Group 1-73
2026-09-11 10:28:41,614 INFO o.a.j.t.JMeterThread: Thread started: Thread Group 1-74
2026-09-11 10:28:41,615 INFO o.a.j.t.JMeterThread: Thread started: Thread Group 1-75
2026-09-11 10:28:41,615 INFO o.a.j.t.JMeterThread: Thread started: Thread Group 1-76
2026-09-11 10:28:41,616 INFO o.a.j.t.JMeterThread: Thread started: Thread Group 1-77
2026-09-11 10:28:41,616 INFO o.a.j.t.JMeterThread: Thread started: Thread Group 1-78
2026-09-11 10:28:41,616 INFO o.a.j.t.JMeterThread: Thread started: Thread Group 1-79
2026-09-11 10:28:41,617 INFO o.a.j.t.JMeterThread: Thread started: Thread Group 1-80
2026-09-11 10:28:41,617 INFO o.a.j.t.JMeterThread: Thread started: Thread Group 1-81
2026-09-11 10:28:41,618 INFO o.a.j.t.JMeterThread: Thread started: Thread Group 1-82
2026-09-11 10:28:41,618 INFO o.a.j.t.JMeterThread: Thread started: Thread Group 1-85
2026-09-11 10:28:41,618 INFO o.a.j.t.JMeterThread: Thread started: Thread Group 1-86
2026-09-11 10:28:41,619 INFO o.a.j.t.JMeterThread: Thread started: Thread Group 1-83
2026-09-11 10:28:41,619 INFO o.a.j.t.JMeterThread: Thread started: Thread Group 1-87
2026-09-11 10:28:41,619 INFO o.a.j.t.JMeterThread: Thread started: Thread Group 1-84
2026-09-11 10:28:41,619 INFO o.a.j.t.JMeterThread: Thread started: Thread Group 1-88
2026-09-11 10:28:41,619 INFO o.a.j.t.JMeterThread: Thread started: Thread Group 1-89
2026-09-11 10:28:41,620 INFO o.a.j.t.JMeterThread: Thread started: Thread Group 1-90
2026-09-11 10:28:41,620 INFO o.a.j.t.JMeterThread: Thread started: Thread Group 1-91
2026-09-11 10:28:41,620 INFO o.a.j.t.JMeterThread: Thread started: Thread Group 1-92
2026-09-11 10:28:41,621 INFO o.a.j.t.JMeterThread: Thread started: Thread Group 1-93
2026-09-11 10:28:41,621 INFO o.a.j.t.JMeterThread: Thread started: Thread Group 1-94
2026-09-11 10:28:41,621 INFO o.a.j.t.JMeterThread: Thread started: Thread Group 1-95
2026-09-11 10:28:41,622 INFO o.a.j.t.JMeterThread: Thread started: Thread Group 1-96
2026-09-11 10:28:41,622 INFO o.a.j.t.JMeterThread: Thread started: Thread Group 1-97
2026-09-11 10:28:41,623 INFO o.a.j.t.JMeterThread: Thread started: Thread Group 1-98
2026-09-11 10:28:41,623 INFO o.a.j.t.ThreadGroup: Started thread group number 1
2026-09-11 10:28:41,623 INFO o.a.j.t.JMeterThread: Thread started: Thread Group 1-99
2026-09-11 10:28:41,623 INFO o.a.j.e.StandardJMeterEngine: Starting ThreadGroup: 2 : 多用户下单
2026-09-11 10:28:41,623 INFO o.a.j.t.JMeterThread: Thread started: Thread Group 1-100
2026-09-11 10:28:41,623 INFO o.a.j.e.StandardJMeterEngine: Starting 100 threads for group 多用户下单.
2026-09-11 10:28:41,623 INFO o.a.j.p.h.s.HTTPHC4Impl: HTTP request retry count = 0
2026-09-11 10:28:41,624 INFO o.a.j.e.StandardJMeterEngine: Thread will continue on error
2026-09-11 10:28:41,624 INFO o.a.j.t.ThreadGroup: Starting thread group... number=2 threads=100 ramp-up=0 delayedStart=false
2026-09-11 10:28:41,632 INFO o.a.j.t.JMeterThread: Thread started: 多用户下单 2-16
2026-09-11 10:28:41,632 INFO o.a.j.t.JMeterThread: Thread started: 多用户下单 2-3
2026-09-11 10:28:41,632 INFO o.a.j.t.JMeterThread: Thread started: 多用户下单 2-17
2026-09-11 10:28:41,633 INFO o.a.j.t.JMeterThread: Thread started: 多用户下单 2-4
2026-09-11 10:28:41,633 INFO o.a.j.s.FileServer: Stored: D:\Desktop\tokens.txt
2026-09-11 10:28:41,633 INFO o.a.j.t.JMeterThread: Thread started: 多用户下单 2-2
2026-09-11 10:28:41,634 INFO o.a.j.t.JMeterThread: Thread started: 多用户下单 2-1
2026-09-11 10:28:41,634 INFO o.a.j.t.JMeterThread: Thread started: 多用户下单 2-19
2026-09-11 10:28:41,634 INFO o.a.j.t.JMeterThread: Thread started: 多用户下单 2-12
2026-09-11 10:28:41,634 INFO o.a.j.t.JMeterThread: Thread started: 多用户下单 2-15
2026-09-11 10:28:41,634 INFO o.a.j.t.JMeterThread: Thread started: 多用户下单 2-10
2026-09-11 10:28:41,634 INFO o.a.j.t.JMeterThread: Thread started: 多用户下单 2-13
2026-09-11 10:28:41,634 INFO o.a.j.t.JMeterThread: Thread started: 多用户下单 2-11
2026-09-11 10:28:41,634 INFO o.a.j.t.JMeterThread: Thread started: 多用户下单 2-14
2026-09-11 10:28:41,634 INFO o.a.j.t.JMeterThread: Thread started: 多用户下单 2-6
2026-09-11 10:28:41,634 INFO o.a.j.t.JMeterThread: Thread started: 多用户下单 2-9
2026-09-11 10:28:41,634 INFO o.a.j.t.JMeterThread: Thread started: 多用户下单 2-18
2026-09-11 10:28:41,635 INFO o.a.j.t.JMeterThread: Thread started: 多用户下单 2-8
2026-09-11 10:28:41,636 INFO o.a.j.t.JMeterThread: Thread started: 多用户下单 2-23
2026-09-11 10:28:41,636 INFO o.a.j.t.JMeterThread: Thread started: 多用户下单 2-20
2026-09-11 10:28:41,636 INFO o.a.j.t.JMeterThread: Thread started: 多用户下单 2-7
2026-09-11 10:28:41,636 INFO o.a.j.t.JMeterThread: Thread started: 多用户下单 2-5
2026-09-11 10:28:41,636 INFO o.a.j.t.JMeterThread: Thread started: 多用户下单 2-24
2026-09-11 10:28:41,636 INFO o.a.j.t.JMeterThread: Thread started: 多用户下单 2-22
2026-09-11 10:28:41,637 INFO o.a.j.t.JMeterThread: Thread started: 多用户下单 2-21
2026-09-11 10:28:41,637 INFO o.a.j.t.JMeterThread: Thread started: 多用户下单 2-25
2026-09-11 10:28:41,637 INFO o.a.j.t.JMeterThread: Thread started: 多用户下单 2-26
2026-09-11 10:28:41,638 INFO o.a.j.t.JMeterThread: Thread started: 多用户下单 2-27
2026-09-11 10:28:41,638 INFO o.a.j.t.JMeterThread: Thread started: 多用户下单 2-28
2026-09-11 10:28:41,639 INFO o.a.j.t.JMeterThread: Thread started: 多用户下单 2-29
2026-09-11 10:28:41,639 INFO o.a.j.t.JMeterThread: Thread started: 多用户下单 2-30
2026-09-11 10:28:41,640 INFO o.a.j.t.JMeterThread: Thread started: 多用户下单 2-31
2026-09-11 10:28:41,640 INFO o.a.j.t.JMeterThread: Thread started: 多用户下单 2-32
2026-09-11 10:28:41,640 INFO o.a.j.t.JMeterThread: Thread started: 多用户下单 2-33
2026-09-11 10:28:41,641 INFO o.a.j.t.JMeterThread: Thread started: 多用户下单 2-34
2026-09-11 10:28:41,642 INFO o.a.j.t.JMeterThread: Thread started: 多用户下单 2-35
2026-09-11 10:28:41,643 INFO o.a.j.t.JMeterThread: Thread started: 多用户下单 2-36
2026-09-11 10:28:41,643 INFO o.a.j.t.JMeterThread: Thread started: 多用户下单 2-37
2026-09-11 10:28:41,643 INFO o.a.j.t.JMeterThread: Thread started: 多用户下单 2-38
2026-09-11 10:28:41,644 INFO o.a.j.t.JMeterThread: Thread started: 多用户下单 2-39
2026-09-11 10:28:41,644 INFO o.a.j.t.JMeterThread: Thread started: 多用户下单 2-40
2026-09-11 10:28:41,645 INFO o.a.j.t.JMeterThread: Thread started: 多用户下单 2-41
2026-09-11 10:28:41,645 INFO o.a.j.t.JMeterThread: Thread started: 多用户下单 2-42
2026-09-11 10:28:41,645 INFO o.a.j.t.JMeterThread: Thread started: 多用户下单 2-43
2026-09-11 10:28:41,646 INFO o.a.j.t.JMeterThread: Thread started: 多用户下单 2-44
2026-09-11 10:28:41,646 INFO o.a.j.t.JMeterThread: Thread started: 多用户下单 2-45
2026-09-11 10:28:41,646 INFO o.a.j.t.JMeterThread: Thread started: 多用户下单 2-46
2026-09-11 10:28:41,647 INFO o.a.j.t.JMeterThread: Thread started: 多用户下单 2-47
2026-09-11 10:28:41,648 INFO o.a.j.t.JMeterThread: Thread started: 多用户下单 2-48
2026-09-11 10:28:41,648 INFO o.a.j.t.JMeterThread: Thread started: 多用户下单 2-49
2026-09-11 10:28:41,648 INFO o.a.j.t.JMeterThread: Thread started: 多用户下单 2-50
2026-09-11 10:28:41,648 INFO o.a.j.t.JMeterThread: Thread started: 多用户下单 2-51
2026-09-11 10:28:41,649 INFO o.a.j.t.JMeterThread: Thread started: 多用户下单 2-52
2026-09-11 10:28:41,649 INFO o.a.j.t.JMeterThread: Thread started: 多用户下单 2-53
2026-09-11 10:28:41,650 INFO o.a.j.t.JMeterThread: Thread started: 多用户下单 2-54
2026-09-11 10:28:41,650 INFO o.a.j.t.JMeterThread: Thread started: 多用户下单 2-55
2026-09-11 10:28:41,651 INFO o.a.j.t.JMeterThread: Thread started: 多用户下单 2-56
2026-09-11 10:28:41,652 INFO o.a.j.t.JMeterThread: Thread started: 多用户下单 2-57
2026-09-11 10:28:41,652 INFO o.a.j.t.JMeterThread: Thread started: 多用户下单 2-58
2026-09-11 10:28:41,652 INFO o.a.j.t.JMeterThread: Thread started: 多用户下单 2-59
2026-09-11 10:28:41,653 INFO o.a.j.t.JMeterThread: Thread started: 多用户下单 2-60
2026-09-11 10:28:41,653 INFO o.a.j.t.JMeterThread: Thread started: 多用户下单 2-61
2026-09-11 10:28:41,653 INFO o.a.j.t.JMeterThread: Thread started: 多用户下单 2-62
2026-09-11 10:28:41,654 INFO o.a.j.t.JMeterThread: Thread started: 多用户下单 2-63
2026-09-11 10:28:41,654 INFO o.a.j.t.JMeterThread: Thread started: 多用户下单 2-64
2026-09-11 10:28:41,654 INFO o.a.j.t.JMeterThread: Thread started: 多用户下单 2-65
2026-09-11 10:28:41,654 INFO o.a.j.t.JMeterThread: Thread started: 多用户下单 2-66
2026-09-11 10:28:41,655 INFO o.a.j.t.JMeterThread: Thread started: 多用户下单 2-67
2026-09-11 10:28:41,656 INFO o.a.j.t.JMeterThread: Thread started: 多用户下单 2-68
2026-09-11 10:28:41,656 INFO o.a.j.t.JMeterThread: Thread started: 多用户下单 2-69
2026-09-11 10:28:41,657 INFO o.a.j.t.JMeterThread: Thread started: 多用户下单 2-70
2026-09-11 10:28:41,657 INFO o.a.j.t.JMeterThread: Thread started: 多用户下单 2-71
2026-09-11 10:28:41,657 INFO o.a.j.t.JMeterThread: Thread started: 多用户下单 2-72
2026-09-11 10:28:41,657 INFO o.a.j.t.JMeterThread: Thread started: 多用户下单 2-73
2026-09-11 10:28:41,658 INFO o.a.j.t.JMeterThread: Thread started: 多用户下单 2-74
2026-09-11 10:28:41,659 INFO o.a.j.t.JMeterThread: Thread started: 多用户下单 2-75
2026-09-11 10:28:41,659 INFO o.a.j.t.JMeterThread: Thread started: 多用户下单 2-76
2026-09-11 10:28:41,660 INFO o.a.j.t.JMeterThread: Thread started: 多用户下单 2-77
2026-09-11 10:28:41,660 INFO o.a.j.t.JMeterThread: Thread started: 多用户下单 2-78
2026-09-11 10:28:41,660 INFO o.a.j.t.JMeterThread: Thread started: 多用户下单 2-79
2026-09-11 10:28:41,660 INFO o.a.j.t.JMeterThread: Thread started: 多用户下单 2-80
2026-09-11 10:28:41,661 INFO o.a.j.t.JMeterThread: Thread started: 多用户下单 2-81
2026-09-11 10:28:41,662 INFO o.a.j.t.JMeterThread: Thread started: 多用户下单 2-82
2026-09-11 10:28:41,662 INFO o.a.j.t.JMeterThread: Thread started: 多用户下单 2-83
2026-09-11 10:28:41,662 INFO o.a.j.t.JMeterThread: Thread started: 多用户下单 2-84
2026-09-11 10:28:41,663 INFO o.a.j.t.JMeterThread: Thread started: 多用户下单 2-85
2026-09-11 10:28:41,663 INFO o.a.j.t.JMeterThread: Thread started: 多用户下单 2-86
2026-09-11 10:28:41,663 INFO o.a.j.t.JMeterThread: Thread started: 多用户下单 2-87
2026-09-11 10:28:41,664 INFO o.a.j.t.JMeterThread: Thread started: 多用户下单 2-88
2026-09-11 10:28:41,665 INFO o.a.j.t.JMeterThread: Thread started: 多用户下单 2-89
2026-09-11 10:28:41,665 INFO o.a.j.t.JMeterThread: Thread started: 多用户下单 2-90
2026-09-11 10:28:41,666 INFO o.a.j.t.JMeterThread: Thread started: 多用户下单 2-91
2026-09-11 10:28:41,666 INFO o.a.j.t.JMeterThread: Thread started: 多用户下单 2-92
2026-09-11 10:28:41,667 INFO o.a.j.t.JMeterThread: Thread started: 多用户下单 2-93
2026-09-11 10:28:41,667 INFO o.a.j.t.JMeterThread: Thread started: 多用户下单 2-94
2026-09-11 10:28:41,667 INFO o.a.j.t.JMeterThread: Thread started: 多用户下单 2-95
2026-09-11 10:28:41,668 INFO o.a.j.t.JMeterThread: Thread started: 多用户下单 2-96
2026-09-11 10:28:41,668 INFO o.a.j.t.JMeterThread: Thread started: 多用户下单 2-97
2026-09-11 10:28:41,668 INFO o.a.j.t.JMeterThread: Thread started: 多用户下单 2-98
2026-09-11 10:28:41,669 INFO o.a.j.t.ThreadGroup: Started thread group number 2
2026-09-11 10:28:41,669 INFO o.a.j.e.StandardJMeterEngine: All thread groups have been started
2026-09-11 10:28:41,669 INFO o.a.j.t.JMeterThread: Thread started: 多用户下单 2-99
2026-09-11 10:28:41,670 INFO o.a.j.t.JMeterThread: Thread started: 多用户下单 2-100
2026-09-11 10:28:42,293 INFO o.a.j.t.JMeterThread: Thread is done: Thread Group 1-77
2026-09-11 10:28:42,293 INFO o.a.j.t.JMeterThread: Thread is done: Thread Group 1-6
2026-09-11 10:28:42,293 INFO o.a.j.t.JMeterThread: Thread is done: Thread Group 1-12
2026-09-11 10:28:42,293 INFO o.a.j.t.JMeterThread: Thread is done: Thread Group 1-93
2026-09-11 10:28:42,293 INFO o.a.j.t.JMeterThread: Thread is done: 多用户下单 2-81
2026-09-11 10:28:42,293 INFO o.a.j.t.JMeterThread: Thread is done: 多用户下单 2-62
2026-09-11 10:28:42,293 INFO o.a.j.t.JMeterThread: Thread is done: Thread Group 1-35
2026-09-11 10:28:42,294 INFO o.a.j.t.JMeterThread: Thread is done: 多用户下单 2-61
2026-09-11 10:28:42,294 INFO o.a.j.t.JMeterThread: Thread is done: 多用户下单 2-26
2026-09-11 10:28:42,293 INFO o.a.j.t.JMeterThread: Thread is done: 多用户下单 2-32
2026-09-11 10:28:42,293 INFO o.a.j.t.JMeterThread: Thread is done: Thread Group 1-76
2026-09-11 10:28:42,293 INFO o.a.j.t.JMeterThread: Thread is done: 多用户下单 2-74
2026-09-11 10:28:42,294 INFO o.a.j.t.JMeterThread: Thread is done: Thread Group 1-20
2026-09-11 10:28:42,293 INFO o.a.j.t.JMeterThread: Thread is done: Thread Group 1-3
2026-09-11 10:28:42,294 INFO o.a.j.t.JMeterThread: Thread is done: Thread Group 1-23
2026-09-11 10:28:42,294 INFO o.a.j.t.JMeterThread: Thread is done: 多用户下单 2-68
2026-09-11 10:28:42,293 INFO o.a.j.t.JMeterThread: Thread is done: 多用户下单 2-29
2026-09-11 10:28:42,294 INFO o.a.j.t.JMeterThread: Thread is done: 多用户下单 2-2
2026-09-11 10:28:42,293 INFO o.a.j.t.JMeterThread: Thread is done: 多用户下单 2-97
2026-09-11 10:28:42,293 INFO o.a.j.t.JMeterThread: Thread is done: Thread Group 1-41
2026-09-11 10:28:42,293 INFO o.a.j.t.JMeterThread: Thread is done: 多用户下单 2-53
2026-09-11 10:28:42,293 INFO o.a.j.t.JMeterThread: Thread is done: 多用户下单 2-17
2026-09-11 10:28:42,294 INFO o.a.j.t.JMeterThread: Thread is done: 多用户下单 2-6
2026-09-11 10:28:42,294 INFO o.a.j.t.JMeterThread: Thread is done: Thread Group 1-11
2026-09-11 10:28:42,294 INFO o.a.j.t.JMeterThread: Thread finished: 多用户下单 2-53
2026-09-11 10:28:42,294 INFO o.a.j.t.JMeterThread: Thread is done: Thread Group 1-22
2026-09-11 10:28:42,294 INFO o.a.j.t.JMeterThread: Thread is done: 多用户下单 2-64
2026-09-11 10:28:42,294 INFO o.a.j.t.JMeterThread: Thread finished: Thread Group 1-41
2026-09-11 10:28:42,294 INFO o.a.j.t.JMeterThread: Thread finished: Thread Group 1-22
2026-09-11 10:28:42,294 INFO o.a.j.t.JMeterThread: Thread is done: Thread Group 1-38
2026-09-11 10:28:42,294 INFO o.a.j.t.JMeterThread: Thread is done: Thread Group 1-92
2026-09-11 10:28:42,294 INFO o.a.j.t.JMeterThread: Thread is done: Thread Group 1-68
2026-09-11 10:28:42,295 INFO o.a.j.t.JMeterThread: Thread is done: Thread Group 1-51
2026-09-11 10:28:42,295 INFO o.a.j.t.JMeterThread: Thread is done: 多用户下单 2-1
2026-09-11 10:28:42,294 INFO o.a.j.t.JMeterThread: Thread finished: Thread Group 1-23
2026-09-11 10:28:42,295 INFO o.a.j.t.JMeterThread: Thread is done: Thread Group 1-49
2026-09-11 10:28:42,294 INFO o.a.j.t.JMeterThread: Thread is done: Thread Group 1-19
2026-09-11 10:28:42,295 INFO o.a.j.t.JMeterThread: Thread is done: Thread Group 1-91
2026-09-11 10:28:42,294 INFO o.a.j.t.JMeterThread: Thread finished: 多用户下单 2-74
2026-09-11 10:28:42,295 INFO o.a.j.t.JMeterThread: Thread is done: Thread Group 1-21
2026-09-11 10:28:42,295 INFO o.a.j.t.JMeterThread: Thread finished: Thread Group 1-49
2026-09-11 10:28:42,295 INFO o.a.j.t.JMeterThread: Thread is done: 多用户下单 2-47
2026-09-11 10:28:42,295 INFO o.a.j.t.JMeterThread: Thread is done: Thread Group 1-97
2026-09-11 10:28:42,295 INFO o.a.j.t.JMeterThread: Thread is done: Thread Group 1-46
2026-09-11 10:28:42,294 INFO o.a.j.t.JMeterThread: Thread is done: Thread Group 1-37
2026-09-11 10:28:42,295 INFO o.a.j.t.JMeterThread: Thread is done: 多用户下单 2-12
2026-09-11 10:28:42,295 INFO o.a.j.t.JMeterThread: Thread is done: 多用户下单 2-88
2026-09-11 10:28:42,295 INFO o.a.j.t.JMeterThread: Thread is done: 多用户下单 2-60
2026-09-11 10:28:42,295 INFO o.a.j.t.JMeterThread: Thread is done: Thread Group 1-61
2026-09-11 10:28:42,294 INFO o.a.j.t.JMeterThread: Thread finished: Thread Group 1-76
2026-09-11 10:28:42,295 INFO o.a.j.t.JMeterThread: Thread is done: 多用户下单 2-71
2026-09-11 10:28:42,295 INFO o.a.j.t.JMeterThread: Thread is done: Thread Group 1-45
2026-09-11 10:28:42,295 INFO o.a.j.t.JMeterThread: Thread is done: Thread Group 1-8
2026-09-11 10:28:42,295 INFO o.a.j.t.JMeterThread: Thread is done: Thread Group 1-42
2026-09-11 10:28:42,295 INFO o.a.j.t.JMeterThread: Thread is done: 多用户下单 2-49
2026-09-11 10:28:42,294 INFO o.a.j.t.JMeterThread: Thread is done: 多用户下单 2-93
2026-09-11 10:28:42,295 INFO o.a.j.t.JMeterThread: Thread finished: Thread Group 1-8
2026-09-11 10:28:42,295 INFO o.a.j.t.JMeterThread: Thread is done: Thread Group 1-60
2026-09-11 10:28:42,295 INFO o.a.j.t.JMeterThread: Thread is done: 多用户下单 2-98
2026-09-11 10:28:42,295 INFO o.a.j.t.JMeterThread: Thread finished: 多用户下单 2-49
2026-09-11 10:28:42,295 INFO o.a.j.t.JMeterThread: Thread is done: Thread Group 1-65
2026-09-11 10:28:42,294 INFO o.a.j.t.JMeterThread: Thread finished: 多用户下单 2-32
2026-09-11 10:28:42,295 INFO o.a.j.t.JMeterThread: Thread finished: Thread Group 1-3
2026-09-11 10:28:42,294 INFO o.a.j.t.JMeterThread: Thread is done: Thread Group 1-95
2026-09-11 10:28:42,295 INFO o.a.j.t.JMeterThread: Thread finished: Thread Group 1-20
2026-09-11 10:28:42,295 INFO o.a.j.t.JMeterThread: Thread is done: Thread Group 1-98
2026-09-11 10:28:42,295 INFO o.a.j.t.JMeterThread: Thread finished: Thread Group 1-65
2026-09-11 10:28:42,295 INFO o.a.j.t.JMeterThread: Thread is done: Thread Group 1-25
2026-09-11 10:28:42,295 INFO o.a.j.t.JMeterThread: Thread is done: 多用户下单 2-10
2026-09-11 10:28:42,295 INFO o.a.j.t.JMeterThread: Thread is done: Thread Group 1-90
2026-09-11 10:28:42,294 INFO o.a.j.t.JMeterThread: Thread is done: 多用户下单 2-34
2026-09-11 10:28:42,295 INFO o.a.j.t.JMeterThread: Thread is done: Thread Group 1-2
2026-09-11 10:28:42,294 INFO o.a.j.t.JMeterThread: Thread is done: Thread Group 1-85
2026-09-11 10:28:42,294 INFO o.a.j.t.JMeterThread: Thread finished: 多用户下单 2-62
2026-09-11 10:28:42,296 INFO o.a.j.t.JMeterThread: Thread finished: Thread Group 1-2
2026-09-11 10:28:42,296 INFO o.a.j.t.JMeterThread: Thread is done: Thread Group 1-26
2026-09-11 10:28:42,294 INFO o.a.j.t.JMeterThread: Thread is done: 多用户下单 2-99
2026-09-11 10:28:42,296 INFO o.a.j.t.JMeterThread: Thread is done: Thread Group 1-88
2026-09-11 10:28:42,294 INFO o.a.j.t.JMeterThread: Thread finished: 多用户下单 2-61
2026-09-11 10:28:42,296 INFO o.a.j.t.JMeterThread: Thread is done: 多用户下单 2-40
2026-09-11 10:28:42,296 INFO o.a.j.t.JMeterThread: Thread finished: Thread Group 1-88
2026-09-11 10:28:42,294 INFO o.a.j.t.JMeterThread: Thread is done: Thread Group 1-15
2026-09-11 10:28:42,294 INFO o.a.j.t.JMeterThread: Thread is done: 多用户下单 2-21
2026-09-11 10:28:42,296 INFO o.a.j.t.JMeterThread: Thread is done: 多用户下单 2-75
2026-09-11 10:28:42,294 INFO o.a.j.t.JMeterThread: Thread is done: 多用户下单 2-84
2026-09-11 10:28:42,296 INFO o.a.j.t.JMeterThread: Thread is done: Thread Group 1-28
2026-09-11 10:28:42,296 INFO o.a.j.t.JMeterThread: Thread is done: Thread Group 1-67
2026-09-11 10:28:42,296 INFO o.a.j.t.JMeterThread: Thread is done: Thread Group 1-24
2026-09-11 10:28:42,294 INFO o.a.j.t.JMeterThread: Thread finished: Thread Group 1-93
2026-09-11 10:28:42,296 INFO o.a.j.t.JMeterThread: Thread finished: 多用户下单 2-84
2026-09-11 10:28:42,296 INFO o.a.j.t.JMeterThread: Thread is done: 多用户下单 2-77
2026-09-11 10:28:42,294 INFO o.a.j.t.JMeterThread: Thread is done: Thread Group 1-10
2026-09-11 10:28:42,294 INFO o.a.j.t.JMeterThread: Thread is done: Thread Group 1-54
2026-09-11 10:28:42,296 INFO o.a.j.t.JMeterThread: Thread finished: 多用户下单 2-77
2026-09-11 10:28:42,293 INFO o.a.j.t.JMeterThread: Thread is done: Thread Group 1-5
2026-09-11 10:28:42,296 INFO o.a.j.t.JMeterThread: Thread finished: Thread Group 1-54
2026-09-11 10:28:42,293 INFO o.a.j.t.JMeterThread: Thread is done: 多用户下单 2-9
2026-09-11 10:28:42,297 INFO o.a.j.t.JMeterThread: Thread is done: Thread Group 1-89
2026-09-11 10:28:42,297 INFO o.a.j.t.JMeterThread: Thread is done: Thread Group 1-9
2026-09-11 10:28:42,293 INFO o.a.j.t.JMeterThread: Thread is done: 多用户下单 2-58
2026-09-11 10:28:42,297 INFO o.a.j.t.JMeterThread: Thread is done: 多用户下单 2-43
2026-09-11 10:28:42,297 INFO o.a.j.t.JMeterThread: Thread is done: Thread Group 1-75
2026-09-11 10:28:42,293 INFO o.a.j.t.JMeterThread: Thread is done: Thread Group 1-4
2026-09-11 10:28:42,297 INFO o.a.j.t.JMeterThread: Thread finished: Thread Group 1-89
2026-09-11 10:28:42,297 INFO o.a.j.t.JMeterThread: Thread finished: 多用户下单 2-43
2026-09-11 10:28:42,297 INFO o.a.j.t.JMeterThread: Thread is done: 多用户下单 2-14
2026-09-11 10:28:42,293 INFO o.a.j.t.JMeterThread: Thread is done: Thread Group 1-13
2026-09-11 10:28:42,294 INFO o.a.j.t.JMeterThread: Thread is done: Thread Group 1-74
2026-09-11 10:28:42,294 INFO o.a.j.t.JMeterThread: Thread finished: Thread Group 1-77
2026-09-11 10:28:42,293 INFO o.a.j.t.JMeterThread: Thread is done: Thread Group 1-70
2026-09-11 10:28:42,293 INFO o.a.j.t.JMeterThread: Thread is done: 多用户下单 2-63
2026-09-11 10:28:42,297 INFO o.a.j.t.JMeterThread: Thread is done: 多用户下单 2-37
2026-09-11 10:28:42,297 INFO o.a.j.t.JMeterThread: Thread is done: 多用户下单 2-89
2026-09-11 10:28:42,297 INFO o.a.j.t.JMeterThread: Thread is done: 多用户下单 2-87
2026-09-11 10:28:42,293 INFO o.a.j.t.JMeterThread: Thread is done: 多用户下单 2-96
2026-09-11 10:28:42,298 INFO o.a.j.t.JMeterThread: Thread finished: 多用户下单 2-63
2026-09-11 10:28:42,294 INFO o.a.j.t.JMeterThread: Thread is done: Thread Group 1-64
2026-09-11 10:28:42,293 INFO o.a.j.t.JMeterThread: Thread is done: 多用户下单 2-65
2026-09-11 10:28:42,298 INFO o.a.j.t.JMeterThread: Thread is done: 多用户下单 2-27
2026-09-11 10:28:42,293 INFO o.a.j.t.JMeterThread: Thread is done: 多用户下单 2-33
2026-09-11 10:28:42,294 INFO o.a.j.t.JMeterThread: Thread is done: Thread Group 1-33
2026-09-11 10:28:42,298 INFO o.a.j.t.JMeterThread: Thread finished: 多用户下单 2-27
2026-09-11 10:28:42,298 INFO o.a.j.t.JMeterThread: Thread finished: 多用户下单 2-33
2026-09-11 10:28:42,294 INFO o.a.j.t.JMeterThread: Thread is done: 多用户下单 2-28
2026-09-11 10:28:42,293 INFO o.a.j.t.JMeterThread: Thread is done: Thread Group 1-17
2026-09-11 10:28:42,293 INFO o.a.j.t.JMeterThread: Thread is done: 多用户下单 2-90
2026-09-11 10:28:42,298 INFO o.a.j.t.JMeterThread: Thread finished: Thread Group 1-17
2026-09-11 10:28:42,293 INFO o.a.j.t.JMeterThread: Thread is done: Thread Group 1-14
2026-09-11 10:28:42,298 INFO o.a.j.t.JMeterThread: Thread finished: 多用户下单 2-90
2026-09-11 10:28:42,293 INFO o.a.j.t.JMeterThread: Thread is done: Thread Group 1-43
2026-09-11 10:28:42,293 INFO o.a.j.t.JMeterThread: Thread is done: Thread Group 1-57
2026-09-11 10:28:42,298 INFO o.a.j.t.JMeterThread: Thread finished: Thread Group 1-14
2026-09-11 10:28:42,293 INFO o.a.j.t.JMeterThread: Thread is done: Thread Group 1-79
2026-09-11 10:28:42,298 INFO o.a.j.t.JMeterThread: Thread finished: Thread Group 1-43
2026-09-11 10:28:42,293 INFO o.a.j.t.JMeterThread: Thread is done: 多用户下单 2-94
2026-09-11 10:28:42,298 INFO o.a.j.t.JMeterThread: Thread finished: Thread Group 1-79
2026-09-11 10:28:42,293 INFO o.a.j.t.JMeterThread: Thread is done: Thread Group 1-69
2026-09-11 10:28:42,293 INFO o.a.j.t.JMeterThread: Thread is done: 多用户下单 2-69
2026-09-11 10:28:42,293 INFO o.a.j.t.JMeterThread: Thread is done: 多用户下单 2-39
2026-09-11 10:28:42,293 INFO o.a.j.t.JMeterThread: Thread is done: 多用户下单 2-30
2026-09-11 10:28:42,293 INFO o.a.j.t.JMeterThread: Thread is done: 多用户下单 2-7
2026-09-11 10:28:42,299 INFO o.a.j.t.JMeterThread: Thread finished: 多用户下单 2-39
2026-09-11 10:28:42,299 INFO o.a.j.t.JMeterThread: Thread finished: 多用户下单 2-81
2026-09-11 10:28:42,299 INFO o.a.j.t.JMeterThread: Thread finished: 多用户下单 2-30
2026-09-11 10:28:42,299 INFO o.a.j.t.JMeterThread: Thread finished: Thread Group 1-12
2026-09-11 10:28:42,293 INFO o.a.j.t.JMeterThread: Thread is done: Thread Group 1-78
2026-09-11 10:28:42,299 INFO o.a.j.t.JMeterThread: Thread finished: Thread Group 1-6
2026-09-11 10:28:42,299 INFO o.a.j.t.JMeterThread: Thread finished: 多用户下单 2-69
2026-09-11 10:28:42,299 INFO o.a.j.t.JMeterThread: Thread finished: Thread Group 1-78
2026-09-11 10:28:42,298 INFO o.a.j.t.JMeterThread: Thread finished: 多用户下单 2-94
2026-09-11 10:28:42,300 INFO o.a.j.t.JMeterThread: Thread finished: 多用户下单 2-7
2026-09-11 10:28:42,298 INFO o.a.j.t.JMeterThread: Thread finished: Thread Group 1-57
2026-09-11 10:28:42,300 INFO o.a.j.t.JMeterThread: Thread finished: Thread Group 1-69
2026-09-11 10:28:42,298 INFO o.a.j.t.JMeterThread: Thread finished: 多用户下单 2-28
2026-09-11 10:28:42,298 INFO o.a.j.t.JMeterThread: Thread finished: Thread Group 1-35
2026-09-11 10:28:42,298 INFO o.a.j.t.JMeterThread: Thread finished: Thread Group 1-33
2026-09-11 10:28:42,298 INFO o.a.j.t.JMeterThread: Thread is done: 多用户下单 2-50
2026-09-11 10:28:42,298 INFO o.a.j.t.JMeterThread: Thread finished: Thread Group 1-74
2026-09-11 10:28:42,298 INFO o.a.j.t.JMeterThread: Thread finished: 多用户下单 2-87
2026-09-11 10:28:42,297 INFO o.a.j.t.JMeterThread: Thread finished: Thread Group 1-4
2026-09-11 10:28:42,298 INFO o.a.j.t.JMeterThread: Thread is done: 多用户下单 2-23
2026-09-11 10:28:42,300 INFO o.a.j.t.JMeterThread: Thread finished: 多用户下单 2-96
2026-09-11 10:28:42,298 INFO o.a.j.t.JMeterThread: Thread is done: 多用户下单 2-31
2026-09-11 10:28:42,298 INFO o.a.j.t.JMeterThread: Thread is done: 多用户下单 2-36
2026-09-11 10:28:42,298 INFO o.a.j.t.JMeterThread: Thread finished: 多用户下单 2-14
2026-09-11 10:28:42,300 INFO o.a.j.t.JMeterThread: Thread finished: 多用户下单 2-23
2026-09-11 10:28:42,297 INFO o.a.j.t.JMeterThread: Thread is done: 多用户下单 2-85
2026-09-11 10:28:42,297 INFO o.a.j.t.JMeterThread: Thread is done: 多用户下单 2-55
2026-09-11 10:28:42,297 INFO o.a.j.t.JMeterThread: Thread is done: 多用户下单 2-56
2026-09-11 10:28:42,301 INFO o.a.j.t.JMeterThread: Thread finished: 多用户下单 2-85
2026-09-11 10:28:42,301 INFO o.a.j.t.JMeterThread: Thread finished: 多用户下单 2-56
2026-09-11 10:28:42,297 INFO o.a.j.t.JMeterThread: Thread is done: 多用户下单 2-48
2026-09-11 10:28:42,301 INFO o.a.j.t.JMeterThread: Thread finished: Thread Group 1-70
2026-09-11 10:28:42,297 INFO o.a.j.t.JMeterThread: Thread finished: 多用户下单 2-58
2026-09-11 10:28:42,297 INFO o.a.j.t.JMeterThread: Thread is done: Thread Group 1-81
2026-09-11 10:28:42,301 INFO o.a.j.t.JMeterThread: Thread finished: Thread Group 1-13
2026-09-11 10:28:42,301 INFO o.a.j.t.JMeterThread: Thread finished: 多用户下单 2-48
2026-09-11 10:28:42,297 INFO o.a.j.t.JMeterThread: Thread is done: 多用户下单 2-52
2026-09-11 10:28:42,297 INFO o.a.j.t.JMeterThread: Thread finished: 多用户下单 2-9
2026-09-11 10:28:42,297 INFO o.a.j.t.JMeterThread: Thread finished: Thread Group 1-9
2026-09-11 10:28:42,297 INFO o.a.j.t.JMeterThread: Thread is done: 多用户下单 2-8
2026-09-11 10:28:42,302 INFO o.a.j.t.JMeterThread: Thread finished: 多用户下单 2-52
2026-09-11 10:28:42,297 INFO o.a.j.t.JMeterThread: Thread is done: 多用户下单 2-22
2026-09-11 10:28:42,297 INFO o.a.j.t.JMeterThread: Thread is done: 多用户下单 2-38
2026-09-11 10:28:42,297 INFO o.a.j.t.JMeterThread: Thread is done: 多用户下单 2-92
2026-09-11 10:28:42,297 INFO o.a.j.t.JMeterThread: Thread is done: Thread Group 1-39
2026-09-11 10:28:42,302 INFO o.a.j.t.JMeterThread: Thread finished: Thread Group 1-75
2026-09-11 10:28:42,297 INFO o.a.j.t.JMeterThread: Thread finished: Thread Group 1-5
2026-09-11 10:28:42,297 INFO o.a.j.t.JMeterThread: Thread is done: Thread Group 1-1
2026-09-11 10:28:42,297 INFO o.a.j.t.JMeterThread: Thread is done: Thread Group 1-18
2026-09-11 10:28:42,297 INFO o.a.j.t.JMeterThread: Thread is done: 多用户下单 2-45
2026-09-11 10:28:42,297 INFO o.a.j.t.JMeterThread: Thread is done: Thread Group 1-32
2026-09-11 10:28:42,302 INFO o.a.j.t.JMeterThread: Thread finished: 多用户下单 2-45
2026-09-11 10:28:42,297 INFO o.a.j.t.JMeterThread: Thread is done: Thread Group 1-27
2026-09-11 10:28:42,297 INFO o.a.j.t.JMeterThread: Thread is done: Thread Group 1-96
2026-09-11 10:28:42,296 INFO o.a.j.t.JMeterThread: Thread is done: 多用户下单 2-24
2026-09-11 10:28:42,296 INFO o.a.j.t.JMeterThread: Thread is done: 多用户下单 2-76
2026-09-11 10:28:42,296 INFO o.a.j.t.JMeterThread: Thread is done: Thread Group 1-16
2026-09-11 10:28:42,302 INFO o.a.j.t.JMeterThread: Thread finished: Thread Group 1-96
2026-09-11 10:28:42,296 INFO o.a.j.t.JMeterThread: Thread is done: 多用户下单 2-25
2026-09-11 10:28:42,303 INFO o.a.j.t.JMeterThread: Thread finished: 多用户下单 2-76
2026-09-11 10:28:42,303 INFO o.a.j.t.JMeterThread: Thread finished: Thread Group 1-16
2026-09-11 10:28:42,296 INFO o.a.j.t.JMeterThread: Thread is done: Thread Group 1-99
2026-09-11 10:28:42,303 INFO o.a.j.t.JMeterThread: Thread finished: 多用户下单 2-25
2026-09-11 10:28:42,296 INFO o.a.j.t.JMeterThread: Thread is done: Thread Group 1-73
2026-09-11 10:28:42,296 INFO o.a.j.t.JMeterThread: Thread is done: Thread Group 1-7
2026-09-11 10:28:42,296 INFO o.a.j.t.JMeterThread: Thread finished: Thread Group 1-28
2026-09-11 10:28:42,303 INFO o.a.j.t.JMeterThread: Thread finished: Thread Group 1-73
2026-09-11 10:28:42,303 INFO o.a.j.t.JMeterThread: Thread finished: Thread Group 1-7
2026-09-11 10:28:42,296 INFO o.a.j.t.JMeterThread: Thread is done: 多用户下单 2-5
2026-09-11 10:28:42,296 INFO o.a.j.t.JMeterThread: Thread is done: Thread Group 1-44
2026-09-11 10:28:42,296 INFO o.a.j.t.JMeterThread: Thread is done: 多用户下单 2-35
2026-09-11 10:28:42,303 INFO o.a.j.t.JMeterThread: Thread finished: Thread Group 1-10
2026-09-11 10:28:42,303 INFO o.a.j.t.JMeterThread: Thread finished: 多用户下单 2-5
2026-09-11 10:28:42,303 INFO o.a.j.t.JMeterThread: Thread finished: Thread Group 1-44
2026-09-11 10:28:42,296 INFO o.a.j.t.JMeterThread: Thread finished: 多用户下单 2-21
2026-09-11 10:28:42,303 INFO o.a.j.t.JMeterThread: Thread finished: Thread Group 1-24
2026-09-11 10:28:42,296 INFO o.a.j.t.JMeterThread: Thread finished: Thread Group 1-15
2026-09-11 10:28:42,303 INFO o.a.j.t.JMeterThread: Thread finished: 多用户下单 2-35
2026-09-11 10:28:42,303 INFO o.a.j.t.JMeterThread: Thread finished: Thread Group 1-67
2026-09-11 10:28:42,296 INFO o.a.j.t.JMeterThread: Thread finished: 多用户下单 2-26
2026-09-11 10:28:42,296 INFO o.a.j.t.JMeterThread: Thread is done: 多用户下单 2-11
2026-09-11 10:28:42,304 INFO o.a.j.t.JMeterThread: Thread finished: 多用户下单 2-75
2026-09-11 10:28:42,296 INFO o.a.j.t.JMeterThread: Thread finished: 多用户下单 2-40
2026-09-11 10:28:42,296 INFO o.a.j.t.JMeterThread: Thread is done: Thread Group 1-82
2026-09-11 10:28:42,304 INFO o.a.j.t.JMeterThread: Thread finished: 多用户下单 2-11
2026-09-11 10:28:42,296 INFO o.a.j.t.JMeterThread: Thread is done: Thread Group 1-63
2026-09-11 10:28:42,296 INFO o.a.j.t.JMeterThread: Thread is done: Thread Group 1-62
2026-09-11 10:28:42,304 INFO o.a.j.t.JMeterThread: Thread finished: Thread Group 1-63
2026-09-11 10:28:42,296 INFO o.a.j.t.JMeterThread: Thread is done: 多用户下单 2-19
2026-09-11 10:28:42,296 INFO o.a.j.t.JMeterThread: Thread is done: Thread Group 1-36
2026-09-11 10:28:42,296 INFO o.a.j.t.JMeterThread: Thread is done: 多用户下单 2-16
2026-09-11 10:28:42,305 INFO o.a.j.t.JMeterThread: Thread finished: 多用户下单 2-19
2026-09-11 10:28:42,296 INFO o.a.j.t.JMeterThread: Thread finished: Thread Group 1-26
2026-09-11 10:28:42,296 INFO o.a.j.t.JMeterThread: Thread is done: 多用户下单 2-44
2026-09-11 10:28:42,305 INFO o.a.j.t.JMeterThread: Thread finished: 多用户下单 2-16
2026-09-11 10:28:42,296 INFO o.a.j.t.JMeterThread: Thread is done: 多用户下单 2-66
2026-09-11 10:28:42,305 INFO o.a.j.t.JMeterThread: Thread finished: 多用户下单 2-44
2026-09-11 10:28:42,296 INFO o.a.j.t.JMeterThread: Thread is done: 多用户下单 2-67
2026-09-11 10:28:42,296 INFO o.a.j.t.JMeterThread: Thread is done: Thread Group 1-30
2026-09-11 10:28:42,296 INFO o.a.j.t.JMeterThread: Thread finished: Thread Group 1-85
2026-09-11 10:28:42,305 INFO o.a.j.t.JMeterThread: Thread finished: 多用户下单 2-66
2026-09-11 10:28:42,296 INFO o.a.j.t.JMeterThread: Thread is done: Thread Group 1-34
2026-09-11 10:28:42,296 INFO o.a.j.t.JMeterThread: Thread is done: Thread Group 1-83
2026-09-11 10:28:42,296 INFO o.a.j.t.JMeterThread: Thread finished: Thread Group 1-90
2026-09-11 10:28:42,295 INFO o.a.j.t.JMeterThread: Thread is done: 多用户下单 2-72
2026-09-11 10:28:42,295 INFO o.a.j.t.JMeterThread: Thread is done: 多用户下单 2-4
2026-09-11 10:28:42,295 INFO o.a.j.t.JMeterThread: Thread is done: Thread Group 1-87
2026-09-11 10:28:42,295 INFO o.a.j.t.JMeterThread: Thread is done: 多用户下单 2-79
2026-09-11 10:28:42,306 INFO o.a.j.t.JMeterThread: Thread finished: 多用户下单 2-34
2026-09-11 10:28:42,295 INFO o.a.j.t.JMeterThread: Thread is done: 多用户下单 2-42
2026-09-11 10:28:42,306 INFO o.a.j.t.JMeterThread: Thread finished: Thread Group 1-25
2026-09-11 10:28:42,295 INFO o.a.j.t.JMeterThread: Thread is done: 多用户下单 2-46
2026-09-11 10:28:42,306 INFO o.a.j.t.JMeterThread: Thread finished: Thread Group 1-98
2026-09-11 10:28:42,295 INFO o.a.j.t.JMeterThread: Thread is done: 多用户下单 2-70
2026-09-11 10:28:42,295 INFO o.a.j.t.JMeterThread: Thread is done: Thread Group 1-84
2026-09-11 10:28:42,295 INFO o.a.j.t.JMeterThread: Thread is done: 多用户下单 2-51
2026-09-11 10:28:42,306 INFO o.a.j.t.JMeterThread: Thread finished: Thread Group 1-95
2026-09-11 10:28:42,306 INFO o.a.j.t.JMeterThread: Thread finished: 多用户下单 2-70
2026-09-11 10:28:42,295 INFO o.a.j.t.JMeterThread: Thread finished: 多用户下单 2-68
2026-09-11 10:28:42,295 INFO o.a.j.t.JMeterThread: Thread finished: 多用户下单 2-98
2026-09-11 10:28:42,295 INFO o.a.j.t.JMeterThread: Thread is done: Thread Group 1-86
2026-09-11 10:28:42,295 INFO o.a.j.t.JMeterThread: Thread is done: Thread Group 1-59
2026-09-11 10:28:42,295 INFO o.a.j.t.JMeterThread: Thread finished: Thread Group 1-45
2026-09-11 10:28:42,307 INFO o.a.j.t.JMeterThread: Thread finished: Thread Group 1-59
2026-09-11 10:28:42,295 INFO o.a.j.t.JMeterThread: Thread is done: 多用户下单 2-3
2026-09-11 10:28:42,307 INFO o.a.j.t.JMeterThread: Thread finished: Thread Group 1-60
2026-09-11 10:28:42,295 INFO o.a.j.t.JMeterThread: Thread finished: 多用户下单 2-71
2026-09-11 10:28:42,295 INFO o.a.j.t.JMeterThread: Thread is done: 多用户下单 2-59
2026-09-11 10:28:42,295 INFO o.a.j.t.JMeterThread: Thread is done: Thread Group 1-47
2026-09-11 10:28:42,307 INFO o.a.j.t.JMeterThread: Thread finished: Thread Group 1-42
2026-09-11 10:28:42,295 INFO o.a.j.t.JMeterThread: Thread is done: 多用户下单 2-100
2026-09-11 10:28:42,295 INFO o.a.j.t.JMeterThread: Thread finished: Thread Group 1-61
2026-09-11 10:28:42,295 INFO o.a.j.t.JMeterThread: Thread finished: 多用户下单 2-88
2026-09-11 10:28:42,295 INFO o.a.j.t.JMeterThread: Thread is done: 多用户下单 2-20
2026-09-11 10:28:42,295 INFO o.a.j.t.JMeterThread: Thread finished: Thread Group 1-46
2026-09-11 10:28:42,295 INFO o.a.j.t.JMeterThread: Thread is done: Thread Group 1-80
2026-09-11 10:28:42,295 INFO o.a.j.t.JMeterThread: Thread is done: Thread Group 1-31
2026-09-11 10:28:42,307 INFO o.a.j.t.JMeterThread: Thread finished: 多用户下单 2-20
2026-09-11 10:28:42,307 INFO o.a.j.t.JMeterThread: Thread finished: Thread Group 1-80
2026-09-11 10:28:42,295 INFO o.a.j.t.JMeterThread: Thread is done: Thread Group 1-58
2026-09-11 10:28:42,295 INFO o.a.j.t.JMeterThread: Thread is done: Thread Group 1-48
2026-09-11 10:28:42,307 INFO o.a.j.t.JMeterThread: Thread finished: Thread Group 1-31
2026-09-11 10:28:42,295 INFO o.a.j.t.JMeterThread: Thread finished: Thread Group 1-97
2026-09-11 10:28:42,307 INFO o.a.j.t.JMeterThread: Thread finished: Thread Group 1-58
2026-09-11 10:28:42,295 INFO o.a.j.t.JMeterThread: Thread finished: 多用户下单 2-47
2026-09-11 10:28:42,308 INFO o.a.j.t.JMeterThread: Thread finished: 多用户下单 2-12
2026-09-11 10:28:42,295 INFO o.a.j.t.JMeterThread: Thread is done: 多用户下单 2-13
2026-09-11 10:28:42,295 INFO o.a.j.t.JMeterThread: Thread is done: 多用户下单 2-83
2026-09-11 10:28:42,295 INFO o.a.j.t.JMeterThread: Thread is done: Thread Group 1-56
2026-09-11 10:28:42,295 INFO o.a.j.t.JMeterThread: Thread is done: 多用户下单 2-86
2026-09-11 10:28:42,295 INFO o.a.j.t.JMeterThread: Thread finished: 多用户下单 2-2
2026-09-11 10:28:42,308 INFO o.a.j.t.JMeterThread: Thread finished: 多用户下单 2-13
2026-09-11 10:28:42,308 INFO o.a.j.t.JMeterThread: Thread finished: Thread Group 1-56
2026-09-11 10:28:42,309 INFO o.a.j.t.JMeterThread: Thread finished: 多用户下单 2-86
2026-09-11 10:28:42,295 INFO o.a.j.t.JMeterThread: Thread finished: Thread Group 1-19
2026-09-11 10:28:42,295 INFO o.a.j.t.JMeterThread: Thread is done: Thread Group 1-71
2026-09-11 10:28:42,295 INFO o.a.j.t.JMeterThread: Thread is done: 多用户下单 2-54
2026-09-11 10:28:42,309 INFO o.a.j.t.JMeterThread: Thread finished: Thread Group 1-21
2026-09-11 10:28:42,295 INFO o.a.j.t.JMeterThread: Thread is done: Thread Group 1-55
2026-09-11 10:28:42,309 INFO o.a.j.t.JMeterThread: Thread finished: Thread Group 1-71
2026-09-11 10:28:42,295 INFO o.a.j.t.JMeterThread: Thread is done: Thread Group 1-66
2026-09-11 10:28:42,309 INFO o.a.j.t.JMeterThread: Thread finished: Thread Group 1-55
2026-09-11 10:28:42,295 INFO o.a.j.t.JMeterThread: Thread finished: Thread Group 1-51
2026-09-11 10:28:42,295 INFO o.a.j.t.JMeterThread: Thread is done: 多用户下单 2-78
2026-09-11 10:28:42,295 INFO o.a.j.t.JMeterThread: Thread is done: Thread Group 1-72
2026-09-11 10:28:42,295 INFO o.a.j.t.JMeterThread: Thread finished: 多用户下单 2-97
2026-09-11 10:28:42,295 INFO o.a.j.t.JMeterThread: Thread is done: 多用户下单 2-95
2026-09-11 10:28:42,309 INFO o.a.j.t.JMeterThread: Thread finished: Thread Group 1-72
2026-09-11 10:28:42,295 INFO o.a.j.t.JMeterThread: Thread is done: Thread Group 1-94
2026-09-11 10:28:42,295 INFO o.a.j.t.JMeterThread: Thread finished: Thread Group 1-68
2026-09-11 10:28:42,295 INFO o.a.j.t.JMeterThread: Thread finished: Thread Group 1-38
2026-09-11 10:28:42,310 INFO o.a.j.t.JMeterThread: Thread finished: Thread Group 1-94
2026-09-11 10:28:42,294 INFO o.a.j.t.JMeterThread: Thread is done: 多用户下单 2-57
2026-09-11 10:28:42,294 INFO o.a.j.t.JMeterThread: Thread finished: 多用户下单 2-64
2026-09-11 10:28:42,294 INFO o.a.j.t.JMeterThread: Thread is done: 多用户下单 2-82
2026-09-11 10:28:42,294 INFO o.a.j.t.JMeterThread: Thread is done: Thread Group 1-53
2026-09-11 10:28:42,294 INFO o.a.j.t.JMeterThread: Thread is done: 多用户下单 2-73
2026-09-11 10:28:42,310 INFO o.a.j.t.JMeterThread: Thread finished: 多用户下单 2-82
2026-09-11 10:28:42,294 INFO o.a.j.t.JMeterThread: Thread is done: Thread Group 1-40
2026-09-11 10:28:42,294 INFO o.a.j.t.JMeterThread: Thread is done: Thread Group 1-29
2026-09-11 10:28:42,310 INFO o.a.j.t.JMeterThread: Thread finished: Thread Group 1-53
2026-09-11 10:28:42,294 INFO o.a.j.t.JMeterThread: Thread is done: 多用户下单 2-15
2026-09-11 10:28:42,294 INFO o.a.j.t.JMeterThread: Thread is done: 多用户下单 2-18
2026-09-11 10:28:42,310 INFO o.a.j.t.JMeterThread: Thread finished: Thread Group 1-29
2026-09-11 10:28:42,294 INFO o.a.j.t.JMeterThread: Thread is done: Thread Group 1-100
2026-09-11 10:28:42,310 INFO o.a.j.t.JMeterThread: Thread finished: 多用户下单 2-15
2026-09-11 10:28:42,294 INFO o.a.j.t.JMeterThread: Thread is done: 多用户下单 2-91
2026-09-11 10:28:42,294 INFO o.a.j.t.JMeterThread: Thread is done: 多用户下单 2-80
2026-09-11 10:28:42,294 INFO o.a.j.t.JMeterThread: Thread finished: 多用户下单 2-17
2026-09-11 10:28:42,294 INFO o.a.j.t.JMeterThread: Thread is done: Thread Group 1-52
2026-09-11 10:28:42,294 INFO o.a.j.t.JMeterThread: Thread is done: 多用户下单 2-41
2026-09-11 10:28:42,311 INFO o.a.j.t.JMeterThread: Thread finished: Thread Group 1-11
2026-09-11 10:28:42,294 INFO o.a.j.t.JMeterThread: Thread finished: 多用户下单 2-29
2026-09-11 10:28:42,294 INFO o.a.j.t.JMeterThread: Thread is done: Thread Group 1-50
2026-09-11 10:28:42,311 INFO o.a.j.t.JMeterThread: Thread finished: Thread Group 1-52
2026-09-11 10:28:42,311 INFO o.a.j.t.JMeterThread: Thread finished: 多用户下单 2-6
2026-09-11 10:28:42,310 INFO o.a.j.t.JMeterThread: Thread finished: 多用户下单 2-91
2026-09-11 10:28:42,310 INFO o.a.j.t.JMeterThread: Thread finished: 多用户下单 2-18
2026-09-11 10:28:42,311 INFO o.a.j.t.JMeterThread: Thread finished: 多用户下单 2-41
2026-09-11 10:28:42,311 INFO o.a.j.t.JMeterThread: Thread finished: 多用户下单 2-80
2026-09-11 10:28:42,310 INFO o.a.j.t.JMeterThread: Thread finished: Thread Group 1-92
2026-09-11 10:28:42,310 INFO o.a.j.t.JMeterThread: Thread finished: 多用户下单 2-57
2026-09-11 10:28:42,310 INFO o.a.j.t.JMeterThread: Thread finished: 多用户下单 2-1
2026-09-11 10:28:42,311 INFO o.a.j.t.JMeterThread: Thread finished: 多用户下单 2-73
2026-09-11 10:28:42,310 INFO o.a.j.t.JMeterThread: Thread finished: 多用户下单 2-95
2026-09-11 10:28:42,309 INFO o.a.j.t.JMeterThread: Thread finished: 多用户下单 2-78
2026-09-11 10:28:42,309 INFO o.a.j.t.JMeterThread: Thread finished: Thread Group 1-66
2026-09-11 10:28:42,309 INFO o.a.j.t.JMeterThread: Thread finished: 多用户下单 2-54
2026-09-11 10:28:42,309 INFO o.a.j.t.JMeterThread: Thread finished: Thread Group 1-91
2026-09-11 10:28:42,308 INFO o.a.j.t.JMeterThread: Thread finished: Thread Group 1-37
2026-09-11 10:28:42,308 INFO o.a.j.t.JMeterThread: Thread finished: 多用户下单 2-60
2026-09-11 10:28:42,312 INFO o.a.j.t.JMeterThread: Thread finished: 多用户下单 2-83
2026-09-11 10:28:42,307 INFO o.a.j.t.JMeterThread: Thread finished: 多用户下单 2-100
2026-09-11 10:28:42,307 INFO o.a.j.t.JMeterThread: Thread finished: Thread Group 1-47
2026-09-11 10:28:42,307 INFO o.a.j.t.JMeterThread: Thread finished: 多用户下单 2-93
2026-09-11 10:28:42,307 INFO o.a.j.t.JMeterThread: Thread finished: 多用户下单 2-3
2026-09-11 10:28:42,307 INFO o.a.j.t.JMeterThread: Thread finished: Thread Group 1-86
2026-09-11 10:28:42,307 INFO o.a.j.t.JMeterThread: Thread finished: Thread Group 1-84
2026-09-11 10:28:42,313 INFO o.a.j.t.JMeterThread: Thread finished: 多用户下单 2-59
2026-09-11 10:28:42,306 INFO o.a.j.t.JMeterThread: Thread finished: 多用户下单 2-46
2026-09-11 10:28:42,306 INFO o.a.j.t.JMeterThread: Thread finished: 多用户下单 2-42
2026-09-11 10:28:42,313 INFO o.a.j.t.JMeterThread: Thread finished: 多用户下单 2-51
2026-09-11 10:28:42,306 INFO o.a.j.t.JMeterThread: Thread finished: 多用户下单 2-10
2026-09-11 10:28:42,306 INFO o.a.j.t.JMeterThread: Thread finished: Thread Group 1-87
2026-09-11 10:28:42,306 INFO o.a.j.t.JMeterThread: Thread finished: 多用户下单 2-72
2026-09-11 10:28:42,305 INFO o.a.j.t.JMeterThread: Thread finished: Thread Group 1-83
2026-09-11 10:28:42,305 INFO o.a.j.t.JMeterThread: Thread finished: Thread Group 1-34
2026-09-11 10:28:42,305 INFO o.a.j.t.JMeterThread: Thread finished: 多用户下单 2-99
2026-09-11 10:28:42,314 INFO o.a.j.t.JMeterThread: Thread finished: 多用户下单 2-4
2026-09-11 10:28:42,304 INFO o.a.j.t.JMeterThread: Thread finished: Thread Group 1-82
2026-09-11 10:28:42,314 INFO o.a.j.t.JMeterThread: Thread finished: 多用户下单 2-67
2026-09-11 10:28:42,314 INFO o.a.j.t.JMeterThread: Thread finished: Thread Group 1-36
2026-09-11 10:28:42,314 INFO o.a.j.t.JMeterThread: Thread finished: Thread Group 1-30
2026-09-11 10:28:42,314 INFO o.a.j.t.JMeterThread: Thread finished: Thread Group 1-62
2026-09-11 10:28:42,303 INFO o.a.j.t.JMeterThread: Thread finished: Thread Group 1-99
2026-09-11 10:28:42,302 INFO o.a.j.t.JMeterThread: Thread finished: Thread Group 1-27
2026-09-11 10:28:42,302 INFO o.a.j.t.JMeterThread: Thread finished: Thread Group 1-32
2026-09-11 10:28:42,302 INFO o.a.j.t.JMeterThread: Thread finished: Thread Group 1-18
2026-09-11 10:28:42,314 INFO o.a.j.t.JMeterThread: Thread finished: 多用户下单 2-24
2026-09-11 10:28:42,302 INFO o.a.j.t.JMeterThread: Thread finished: Thread Group 1-39
2026-09-11 10:28:42,302 INFO o.a.j.t.JMeterThread: Thread finished: 多用户下单 2-92
2026-09-11 10:28:42,302 INFO o.a.j.t.JMeterThread: Thread finished: 多用户下单 2-38
2026-09-11 10:28:42,302 INFO o.a.j.t.JMeterThread: Thread finished: 多用户下单 2-22
2026-09-11 10:28:42,301 INFO o.a.j.t.JMeterThread: Thread finished: 多用户下单 2-37
2026-09-11 10:28:42,301 INFO o.a.j.t.JMeterThread: Thread finished: 多用户下单 2-55
2026-09-11 10:28:42,315 INFO o.a.j.t.JMeterThread: Thread finished: Thread Group 1-81
2026-09-11 10:28:42,301 INFO o.a.j.t.JMeterThread: Thread finished: 多用户下单 2-89
2026-09-11 10:28:42,300 INFO o.a.j.t.JMeterThread: Thread finished: 多用户下单 2-36
2026-09-11 10:28:42,300 INFO o.a.j.t.JMeterThread: Thread finished: 多用户下单 2-31
2026-09-11 10:28:42,300 INFO o.a.j.t.JMeterThread: Thread finished: Thread Group 1-64
2026-09-11 10:28:42,300 INFO o.a.j.t.JMeterThread: Thread finished: 多用户下单 2-65
2026-09-11 10:28:42,300 INFO o.a.j.t.JMeterThread: Thread finished: 多用户下单 2-50
2026-09-11 10:28:42,315 INFO o.a.j.t.JMeterThread: Thread finished: 多用户下单 2-8
2026-09-11 10:28:42,315 INFO o.a.j.t.JMeterThread: Thread finished: Thread Group 1-1
2026-09-11 10:28:42,314 INFO o.a.j.t.JMeterThread: Thread finished: 多用户下单 2-79
2026-09-11 10:28:42,313 INFO o.a.j.t.JMeterThread: Thread finished: Thread Group 1-48
2026-09-11 10:28:42,311 INFO o.a.j.t.JMeterThread: Thread finished: Thread Group 1-40
2026-09-11 10:28:42,311 INFO o.a.j.t.JMeterThread: Thread finished: Thread Group 1-100
2026-09-11 10:28:42,311 INFO o.a.j.t.JMeterThread: Thread finished: Thread Group 1-50
2026-09-11 10:28:42,317 INFO o.a.j.e.StandardJMeterEngine: Notifying test listeners of end of test
2026-09-11 10:28:42,318 INFO o.a.j.s.FileServer: Close: D:\Desktop\tokens.txt
2026-09-11 10:28:42,326 INFO o.a.j.g.u.JMeterMenuBar: setRunning(false, *local*)
2026-09-11 10:28:47,193 WARN o.a.j.g.t.JMeterTreeNode: getIcon(): Can't obtain GUI class from class org.apache.jmeter.config.CSVDataSet
2026-09-11 10:28:47,540 WARN o.a.j.g.t.JMeterTreeNode: getIcon(): Can't obtain GUI class from class org.apache.jmeter.config.CSVDataSet
2026-09-11 10:28:48,208 WARN o.a.j.g.t.JMeterTreeNode: getIcon(): Can't obtain GUI class from class org.apache.jmeter.config.CSVDataSet
2026-09-11 10:28:48,322 WARN o.a.j.g.t.JMeterTreeNode: getIcon(): Can't obtain GUI class from class org.apache.jmeter.config.CSVDataSet
2026-09-11 10:28:48,519 WARN o.a.j.g.t.JMeterTreeNode: getIcon(): Can't obtain GUI class from class org.apache.jmeter.config.CSVDataSet
2026-09-11 10:28:49,392 WARN o.a.j.g.t.JMeterTreeNode: getIcon(): Can't obtain GUI class from class org.apache.jmeter.config.CSVDataSet
2026-09-11 10:28:57,989 WARN o.a.j.g.t.JMeterTreeNode: getIcon(): Can't obtain GUI class from class org.apache.jmeter.config.CSVDataSet
2026-09-11 10:28:59,743 INFO o.a.j.e.StandardJMeterEngine: Running the test!
2026-09-11 10:28:59,743 INFO o.a.j.s.SampleEvent: List of sample_variables: []
2026-09-11 10:28:59,744 INFO o.a.j.g.u.JMeterMenuBar: setRunning(true, *local*)
2026-09-11 10:28:59,778 INFO o.a.j.e.StandardJMeterEngine: Starting ThreadGroup: 1 : Thread Group
2026-09-11 10:28:59,778 INFO o.a.j.e.StandardJMeterEngine: Starting 100 threads for group Thread Group.
2026-09-11 10:28:59,778 INFO o.a.j.e.StandardJMeterEngine: Thread will continue on error
2026-09-11 10:28:59,778 INFO o.a.j.t.ThreadGroup: Starting thread group... number=1 threads=100 ramp-up=0 delayedStart=false
2026-09-11 10:28:59,779 INFO o.a.j.t.JMeterThread: Thread started: Thread Group 1-1
2026-09-11 10:28:59,780 INFO o.a.j.t.JMeterThread: Thread started: Thread Group 1-3
2026-09-11 10:28:59,779 INFO o.a.j.t.JMeterThread: Thread started: Thread Group 1-2
2026-09-11 10:28:59,780 INFO o.a.j.t.JMeterThread: Thread started: Thread Group 1-5
2026-09-11 10:28:59,780 INFO o.a.j.t.JMeterThread: Thread started: Thread Group 1-4
2026-09-11 10:28:59,780 INFO o.a.j.t.JMeterThread: Thread started: Thread Group 1-6
2026-09-11 10:28:59,781 INFO o.a.j.t.JMeterThread: Thread started: Thread Group 1-10
2026-09-11 10:28:59,781 INFO o.a.j.t.JMeterThread: Thread started: Thread Group 1-8
2026-09-11 10:28:59,781 INFO o.a.j.t.JMeterThread: Thread started: Thread Group 1-9
2026-09-11 10:28:59,781 INFO o.a.j.t.JMeterThread: Thread started: Thread Group 1-7
2026-09-11 10:28:59,781 INFO o.a.j.t.JMeterThread: Thread started: Thread Group 1-11
2026-09-11 10:28:59,782 INFO o.a.j.t.JMeterThread: Thread started: Thread Group 1-12
2026-09-11 10:28:59,782 INFO o.a.j.t.JMeterThread: Thread started: Thread Group 1-13
2026-09-11 10:28:59,782 INFO o.a.j.t.JMeterThread: Thread started: Thread Group 1-14
2026-09-11 10:28:59,782 INFO o.a.j.t.JMeterThread: Thread started: Thread Group 1-15
2026-09-11 10:28:59,782 INFO o.a.j.t.JMeterThread: Thread started: Thread Group 1-16
2026-09-11 10:28:59,783 INFO o.a.j.t.JMeterThread: Thread started: Thread Group 1-17
2026-09-11 10:28:59,783 INFO o.a.j.t.JMeterThread: Thread started: Thread Group 1-18
2026-09-11 10:28:59,783 INFO o.a.j.t.JMeterThread: Thread started: Thread Group 1-20
2026-09-11 10:28:59,784 INFO o.a.j.t.JMeterThread: Thread started: Thread Group 1-19
2026-09-11 10:28:59,784 INFO o.a.j.t.JMeterThread: Thread started: Thread Group 1-22
2026-09-11 10:28:59,785 INFO o.a.j.t.JMeterThread: Thread started: Thread Group 1-21
2026-09-11 10:28:59,785 INFO o.a.j.t.JMeterThread: Thread started: Thread Group 1-23
2026-09-11 10:28:59,785 INFO o.a.j.t.JMeterThread: Thread started: Thread Group 1-24
2026-09-11 10:28:59,785 INFO o.a.j.t.JMeterThread: Thread started: Thread Group 1-25
2026-09-11 10:28:59,786 INFO o.a.j.t.JMeterThread: Thread started: Thread Group 1-26
2026-09-11 10:28:59,786 INFO o.a.j.t.JMeterThread: Thread started: Thread Group 1-27
2026-09-11 10:28:59,787 INFO o.a.j.t.JMeterThread: Thread started: Thread Group 1-28
2026-09-11 10:28:59,787 INFO o.a.j.t.JMeterThread: Thread started: Thread Group 1-29
2026-09-11 10:28:59,787 INFO o.a.j.t.JMeterThread: Thread started: Thread Group 1-30
2026-09-11 10:28:59,788 INFO o.a.j.t.JMeterThread: Thread started: Thread Group 1-31
2026-09-11 10:28:59,789 INFO o.a.j.t.JMeterThread: Thread started: Thread Group 1-32
2026-09-11 10:28:59,790 INFO o.a.j.t.JMeterThread: Thread started: Thread Group 1-33
2026-09-11 10:28:59,791 INFO o.a.j.t.JMeterThread: Thread started: Thread Group 1-34
2026-09-11 10:28:59,791 INFO o.a.j.t.JMeterThread: Thread started: Thread Group 1-35
2026-09-11 10:28:59,792 INFO o.a.j.t.JMeterThread: Thread started: Thread Group 1-36
2026-09-11 10:28:59,792 INFO o.a.j.t.JMeterThread: Thread started: Thread Group 1-37
2026-09-11 10:28:59,793 INFO o.a.j.t.JMeterThread: Thread started: Thread Group 1-38
2026-09-11 10:28:59,793 INFO o.a.j.t.JMeterThread: Thread is done: Thread Group 1-1
2026-09-11 10:28:59,793 INFO o.a.j.t.JMeterThread: Thread is done: Thread Group 1-2
2026-09-11 10:28:59,793 INFO o.a.j.t.JMeterThread: Thread is done: Thread Group 1-9
2026-09-11 10:28:59,793 INFO o.a.j.t.JMeterThread: Thread finished: Thread Group 1-1
2026-09-11 10:28:59,793 INFO o.a.j.t.JMeterThread: Thread started: Thread Group 1-39
2026-09-11 10:28:59,794 INFO o.a.j.t.JMeterThread: Thread is done: Thread Group 1-3
2026-09-11 10:28:59,794 INFO o.a.j.t.JMeterThread: Thread finished: Thread Group 1-2
2026-09-11 10:28:59,794 INFO o.a.j.t.JMeterThread: Thread finished: Thread Group 1-9
2026-09-11 10:28:59,794 INFO o.a.j.t.JMeterThread: Thread finished: Thread Group 1-3
2026-09-11 10:28:59,794 INFO o.a.j.t.JMeterThread: Thread is done: Thread Group 1-10
2026-09-11 10:28:59,794 INFO o.a.j.t.JMeterThread: Thread finished: Thread Group 1-10
2026-09-11 10:28:59,794 INFO o.a.j.t.JMeterThread: Thread started: Thread Group 1-40
2026-09-11 10:28:59,794 INFO o.a.j.t.JMeterThread: Thread is done: Thread Group 1-5
2026-09-11 10:28:59,794 INFO o.a.j.t.JMeterThread: Thread is done: Thread Group 1-8
2026-09-11 10:28:59,794 INFO o.a.j.t.JMeterThread: Thread finished: Thread Group 1-5
2026-09-11 10:28:59,794 INFO o.a.j.t.JMeterThread: Thread finished: Thread Group 1-8
2026-09-11 10:28:59,794 INFO o.a.j.t.JMeterThread: Thread started: Thread Group 1-41
2026-09-11 10:28:59,795 INFO o.a.j.t.JMeterThread: Thread is done: Thread Group 1-12
2026-09-11 10:28:59,795 INFO o.a.j.t.JMeterThread: Thread finished: Thread Group 1-12
2026-09-11 10:28:59,795 INFO o.a.j.t.JMeterThread: Thread is done: Thread Group 1-7
2026-09-11 10:28:59,795 INFO o.a.j.t.JMeterThread: Thread finished: Thread Group 1-7
2026-09-11 10:28:59,795 INFO o.a.j.t.JMeterThread: Thread is done: Thread Group 1-4
2026-09-11 10:28:59,795 INFO o.a.j.t.JMeterThread: Thread is done: Thread Group 1-6
2026-09-11 10:28:59,795 INFO o.a.j.t.JMeterThread: Thread finished: Thread Group 1-4
2026-09-11 10:28:59,796 INFO o.a.j.t.JMeterThread: Thread finished: Thread Group 1-6
2026-09-11 10:28:59,796 INFO o.a.j.t.JMeterThread: Thread is done: Thread Group 1-13
2026-09-11 10:28:59,796 INFO o.a.j.t.JMeterThread: Thread is done: Thread Group 1-11
2026-09-11 10:28:59,796 INFO o.a.j.t.JMeterThread: Thread finished: Thread Group 1-13
2026-09-11 10:28:59,796 INFO o.a.j.t.JMeterThread: Thread started: Thread Group 1-42
2026-09-11 10:28:59,796 INFO o.a.j.t.JMeterThread: Thread is done: Thread Group 1-14
2026-09-11 10:28:59,796 INFO o.a.j.t.JMeterThread: Thread is done: Thread Group 1-16
2026-09-11 10:28:59,796 INFO o.a.j.t.JMeterThread: Thread finished: Thread Group 1-14
2026-09-11 10:28:59,796 INFO o.a.j.t.JMeterThread: Thread is done: Thread Group 1-15
2026-09-11 10:28:59,796 INFO o.a.j.t.JMeterThread: Thread finished: Thread Group 1-16
2026-09-11 10:28:59,796 INFO o.a.j.t.JMeterThread: Thread finished: Thread Group 1-15
2026-09-11 10:28:59,796 INFO o.a.j.t.JMeterThread: Thread finished: Thread Group 1-11
2026-09-11 10:28:59,796 INFO o.a.j.t.JMeterThread: Thread started: Thread Group 1-43
2026-09-11 10:28:59,797 INFO o.a.j.t.JMeterThread: Thread is done: Thread Group 1-17
2026-09-11 10:28:59,797 INFO o.a.j.t.JMeterThread: Thread finished: Thread Group 1-17
2026-09-11 10:28:59,797 INFO o.a.j.t.JMeterThread: Thread started: Thread Group 1-44
2026-09-11 10:28:59,797 INFO o.a.j.t.JMeterThread: Thread started: Thread Group 1-45
2026-09-11 10:28:59,798 INFO o.a.j.t.JMeterThread: Thread is done: Thread Group 1-19
2026-09-11 10:28:59,798 INFO o.a.j.t.JMeterThread: Thread finished: Thread Group 1-19
2026-09-11 10:28:59,798 INFO o.a.j.t.JMeterThread: Thread started: Thread Group 1-46
2026-09-11 10:28:59,798 INFO o.a.j.t.JMeterThread: Thread is done: Thread Group 1-21
2026-09-11 10:28:59,798 INFO o.a.j.t.JMeterThread: Thread finished: Thread Group 1-21
2026-09-11 10:28:59,799 INFO o.a.j.t.JMeterThread: Thread is done: Thread Group 1-22
2026-09-11 10:28:59,799 INFO o.a.j.t.JMeterThread: Thread finished: Thread Group 1-22
2026-09-11 10:28:59,799 INFO o.a.j.t.JMeterThread: Thread started: Thread Group 1-47
2026-09-11 10:28:59,799 INFO o.a.j.t.JMeterThread: Thread is done: Thread Group 1-18
2026-09-11 10:28:59,799 INFO o.a.j.t.JMeterThread: Thread is done: Thread Group 1-20
2026-09-11 10:28:59,799 INFO o.a.j.t.JMeterThread: Thread finished: Thread Group 1-18
2026-09-11 10:28:59,799 INFO o.a.j.t.JMeterThread: Thread finished: Thread Group 1-20
2026-09-11 10:28:59,799 INFO o.a.j.t.JMeterThread: Thread started: Thread Group 1-48
2026-09-11 10:28:59,799 INFO o.a.j.t.JMeterThread: Thread is done: Thread Group 1-23
2026-09-11 10:28:59,799 INFO o.a.j.t.JMeterThread: Thread finished: Thread Group 1-23
2026-09-11 10:28:59,799 INFO o.a.j.t.JMeterThread: Thread is done: Thread Group 1-24
2026-09-11 10:28:59,799 INFO o.a.j.t.JMeterThread: Thread finished: Thread Group 1-24
2026-09-11 10:28:59,799 INFO o.a.j.t.JMeterThread: Thread is done: Thread Group 1-25
2026-09-11 10:28:59,799 INFO o.a.j.t.JMeterThread: Thread finished: Thread Group 1-25
2026-09-11 10:28:59,799 INFO o.a.j.t.JMeterThread: Thread started: Thread Group 1-49
2026-09-11 10:28:59,800 INFO o.a.j.t.JMeterThread: Thread started: Thread Group 1-50
2026-09-11 10:28:59,801 INFO o.a.j.t.JMeterThread: Thread is done: Thread Group 1-26
2026-09-11 10:28:59,801 INFO o.a.j.t.JMeterThread: Thread finished: Thread Group 1-26
2026-09-11 10:28:59,801 INFO o.a.j.t.JMeterThread: Thread started: Thread Group 1-51
2026-09-11 10:28:59,801 INFO o.a.j.t.JMeterThread: Thread started: Thread Group 1-52
2026-09-11 10:28:59,801 INFO o.a.j.t.JMeterThread: Thread started: Thread Group 1-53
2026-09-11 10:28:59,803 INFO o.a.j.t.JMeterThread: Thread is done: Thread Group 1-28
2026-09-11 10:28:59,803 INFO o.a.j.t.JMeterThread: Thread started: Thread Group 1-54
2026-09-11 10:28:59,803 INFO o.a.j.t.JMeterThread: Thread finished: Thread Group 1-28
2026-09-11 10:28:59,803 INFO o.a.j.t.JMeterThread: Thread started: Thread Group 1-55
2026-09-11 10:28:59,804 INFO o.a.j.t.JMeterThread: Thread is done: Thread Group 1-30
2026-09-11 10:28:59,804 INFO o.a.j.t.JMeterThread: Thread finished: Thread Group 1-30
2026-09-11 10:28:59,804 INFO o.a.j.t.JMeterThread: Thread is done: Thread Group 1-27
2026-09-11 10:28:59,804 INFO o.a.j.t.JMeterThread: Thread finished: Thread Group 1-27
2026-09-11 10:28:59,804 INFO o.a.j.t.JMeterThread: Thread is done: Thread Group 1-29
2026-09-11 10:28:59,804 INFO o.a.j.t.JMeterThread: Thread finished: Thread Group 1-29
2026-09-11 10:28:59,804 INFO o.a.j.t.JMeterThread: Thread started: Thread Group 1-56
2026-09-11 10:28:59,804 INFO o.a.j.t.JMeterThread: Thread started: Thread Group 1-57
2026-09-11 10:28:59,805 INFO o.a.j.t.JMeterThread: Thread started: Thread Group 1-58
2026-09-11 10:28:59,806 INFO o.a.j.t.JMeterThread: Thread started: Thread Group 1-59
2026-09-11 10:28:59,807 INFO o.a.j.t.JMeterThread: Thread is done: Thread Group 1-31
2026-09-11 10:28:59,807 INFO o.a.j.t.JMeterThread: Thread finished: Thread Group 1-31
2026-09-11 10:28:59,807 INFO o.a.j.t.JMeterThread: Thread started: Thread Group 1-60
2026-09-11 10:28:59,807 INFO o.a.j.t.JMeterThread: Thread started: Thread Group 1-61
2026-09-11 10:28:59,808 INFO o.a.j.t.JMeterThread: Thread started: Thread Group 1-62
2026-09-11 10:28:59,808 INFO o.a.j.t.JMeterThread: Thread started: Thread Group 1-63
2026-09-11 10:28:59,808 INFO o.a.j.t.JMeterThread: Thread is done: Thread Group 1-32
2026-09-11 10:28:59,809 INFO o.a.j.t.JMeterThread: Thread finished: Thread Group 1-32
2026-09-11 10:28:59,809 INFO o.a.j.t.JMeterThread: Thread started: Thread Group 1-64
2026-09-11 10:28:59,809 INFO o.a.j.t.JMeterThread: Thread is done: Thread Group 1-33
2026-09-11 10:28:59,809 INFO o.a.j.t.JMeterThread: Thread finished: Thread Group 1-33
2026-09-11 10:28:59,809 INFO o.a.j.t.JMeterThread: Thread started: Thread Group 1-65
2026-09-11 10:28:59,810 INFO o.a.j.t.JMeterThread: Thread is done: Thread Group 1-34
2026-09-11 10:28:59,810 INFO o.a.j.t.JMeterThread: Thread is done: Thread Group 1-36
2026-09-11 10:28:59,810 INFO o.a.j.t.JMeterThread: Thread finished: Thread Group 1-34
2026-09-11 10:28:59,810 INFO o.a.j.t.JMeterThread: Thread finished: Thread Group 1-36
2026-09-11 10:28:59,810 INFO o.a.j.t.JMeterThread: Thread started: Thread Group 1-66
2026-09-11 10:28:59,810 INFO o.a.j.t.JMeterThread: Thread is done: Thread Group 1-37
2026-09-11 10:28:59,810 INFO o.a.j.t.JMeterThread: Thread finished: Thread Group 1-37
2026-09-11 10:28:59,810 INFO o.a.j.t.JMeterThread: Thread is done: Thread Group 1-35
2026-09-11 10:28:59,811 INFO o.a.j.t.JMeterThread: Thread is done: Thread Group 1-38
2026-09-11 10:28:59,811 INFO o.a.j.t.JMeterThread: Thread finished: Thread Group 1-35
2026-09-11 10:28:59,811 INFO o.a.j.t.JMeterThread: Thread finished: Thread Group 1-38
2026-09-11 10:28:59,811 INFO o.a.j.t.JMeterThread: Thread started: Thread Group 1-67
2026-09-11 10:28:59,811 INFO o.a.j.t.JMeterThread: Thread is done: Thread Group 1-39
2026-09-11 10:28:59,811 INFO o.a.j.t.JMeterThread: Thread finished: Thread Group 1-39
2026-09-11 10:28:59,811 INFO o.a.j.t.JMeterThread: Thread is done: Thread Group 1-41
2026-09-11 10:28:59,811 INFO o.a.j.t.JMeterThread: Thread finished: Thread Group 1-41
2026-09-11 10:28:59,812 INFO o.a.j.t.JMeterThread: Thread started: Thread Group 1-68
2026-09-11 10:28:59,812 INFO o.a.j.t.JMeterThread: Thread is done: Thread Group 1-40
2026-09-11 10:28:59,812 INFO o.a.j.t.JMeterThread: Thread finished: Thread Group 1-40
2026-09-11 10:28:59,812 INFO o.a.j.t.JMeterThread: Thread started: Thread Group 1-69
2026-09-11 10:28:59,813 INFO o.a.j.t.JMeterThread: Thread started: Thread Group 1-70
2026-09-11 10:28:59,813 INFO o.a.j.t.JMeterThread: Thread started: Thread Group 1-71
2026-09-11 10:28:59,815 INFO o.a.j.t.JMeterThread: Thread started: Thread Group 1-72
2026-09-11 10:28:59,815 INFO o.a.j.t.JMeterThread: Thread started: Thread Group 1-73
2026-09-11 10:28:59,816 INFO o.a.j.t.JMeterThread: Thread is done: Thread Group 1-43
2026-09-11 10:28:59,816 INFO o.a.j.t.JMeterThread: Thread is done: Thread Group 1-42
2026-09-11 10:28:59,816 INFO o.a.j.t.JMeterThread: Thread finished: Thread Group 1-43
2026-09-11 10:28:59,816 INFO o.a.j.t.JMeterThread: Thread finished: Thread Group 1-42
2026-09-11 10:28:59,816 INFO o.a.j.t.JMeterThread: Thread is done: Thread Group 1-45
2026-09-11 10:28:59,816 INFO o.a.j.t.JMeterThread: Thread finished: Thread Group 1-45
2026-09-11 10:28:59,816 INFO o.a.j.t.JMeterThread: Thread started: Thread Group 1-74
2026-09-11 10:28:59,816 INFO o.a.j.t.JMeterThread: Thread started: Thread Group 1-75
2026-09-11 10:28:59,817 INFO o.a.j.t.JMeterThread: Thread is done: Thread Group 1-44
2026-09-11 10:28:59,817 INFO o.a.j.t.JMeterThread: Thread is done: Thread Group 1-46
2026-09-11 10:28:59,817 INFO o.a.j.t.JMeterThread: Thread finished: Thread Group 1-46
2026-09-11 10:28:59,817 INFO o.a.j.t.JMeterThread: Thread finished: Thread Group 1-44
2026-09-11 10:28:59,818 INFO o.a.j.t.JMeterThread: Thread started: Thread Group 1-76
2026-09-11 10:28:59,819 INFO o.a.j.t.JMeterThread: Thread is done: Thread Group 1-47
2026-09-11 10:28:59,819 INFO o.a.j.t.JMeterThread: Thread started: Thread Group 1-77
2026-09-11 10:28:59,819 INFO o.a.j.t.JMeterThread: Thread finished: Thread Group 1-47
2026-09-11 10:28:59,819 INFO o.a.j.t.JMeterThread: Thread started: Thread Group 1-78
2026-09-11 10:28:59,819 INFO o.a.j.t.JMeterThread: Thread started: Thread Group 1-79
2026-09-11 10:28:59,820 INFO o.a.j.t.JMeterThread: Thread is done: Thread Group 1-48
2026-09-11 10:28:59,820 INFO o.a.j.t.JMeterThread: Thread finished: Thread Group 1-48
2026-09-11 10:28:59,820 INFO o.a.j.t.JMeterThread: Thread started: Thread Group 1-80
2026-09-11 10:28:59,821 INFO o.a.j.t.JMeterThread: Thread started: Thread Group 1-81
2026-09-11 10:28:59,821 INFO o.a.j.t.JMeterThread: Thread started: Thread Group 1-82
2026-09-11 10:28:59,822 INFO o.a.j.t.JMeterThread: Thread started: Thread Group 1-83
2026-09-11 10:28:59,822 INFO o.a.j.t.JMeterThread: Thread is done: Thread Group 1-52
2026-09-11 10:28:59,822 INFO o.a.j.t.JMeterThread: Thread is done: Thread Group 1-49
2026-09-11 10:28:59,822 INFO o.a.j.t.JMeterThread: Thread finished: Thread Group 1-52
2026-09-11 10:28:59,822 INFO o.a.j.t.JMeterThread: Thread finished: Thread Group 1-49
2026-09-11 10:28:59,822 INFO o.a.j.t.JMeterThread: Thread is done: Thread Group 1-50
2026-09-11 10:28:59,823 INFO o.a.j.t.JMeterThread: Thread finished: Thread Group 1-50
2026-09-11 10:28:59,823 INFO o.a.j.t.JMeterThread: Thread started: Thread Group 1-84
2026-09-11 10:28:59,823 INFO o.a.j.t.JMeterThread: Thread is done: Thread Group 1-51
2026-09-11 10:28:59,823 INFO o.a.j.t.JMeterThread: Thread is done: Thread Group 1-53
2026-09-11 10:28:59,823 INFO o.a.j.t.JMeterThread: Thread finished: Thread Group 1-51
2026-09-11 10:28:59,823 INFO o.a.j.t.JMeterThread: Thread finished: Thread Group 1-53
2026-09-11 10:28:59,823 INFO o.a.j.t.JMeterThread: Thread started: Thread Group 1-85
2026-09-11 10:28:59,825 INFO o.a.j.t.JMeterThread: Thread is done: Thread Group 1-54
2026-09-11 10:28:59,824 INFO o.a.j.t.JMeterThread: Thread started: Thread Group 1-86
2026-09-11 10:28:59,825 INFO o.a.j.t.JMeterThread: Thread is done: Thread Group 1-56
2026-09-11 10:28:59,825 INFO o.a.j.t.JMeterThread: Thread finished: Thread Group 1-54
2026-09-11 10:28:59,825 INFO o.a.j.t.JMeterThread: Thread finished: Thread Group 1-56
2026-09-11 10:28:59,825 INFO o.a.j.t.JMeterThread: Thread started: Thread Group 1-87
2026-09-11 10:28:59,825 INFO o.a.j.t.JMeterThread: Thread is done: Thread Group 1-55
2026-09-11 10:28:59,825 INFO o.a.j.t.JMeterThread: Thread finished: Thread Group 1-55
2026-09-11 10:28:59,825 INFO o.a.j.t.JMeterThread: Thread started: Thread Group 1-88
2026-09-11 10:28:59,826 INFO o.a.j.t.JMeterThread: Thread started: Thread Group 1-89
2026-09-11 10:28:59,826 INFO o.a.j.t.JMeterThread: Thread is done: Thread Group 1-57
2026-09-11 10:28:59,826 INFO o.a.j.t.JMeterThread: Thread finished: Thread Group 1-57
2026-09-11 10:28:59,827 INFO o.a.j.t.JMeterThread: Thread started: Thread Group 1-90
2026-09-11 10:28:59,827 INFO o.a.j.t.JMeterThread: Thread is done: Thread Group 1-59
2026-09-11 10:28:59,827 INFO o.a.j.t.JMeterThread: Thread finished: Thread Group 1-59
2026-09-11 10:28:59,828 INFO o.a.j.t.JMeterThread: Thread started: Thread Group 1-91
2026-09-11 10:28:59,828 INFO o.a.j.t.JMeterThread: Thread is done: Thread Group 1-58
2026-09-11 10:28:59,828 INFO o.a.j.t.JMeterThread: Thread finished: Thread Group 1-58
2026-09-11 10:28:59,828 INFO o.a.j.t.JMeterThread: Thread started: Thread Group 1-92
2026-09-11 10:28:59,828 INFO o.a.j.t.JMeterThread: Thread started: Thread Group 1-93
2026-09-11 10:28:59,829 INFO o.a.j.t.JMeterThread: Thread is done: Thread Group 1-61
2026-09-11 10:28:59,829 INFO o.a.j.t.JMeterThread: Thread is done: Thread Group 1-60
2026-09-11 10:28:59,829 INFO o.a.j.t.JMeterThread: Thread finished: Thread Group 1-61
2026-09-11 10:28:59,829 INFO o.a.j.t.JMeterThread: Thread is done: Thread Group 1-62
2026-09-11 10:28:59,829 INFO o.a.j.t.JMeterThread: Thread finished: Thread Group 1-60
2026-09-11 10:28:59,829 INFO o.a.j.t.JMeterThread: Thread finished: Thread Group 1-62
2026-09-11 10:28:59,829 INFO o.a.j.t.JMeterThread: Thread started: Thread Group 1-94
2026-09-11 10:28:59,829 INFO o.a.j.t.JMeterThread: Thread started: Thread Group 1-95
2026-09-11 10:28:59,830 INFO o.a.j.t.JMeterThread: Thread started: Thread Group 1-96
2026-09-11 10:28:59,831 INFO o.a.j.t.JMeterThread: Thread started: Thread Group 1-97
2026-09-11 10:28:59,831 INFO o.a.j.t.JMeterThread: Thread is done: Thread Group 1-63
2026-09-11 10:28:59,831 INFO o.a.j.t.JMeterThread: Thread finished: Thread Group 1-63
2026-09-11 10:28:59,831 INFO o.a.j.t.JMeterThread: Thread is done: Thread Group 1-65
2026-09-11 10:28:59,832 INFO o.a.j.t.JMeterThread: Thread finished: Thread Group 1-65
2026-09-11 10:28:59,832 INFO o.a.j.t.JMeterThread: Thread started: Thread Group 1-98
2026-09-11 10:28:59,832 INFO o.a.j.t.JMeterThread: Thread is done: Thread Group 1-64
2026-09-11 10:28:59,832 INFO o.a.j.t.JMeterThread: Thread started: Thread Group 1-99
2026-09-11 10:28:59,832 INFO o.a.j.t.JMeterThread: Thread finished: Thread Group 1-64
2026-09-11 10:28:59,832 INFO o.a.j.t.ThreadGroup: Started thread group number 1
2026-09-11 10:28:59,832 INFO o.a.j.e.StandardJMeterEngine: Starting ThreadGroup: 2 : 多用户下单
2026-09-11 10:28:59,832 INFO o.a.j.e.StandardJMeterEngine: Starting 100 threads for group 多用户下单.
2026-09-11 10:28:59,832 INFO o.a.j.e.StandardJMeterEngine: Thread will continue on error
2026-09-11 10:28:59,832 INFO o.a.j.t.ThreadGroup: Starting thread group... number=2 threads=100 ramp-up=0 delayedStart=false
2026-09-11 10:28:59,832 INFO o.a.j.t.JMeterThread: Thread started: Thread Group 1-100
2026-09-11 10:28:59,833 INFO o.a.j.t.JMeterThread: Thread started: 多用户下单 2-1
2026-09-11 10:28:59,834 INFO o.a.j.s.FileServer: Stored: D:\Desktop\tokens.txt
2026-09-11 10:28:59,834 INFO o.a.j.t.JMeterThread: Thread is done: Thread Group 1-66
2026-09-11 10:28:59,834 INFO o.a.j.t.JMeterThread: Thread finished: Thread Group 1-66
2026-09-11 10:28:59,834 INFO o.a.j.t.JMeterThread: Thread started: 多用户下单 2-2
2026-09-11 10:28:59,835 INFO o.a.j.t.JMeterThread: Thread started: 多用户下单 2-3
2026-09-11 10:28:59,835 INFO o.a.j.t.JMeterThread: Thread started: 多用户下单 2-4
2026-09-11 10:28:59,835 INFO o.a.j.t.JMeterThread: Thread is done: Thread Group 1-68
2026-09-11 10:28:59,836 INFO o.a.j.t.JMeterThread: Thread finished: Thread Group 1-68
2026-09-11 10:28:59,836 INFO o.a.j.t.JMeterThread: Thread started: 多用户下单 2-5
2026-09-11 10:28:59,837 INFO o.a.j.t.JMeterThread: Thread started: 多用户下单 2-6
2026-09-11 10:28:59,837 INFO o.a.j.t.JMeterThread: Thread is done: Thread Group 1-70
2026-09-11 10:28:59,837 INFO o.a.j.t.JMeterThread: Thread finished: Thread Group 1-70
2026-09-11 10:28:59,838 INFO o.a.j.t.JMeterThread: Thread started: 多用户下单 2-7
2026-09-11 10:28:59,838 INFO o.a.j.t.JMeterThread: Thread is done: Thread Group 1-67
2026-09-11 10:28:59,838 INFO o.a.j.t.JMeterThread: Thread finished: Thread Group 1-67
2026-09-11 10:28:59,838 INFO o.a.j.t.JMeterThread: Thread is done: Thread Group 1-69
2026-09-11 10:28:59,838 INFO o.a.j.t.JMeterThread: Thread finished: Thread Group 1-69
2026-09-11 10:28:59,838 INFO o.a.j.t.JMeterThread: Thread started: 多用户下单 2-8
2026-09-11 10:28:59,839 INFO o.a.j.t.JMeterThread: Thread is done: Thread Group 1-71
2026-09-11 10:28:59,839 INFO o.a.j.t.JMeterThread: Thread is done: Thread Group 1-72
2026-09-11 10:28:59,839 INFO o.a.j.t.JMeterThread: Thread finished: Thread Group 1-71
2026-09-11 10:28:59,839 INFO o.a.j.t.JMeterThread: Thread started: 多用户下单 2-9
2026-09-11 10:28:59,839 INFO o.a.j.t.JMeterThread: Thread finished: Thread Group 1-72
2026-09-11 10:28:59,839 INFO o.a.j.t.JMeterThread: Thread is done: Thread Group 1-74
2026-09-11 10:28:59,839 INFO o.a.j.t.JMeterThread: Thread started: 多用户下单 2-10
2026-09-11 10:28:59,840 INFO o.a.j.t.JMeterThread: Thread is done: Thread Group 1-73
2026-09-11 10:28:59,840 INFO o.a.j.t.JMeterThread: Thread finished: Thread Group 1-73
2026-09-11 10:28:59,839 INFO o.a.j.t.JMeterThread: Thread finished: Thread Group 1-74
2026-09-11 10:28:59,841 INFO o.a.j.t.JMeterThread: Thread started: 多用户下单 2-11
2026-09-11 10:28:59,841 INFO o.a.j.t.JMeterThread: Thread started: 多用户下单 2-12
2026-09-11 10:28:59,842 INFO o.a.j.t.JMeterThread: Thread is done: Thread Group 1-77
2026-09-11 10:28:59,842 INFO o.a.j.t.JMeterThread: Thread finished: Thread Group 1-77
2026-09-11 10:28:59,842 INFO o.a.j.t.JMeterThread: Thread is done: Thread Group 1-76
2026-09-11 10:28:59,842 INFO o.a.j.t.JMeterThread: Thread finished: Thread Group 1-76
2026-09-11 10:28:59,842 INFO o.a.j.t.JMeterThread: Thread started: 多用户下单 2-13
2026-09-11 10:28:59,842 INFO o.a.j.t.JMeterThread: Thread is done: Thread Group 1-75
2026-09-11 10:28:59,842 INFO o.a.j.t.JMeterThread: Thread finished: Thread Group 1-75
2026-09-11 10:28:59,842 INFO o.a.j.t.JMeterThread: Thread started: 多用户下单 2-14
2026-09-11 10:28:59,844 INFO o.a.j.t.JMeterThread: Thread is done: Thread Group 1-81
2026-09-11 10:28:59,844 INFO o.a.j.t.JMeterThread: Thread is done: Thread Group 1-78
2026-09-11 10:28:59,844 INFO o.a.j.t.JMeterThread: Thread finished: Thread Group 1-81
2026-09-11 10:28:59,844 INFO o.a.j.t.JMeterThread: Thread finished: Thread Group 1-78
2026-09-11 10:28:59,844 INFO o.a.j.t.JMeterThread: Thread is done: Thread Group 1-80
2026-09-11 10:28:59,844 INFO o.a.j.t.JMeterThread: Thread finished: Thread Group 1-80
2026-09-11 10:28:59,844 INFO o.a.j.t.JMeterThread: Thread started: 多用户下单 2-15
2026-09-11 10:28:59,844 INFO o.a.j.t.JMeterThread: Thread is done: Thread Group 1-82
2026-09-11 10:28:59,844 INFO o.a.j.t.JMeterThread: Thread is done: Thread Group 1-79
2026-09-11 10:28:59,844 INFO o.a.j.t.JMeterThread: Thread finished: Thread Group 1-82
2026-09-11 10:28:59,844 INFO o.a.j.t.JMeterThread: Thread finished: Thread Group 1-79
2026-09-11 10:28:59,844 INFO o.a.j.t.JMeterThread: Thread started: 多用户下单 2-16
2026-09-11 10:28:59,845 INFO o.a.j.t.JMeterThread: Thread started: 多用户下单 2-17
2026-09-11 10:28:59,845 INFO o.a.j.t.JMeterThread: Thread is done: Thread Group 1-86
2026-09-11 10:28:59,846 INFO o.a.j.t.JMeterThread: Thread finished: Thread Group 1-86
2026-09-11 10:28:59,846 INFO o.a.j.t.JMeterThread: Thread started: 多用户下单 2-18
2026-09-11 10:28:59,846 INFO o.a.j.t.JMeterThread: Thread is done: Thread Group 1-85
2026-09-11 10:28:59,846 INFO o.a.j.t.JMeterThread: Thread is done: Thread Group 1-84
2026-09-11 10:28:59,846 INFO o.a.j.t.JMeterThread: Thread is done: Thread Group 1-83
2026-09-11 10:28:59,846 INFO o.a.j.t.JMeterThread: Thread finished: Thread Group 1-85
2026-09-11 10:28:59,846 INFO o.a.j.t.JMeterThread: Thread finished: Thread Group 1-84
2026-09-11 10:28:59,846 INFO o.a.j.t.JMeterThread: Thread finished: Thread Group 1-83
2026-09-11 10:28:59,847 INFO o.a.j.t.JMeterThread: Thread is done: Thread Group 1-88
2026-09-11 10:28:59,847 INFO o.a.j.t.JMeterThread: Thread started: 多用户下单 2-19
2026-09-11 10:28:59,847 INFO o.a.j.t.JMeterThread: Thread finished: Thread Group 1-88
2026-09-11 10:28:59,847 INFO o.a.j.t.JMeterThread: Thread is done: Thread Group 1-89
2026-09-11 10:28:59,847 INFO o.a.j.t.JMeterThread: Thread is done: Thread Group 1-87
2026-09-11 10:28:59,847 INFO o.a.j.t.JMeterThread: Thread finished: Thread Group 1-89
2026-09-11 10:28:59,847 INFO o.a.j.t.JMeterThread: Thread finished: Thread Group 1-87
2026-09-11 10:28:59,848 INFO o.a.j.t.JMeterThread: Thread started: 多用户下单 2-20
2026-09-11 10:28:59,848 INFO o.a.j.t.JMeterThread: Thread is done: Thread Group 1-90
2026-09-11 10:28:59,848 INFO o.a.j.t.JMeterThread: Thread started: 多用户下单 2-21
2026-09-11 10:28:59,848 INFO o.a.j.t.JMeterThread: Thread is done: Thread Group 1-92
2026-09-11 10:28:59,848 INFO o.a.j.t.JMeterThread: Thread finished: Thread Group 1-90
2026-09-11 10:28:59,848 INFO o.a.j.t.JMeterThread: Thread finished: Thread Group 1-92
2026-09-11 10:28:59,849 INFO o.a.j.t.JMeterThread: Thread is done: Thread Group 1-91
2026-09-11 10:28:59,849 INFO o.a.j.t.JMeterThread: Thread is done: Thread Group 1-93
2026-09-11 10:28:59,849 INFO o.a.j.t.JMeterThread: Thread finished: Thread Group 1-91
2026-09-11 10:28:59,849 INFO o.a.j.t.JMeterThread: Thread finished: Thread Group 1-93
2026-09-11 10:28:59,849 INFO o.a.j.t.JMeterThread: Thread started: 多用户下单 2-22
2026-09-11 10:28:59,849 INFO o.a.j.t.JMeterThread: Thread started: 多用户下单 2-23
2026-09-11 10:28:59,850 INFO o.a.j.t.JMeterThread: Thread is done: Thread Group 1-94
2026-09-11 10:28:59,850 INFO o.a.j.t.JMeterThread: Thread finished: Thread Group 1-94
2026-09-11 10:28:59,850 INFO o.a.j.t.JMeterThread: Thread is done: Thread Group 1-95
2026-09-11 10:28:59,850 INFO o.a.j.t.JMeterThread: Thread finished: Thread Group 1-95
2026-09-11 10:28:59,850 INFO o.a.j.t.JMeterThread: Thread started: 多用户下单 2-24
2026-09-11 10:28:59,851 INFO o.a.j.t.JMeterThread: Thread is done: Thread Group 1-96
2026-09-11 10:28:59,851 INFO o.a.j.t.JMeterThread: Thread finished: Thread Group 1-96
2026-09-11 10:28:59,851 INFO o.a.j.t.JMeterThread: Thread started: 多用户下单 2-25
2026-09-11 10:28:59,852 INFO o.a.j.t.JMeterThread: Thread started: 多用户下单 2-26
2026-09-11 10:28:59,852 INFO o.a.j.t.JMeterThread: Thread is done: Thread Group 1-97
2026-09-11 10:28:59,852 INFO o.a.j.t.JMeterThread: Thread finished: Thread Group 1-97
2026-09-11 10:28:59,852 INFO o.a.j.t.JMeterThread: Thread started: 多用户下单 2-27
2026-09-11 10:28:59,852 INFO o.a.j.t.JMeterThread: Thread is done: Thread Group 1-98
2026-09-11 10:28:59,852 INFO o.a.j.t.JMeterThread: Thread finished: Thread Group 1-98
2026-09-11 10:28:59,853 INFO o.a.j.t.JMeterThread: Thread started: 多用户下单 2-28
2026-09-11 10:28:59,853 INFO o.a.j.t.JMeterThread: Thread is done: Thread Group 1-99
2026-09-11 10:28:59,853 INFO o.a.j.t.JMeterThread: Thread is done: Thread Group 1-100
2026-09-11 10:28:59,854 INFO o.a.j.t.JMeterThread: Thread finished: Thread Group 1-99
2026-09-11 10:28:59,854 INFO o.a.j.t.JMeterThread: Thread finished: Thread Group 1-100
2026-09-11 10:28:59,854 INFO o.a.j.t.JMeterThread: Thread is done: 多用户下单 2-1
2026-09-11 10:28:59,854 INFO o.a.j.t.JMeterThread: Thread started: 多用户下单 2-29
2026-09-11 10:28:59,855 INFO o.a.j.t.JMeterThread: Thread finished: 多用户下单 2-1
2026-09-11 10:28:59,855 INFO o.a.j.t.JMeterThread: Thread started: 多用户下单 2-30
2026-09-11 10:28:59,855 INFO o.a.j.t.JMeterThread: Thread is done: 多用户下单 2-3
2026-09-11 10:28:59,855 INFO o.a.j.t.JMeterThread: Thread finished: 多用户下单 2-3
2026-09-11 10:28:59,855 INFO o.a.j.t.JMeterThread: Thread started: 多用户下单 2-31
2026-09-11 10:28:59,856 INFO o.a.j.t.JMeterThread: Thread is done: 多用户下单 2-2
2026-09-11 10:28:59,856 INFO o.a.j.t.JMeterThread: Thread finished: 多用户下单 2-2
2026-09-11 10:28:59,856 INFO o.a.j.t.JMeterThread: Thread started: 多用户下单 2-32
2026-09-11 10:28:59,856 INFO o.a.j.t.JMeterThread: Thread is done: 多用户下单 2-4
2026-09-11 10:28:59,856 INFO o.a.j.t.JMeterThread: Thread finished: 多用户下单 2-4
2026-09-11 10:28:59,857 INFO o.a.j.t.JMeterThread: Thread is done: 多用户下单 2-5
2026-09-11 10:28:59,857 INFO o.a.j.t.JMeterThread: Thread finished: 多用户下单 2-5
2026-09-11 10:28:59,857 INFO o.a.j.t.JMeterThread: Thread started: 多用户下单 2-33
2026-09-11 10:28:59,857 INFO o.a.j.t.JMeterThread: Thread started: 多用户下单 2-34
2026-09-11 10:28:59,857 INFO o.a.j.t.JMeterThread: Thread is done: 多用户下单 2-6
2026-09-11 10:28:59,857 INFO o.a.j.t.JMeterThread: Thread finished: 多用户下单 2-6
2026-09-11 10:28:59,858 INFO o.a.j.t.JMeterThread: Thread started: 多用户下单 2-35
2026-09-11 10:28:59,858 INFO o.a.j.t.JMeterThread: Thread is done: 多用户下单 2-7
2026-09-11 10:28:59,859 INFO o.a.j.t.JMeterThread: Thread finished: 多用户下单 2-7
2026-09-11 10:28:59,859 INFO o.a.j.t.JMeterThread: Thread started: 多用户下单 2-36
2026-09-11 10:28:59,859 INFO o.a.j.t.JMeterThread: Thread is done: 多用户下单 2-8
2026-09-11 10:28:59,859 INFO o.a.j.t.JMeterThread: Thread finished: 多用户下单 2-8
2026-09-11 10:28:59,859 INFO o.a.j.t.JMeterThread: Thread started: 多用户下单 2-37
2026-09-11 10:28:59,860 INFO o.a.j.t.JMeterThread: Thread started: 多用户下单 2-38
2026-09-11 10:28:59,861 INFO o.a.j.t.JMeterThread: Thread is done: 多用户下单 2-9
2026-09-11 10:28:59,861 INFO o.a.j.t.JMeterThread: Thread is done: 多用户下单 2-10
2026-09-11 10:28:59,861 INFO o.a.j.t.JMeterThread: Thread finished: 多用户下单 2-10
2026-09-11 10:28:59,861 INFO o.a.j.t.JMeterThread: Thread finished: 多用户下单 2-9
2026-09-11 10:28:59,861 INFO o.a.j.t.JMeterThread: Thread is done: 多用户下单 2-11
2026-09-11 10:28:59,861 INFO o.a.j.t.JMeterThread: Thread finished: 多用户下单 2-11
2026-09-11 10:28:59,861 INFO o.a.j.t.JMeterThread: Thread started: 多用户下单 2-39
2026-09-11 10:28:59,862 INFO o.a.j.t.JMeterThread: Thread is done: 多用户下单 2-12
2026-09-11 10:28:59,862 INFO o.a.j.t.JMeterThread: Thread finished: 多用户下单 2-12
2026-09-11 10:28:59,862 INFO o.a.j.t.JMeterThread: Thread started: 多用户下单 2-40
2026-09-11 10:28:59,862 INFO o.a.j.t.JMeterThread: Thread started: 多用户下单 2-41
2026-09-11 10:28:59,863 INFO o.a.j.t.JMeterThread: Thread is done: 多用户下单 2-13
2026-09-11 10:28:59,863 INFO o.a.j.t.JMeterThread: Thread finished: 多用户下单 2-13
2026-09-11 10:28:59,863 INFO o.a.j.t.JMeterThread: Thread started: 多用户下单 2-42
2026-09-11 10:28:59,863 INFO o.a.j.t.JMeterThread: Thread is done: 多用户下单 2-14
2026-09-11 10:28:59,863 INFO o.a.j.t.JMeterThread: Thread finished: 多用户下单 2-14
2026-09-11 10:28:59,864 INFO o.a.j.t.JMeterThread: Thread started: 多用户下单 2-43
2026-09-11 10:28:59,864 INFO o.a.j.t.JMeterThread: Thread is done: 多用户下单 2-15
2026-09-11 10:28:59,864 INFO o.a.j.t.JMeterThread: Thread finished: 多用户下单 2-15
2026-09-11 10:28:59,864 INFO o.a.j.t.JMeterThread: Thread started: 多用户下单 2-44
2026-09-11 10:28:59,864 INFO o.a.j.t.JMeterThread: Thread is done: 多用户下单 2-16
2026-09-11 10:28:59,864 INFO o.a.j.t.JMeterThread: Thread finished: 多用户下单 2-16
2026-09-11 10:28:59,865 INFO o.a.j.t.JMeterThread: Thread is done: 多用户下单 2-17
2026-09-11 10:28:59,865 INFO o.a.j.t.JMeterThread: Thread finished: 多用户下单 2-17
2026-09-11 10:28:59,865 INFO o.a.j.t.JMeterThread: Thread started: 多用户下单 2-45
2026-09-11 10:28:59,866 INFO o.a.j.t.JMeterThread: Thread started: 多用户下单 2-46
2026-09-11 10:28:59,866 INFO o.a.j.t.JMeterThread: Thread is done: 多用户下单 2-18
2026-09-11 10:28:59,866 INFO o.a.j.t.JMeterThread: Thread finished: 多用户下单 2-18
2026-09-11 10:28:59,867 INFO o.a.j.t.JMeterThread: Thread started: 多用户下单 2-47
2026-09-11 10:28:59,867 INFO o.a.j.t.JMeterThread: Thread is done: 多用户下单 2-19
2026-09-11 10:28:59,867 INFO o.a.j.t.JMeterThread: Thread finished: 多用户下单 2-19
2026-09-11 10:28:59,867 INFO o.a.j.t.JMeterThread: Thread started: 多用户下单 2-48
2026-09-11 10:28:59,867 INFO o.a.j.t.JMeterThread: Thread is done: 多用户下单 2-21
2026-09-11 10:28:59,867 INFO o.a.j.t.JMeterThread: Thread finished: 多用户下单 2-21
2026-09-11 10:28:59,867 INFO o.a.j.t.JMeterThread: Thread is done: 多用户下单 2-20
2026-09-11 10:28:59,867 INFO o.a.j.t.JMeterThread: Thread finished: 多用户下单 2-20
2026-09-11 10:28:59,867 INFO o.a.j.t.JMeterThread: Thread started: 多用户下单 2-49
2026-09-11 10:28:59,868 INFO o.a.j.t.JMeterThread: Thread is done: 多用户下单 2-22
2026-09-11 10:28:59,869 INFO o.a.j.t.JMeterThread: Thread finished: 多用户下单 2-22
2026-09-11 10:28:59,869 INFO o.a.j.t.JMeterThread: Thread started: 多用户下单 2-50
2026-09-11 10:28:59,869 INFO o.a.j.t.JMeterThread: Thread is done: 多用户下单 2-23
2026-09-11 10:28:59,869 INFO o.a.j.t.JMeterThread: Thread finished: 多用户下单 2-23
2026-09-11 10:28:59,869 INFO o.a.j.t.JMeterThread: Thread started: 多用户下单 2-51
2026-09-11 10:28:59,870 INFO o.a.j.t.JMeterThread: Thread is done: 多用户下单 2-25
2026-09-11 10:28:59,870 INFO o.a.j.t.JMeterThread: Thread finished: 多用户下单 2-25
2026-09-11 10:28:59,870 INFO o.a.j.t.JMeterThread: Thread started: 多用户下单 2-52
2026-09-11 10:28:59,871 INFO o.a.j.t.JMeterThread: Thread started: 多用户下单 2-53
2026-09-11 10:28:59,871 INFO o.a.j.t.JMeterThread: Thread is done: 多用户下单 2-24
2026-09-11 10:28:59,872 INFO o.a.j.t.JMeterThread: Thread finished: 多用户下单 2-24
2026-09-11 10:28:59,871 INFO o.a.j.t.JMeterThread: Thread started: 多用户下单 2-54
2026-09-11 10:28:59,872 INFO o.a.j.t.JMeterThread: Thread started: 多用户下单 2-55
2026-09-11 10:28:59,873 INFO o.a.j.t.JMeterThread: Thread is done: 多用户下单 2-26
2026-09-11 10:28:59,873 INFO o.a.j.t.JMeterThread: Thread is done: 多用户下单 2-27
2026-09-11 10:28:59,873 INFO o.a.j.t.JMeterThread: Thread finished: 多用户下单 2-26
2026-09-11 10:28:59,873 INFO o.a.j.t.JMeterThread: Thread finished: 多用户下单 2-27
2026-09-11 10:28:59,873 INFO o.a.j.t.JMeterThread: Thread started: 多用户下单 2-56
2026-09-11 10:28:59,874 INFO o.a.j.t.JMeterThread: Thread is done: 多用户下单 2-29
2026-09-11 10:28:59,874 INFO o.a.j.t.JMeterThread: Thread is done: 多用户下单 2-28
2026-09-11 10:28:59,874 INFO o.a.j.t.JMeterThread: Thread finished: 多用户下单 2-29
2026-09-11 10:28:59,874 INFO o.a.j.t.JMeterThread: Thread finished: 多用户下单 2-28
2026-09-11 10:28:59,874 INFO o.a.j.t.JMeterThread: Thread started: 多用户下单 2-57
2026-09-11 10:28:59,874 INFO o.a.j.t.JMeterThread: Thread started: 多用户下单 2-58
2026-09-11 10:28:59,874 INFO o.a.j.t.JMeterThread: Thread started: 多用户下单 2-59
2026-09-11 10:28:59,875 INFO o.a.j.t.JMeterThread: Thread is done: 多用户下单 2-30
2026-09-11 10:28:59,875 INFO o.a.j.t.JMeterThread: Thread finished: 多用户下单 2-30
2026-09-11 10:28:59,875 INFO o.a.j.t.JMeterThread: Thread started: 多用户下单 2-60
2026-09-11 10:28:59,876 INFO o.a.j.t.JMeterThread: Thread is done: 多用户下单 2-31
2026-09-11 10:28:59,876 INFO o.a.j.t.JMeterThread: Thread finished: 多用户下单 2-31
2026-09-11 10:28:59,876 INFO o.a.j.t.JMeterThread: Thread started: 多用户下单 2-61
2026-09-11 10:28:59,877 INFO o.a.j.t.JMeterThread: Thread is done: 多用户下单 2-32
2026-09-11 10:28:59,877 INFO o.a.j.t.JMeterThread: Thread finished: 多用户下单 2-32
2026-09-11 10:28:59,877 INFO o.a.j.t.JMeterThread: Thread started: 多用户下单 2-62
2026-09-11 10:28:59,877 INFO o.a.j.t.JMeterThread: Thread is done: 多用户下单 2-33
2026-09-11 10:28:59,877 INFO o.a.j.t.JMeterThread: Thread finished: 多用户下单 2-33
2026-09-11 10:28:59,877 INFO o.a.j.t.JMeterThread: Thread started: 多用户下单 2-63
2026-09-11 10:28:59,878 INFO o.a.j.t.JMeterThread: Thread started: 多用户下单 2-64
2026-09-11 10:28:59,878 INFO o.a.j.t.JMeterThread: Thread is done: 多用户下单 2-34
2026-09-11 10:28:59,879 INFO o.a.j.t.JMeterThread: Thread finished: 多用户下单 2-34
2026-09-11 10:28:59,879 INFO o.a.j.t.JMeterThread: Thread started: 多用户下单 2-65
2026-09-11 10:28:59,879 INFO o.a.j.t.JMeterThread: Thread is done: 多用户下单 2-35
2026-09-11 10:28:59,879 INFO o.a.j.t.JMeterThread: Thread finished: 多用户下单 2-35
2026-09-11 10:28:59,879 INFO o.a.j.t.JMeterThread: Thread is done: 多用户下单 2-36
2026-09-11 10:28:59,879 INFO o.a.j.t.JMeterThread: Thread finished: 多用户下单 2-36
2026-09-11 10:28:59,879 INFO o.a.j.t.JMeterThread: Thread started: 多用户下单 2-66
2026-09-11 10:28:59,879 INFO o.a.j.t.JMeterThread: Thread is done: 多用户下单 2-37
2026-09-11 10:28:59,880 INFO o.a.j.t.JMeterThread: Thread finished: 多用户下单 2-37
2026-09-11 10:28:59,880 INFO o.a.j.t.JMeterThread: Thread started: 多用户下单 2-67
2026-09-11 10:28:59,881 INFO o.a.j.t.JMeterThread: Thread is done: 多用户下单 2-38
2026-09-11 10:28:59,881 INFO o.a.j.t.JMeterThread: Thread finished: 多用户下单 2-38
2026-09-11 10:28:59,881 INFO o.a.j.t.JMeterThread: Thread started: 多用户下单 2-68
2026-09-11 10:28:59,881 INFO o.a.j.t.JMeterThread: Thread is done: 多用户下单 2-39
2026-09-11 10:28:59,881 INFO o.a.j.t.JMeterThread: Thread finished: 多用户下单 2-39
2026-09-11 10:28:59,881 INFO o.a.j.t.JMeterThread: Thread started: 多用户下单 2-69
2026-09-11 10:28:59,882 INFO o.a.j.t.JMeterThread: Thread started: 多用户下单 2-70
2026-09-11 10:28:59,883 INFO o.a.j.t.JMeterThread: Thread started: 多用户下单 2-71
2026-09-11 10:28:59,884 INFO o.a.j.t.JMeterThread: Thread is done: 多用户下单 2-40
2026-09-11 10:28:59,884 INFO o.a.j.t.JMeterThread: Thread is done: 多用户下单 2-41
2026-09-11 10:28:59,884 INFO o.a.j.t.JMeterThread: Thread finished: 多用户下单 2-40
2026-09-11 10:28:59,884 INFO o.a.j.t.JMeterThread: Thread finished: 多用户下单 2-41
2026-09-11 10:28:59,884 INFO o.a.j.t.JMeterThread: Thread started: 多用户下单 2-72
2026-09-11 10:28:59,884 INFO o.a.j.t.JMeterThread: Thread is done: 多用户下单 2-42
2026-09-11 10:28:59,884 INFO o.a.j.t.JMeterThread: Thread started: 多用户下单 2-73
2026-09-11 10:28:59,884 INFO o.a.j.t.JMeterThread: Thread finished: 多用户下单 2-42
2026-09-11 10:28:59,885 INFO o.a.j.t.JMeterThread: Thread started: 多用户下单 2-74
2026-09-11 10:28:59,885 INFO o.a.j.t.JMeterThread: Thread is done: 多用户下单 2-43
2026-09-11 10:28:59,886 INFO o.a.j.t.JMeterThread: Thread finished: 多用户下单 2-43
2026-09-11 10:28:59,886 INFO o.a.j.t.JMeterThread: Thread started: 多用户下单 2-75
2026-09-11 10:28:59,886 INFO o.a.j.t.JMeterThread: Thread is done: 多用户下单 2-44
2026-09-11 10:28:59,886 INFO o.a.j.t.JMeterThread: Thread finished: 多用户下单 2-44
2026-09-11 10:28:59,886 INFO o.a.j.t.JMeterThread: Thread started: 多用户下单 2-76
2026-09-11 10:28:59,887 INFO o.a.j.t.JMeterThread: Thread is done: 多用户下单 2-45
2026-09-11 10:28:59,887 INFO o.a.j.t.JMeterThread: Thread finished: 多用户下单 2-45
2026-09-11 10:28:59,887 INFO o.a.j.t.JMeterThread: Thread started: 多用户下单 2-77
2026-09-11 10:28:59,887 INFO o.a.j.t.JMeterThread: Thread is done: 多用户下单 2-46
2026-09-11 10:28:59,887 INFO o.a.j.t.JMeterThread: Thread finished: 多用户下单 2-46
2026-09-11 10:28:59,888 INFO o.a.j.t.JMeterThread: Thread is done: 多用户下单 2-47
2026-09-11 10:28:59,888 INFO o.a.j.t.JMeterThread: Thread finished: 多用户下单 2-47
2026-09-11 10:28:59,888 INFO o.a.j.t.JMeterThread: Thread started: 多用户下单 2-78
2026-09-11 10:28:59,889 INFO o.a.j.t.JMeterThread: Thread started: 多用户下单 2-79
2026-09-11 10:28:59,889 INFO o.a.j.t.JMeterThread: Thread started: 多用户下单 2-80
2026-09-11 10:28:59,889 INFO o.a.j.t.JMeterThread: Thread is done: 多用户下单 2-48
2026-09-11 10:28:59,889 INFO o.a.j.t.JMeterThread: Thread finished: 多用户下单 2-48
2026-09-11 10:28:59,890 INFO o.a.j.t.JMeterThread: Thread is done: 多用户下单 2-49
2026-09-11 10:28:59,890 INFO o.a.j.t.JMeterThread: Thread finished: 多用户下单 2-49
2026-09-11 10:28:59,890 INFO o.a.j.t.JMeterThread: Thread started: 多用户下单 2-81
2026-09-11 10:28:59,890 INFO o.a.j.t.JMeterThread: Thread is done: 多用户下单 2-51
2026-09-11 10:28:59,890 INFO o.a.j.t.JMeterThread: Thread finished: 多用户下单 2-51
2026-09-11 10:28:59,890 INFO o.a.j.t.JMeterThread: Thread started: 多用户下单 2-82
2026-09-11 10:28:59,890 INFO o.a.j.t.JMeterThread: Thread started: 多用户下单 2-83
2026-09-11 10:28:59,891 INFO o.a.j.t.JMeterThread: Thread is done: 多用户下单 2-52
2026-09-11 10:28:59,891 INFO o.a.j.t.JMeterThread: Thread finished: 多用户下单 2-52
2026-09-11 10:28:59,892 INFO o.a.j.t.JMeterThread: Thread started: 多用户下单 2-84
2026-09-11 10:28:59,892 INFO o.a.j.t.JMeterThread: Thread is done: 多用户下单 2-50
2026-09-11 10:28:59,892 INFO o.a.j.t.JMeterThread: Thread finished: 多用户下单 2-50
2026-09-11 10:28:59,892 INFO o.a.j.t.JMeterThread: Thread started: 多用户下单 2-85
2026-09-11 10:28:59,893 INFO o.a.j.t.JMeterThread: Thread started: 多用户下单 2-86
2026-09-11 10:28:59,893 INFO o.a.j.t.JMeterThread: Thread is done: 多用户下单 2-53
2026-09-11 10:28:59,893 INFO o.a.j.t.JMeterThread: Thread finished: 多用户下单 2-53
2026-09-11 10:28:59,893 INFO o.a.j.t.JMeterThread: Thread started: 多用户下单 2-87
2026-09-11 10:28:59,894 INFO o.a.j.t.JMeterThread: Thread started: 多用户下单 2-88
2026-09-11 10:28:59,894 INFO o.a.j.t.JMeterThread: Thread started: 多用户下单 2-89
2026-09-11 10:28:59,895 INFO o.a.j.t.JMeterThread: Thread is done: 多用户下单 2-56
2026-09-11 10:28:59,895 INFO o.a.j.t.JMeterThread: Thread finished: 多用户下单 2-56
2026-09-11 10:28:59,895 INFO o.a.j.t.JMeterThread: Thread is done: 多用户下单 2-54
2026-09-11 10:28:59,895 INFO o.a.j.t.JMeterThread: Thread finished: 多用户下单 2-54
2026-09-11 10:28:59,895 INFO o.a.j.t.JMeterThread: Thread is done: 多用户下单 2-55
2026-09-11 10:28:59,895 INFO o.a.j.t.JMeterThread: Thread finished: 多用户下单 2-55
2026-09-11 10:28:59,895 INFO o.a.j.t.JMeterThread: Thread started: 多用户下单 2-90
2026-09-11 10:28:59,896 INFO o.a.j.t.JMeterThread: Thread is done: 多用户下单 2-59
2026-09-11 10:28:59,896 INFO o.a.j.t.JMeterThread: Thread started: 多用户下单 2-91
2026-09-11 10:28:59,896 INFO o.a.j.t.JMeterThread: Thread finished: 多用户下单 2-59
2026-09-11 10:28:59,897 INFO o.a.j.t.JMeterThread: Thread is done: 多用户下单 2-57
2026-09-11 10:28:59,897 INFO o.a.j.t.JMeterThread: Thread finished: 多用户下单 2-57
2026-09-11 10:28:59,897 INFO o.a.j.t.JMeterThread: Thread is done: 多用户下单 2-58
2026-09-11 10:28:59,897 INFO o.a.j.t.JMeterThread: Thread started: 多用户下单 2-92
2026-09-11 10:28:59,897 INFO o.a.j.t.JMeterThread: Thread finished: 多用户下单 2-58
2026-09-11 10:28:59,897 INFO o.a.j.t.JMeterThread: Thread started: 多用户下单 2-93
2026-09-11 10:28:59,898 INFO o.a.j.t.JMeterThread: Thread started: 多用户下单 2-94
2026-09-11 10:28:59,899 INFO o.a.j.t.JMeterThread: Thread is done: 多用户下单 2-63
2026-09-11 10:28:59,899 INFO o.a.j.t.JMeterThread: Thread finished: 多用户下单 2-63
2026-09-11 10:28:59,899 INFO o.a.j.t.JMeterThread: Thread started: 多用户下单 2-95
2026-09-11 10:28:59,899 INFO o.a.j.t.JMeterThread: Thread is done: 多用户下单 2-60
2026-09-11 10:28:59,899 INFO o.a.j.t.JMeterThread: Thread is done: 多用户下单 2-62
2026-09-11 10:28:59,899 INFO o.a.j.t.JMeterThread: Thread finished: 多用户下单 2-60
2026-09-11 10:28:59,899 INFO o.a.j.t.JMeterThread: Thread is done: 多用户下单 2-61
2026-09-11 10:28:59,899 INFO o.a.j.t.JMeterThread: Thread finished: 多用户下单 2-62
2026-09-11 10:28:59,899 INFO o.a.j.t.JMeterThread: Thread finished: 多用户下单 2-61
2026-09-11 10:28:59,900 INFO o.a.j.t.JMeterThread: Thread started: 多用户下单 2-96
2026-09-11 10:28:59,901 INFO o.a.j.t.JMeterThread: Thread started: 多用户下单 2-97
2026-09-11 10:28:59,901 INFO o.a.j.t.JMeterThread: Thread started: 多用户下单 2-98
2026-09-11 10:28:59,902 INFO o.a.j.t.JMeterThread: Thread started: 多用户下单 2-99
2026-09-11 10:28:59,902 INFO o.a.j.t.ThreadGroup: Started thread group number 2
2026-09-11 10:28:59,902 INFO o.a.j.e.StandardJMeterEngine: All thread groups have been started
2026-09-11 10:28:59,902 INFO o.a.j.t.JMeterThread: Thread is done: 多用户下单 2-64
2026-09-11 10:28:59,902 INFO o.a.j.t.JMeterThread: Thread finished: 多用户下单 2-64
2026-09-11 10:28:59,903 INFO o.a.j.t.JMeterThread: Thread started: 多用户下单 2-100
2026-09-11 10:28:59,903 INFO o.a.j.t.JMeterThread: Thread is done: 多用户下单 2-65
2026-09-11 10:28:59,903 INFO o.a.j.t.JMeterThread: Thread finished: 多用户下单 2-65
2026-09-11 10:28:59,904 INFO o.a.j.t.JMeterThread: Thread is done: 多用户下单 2-67
2026-09-11 10:28:59,904 INFO o.a.j.t.JMeterThread: Thread is done: 多用户下单 2-66
2026-09-11 10:28:59,905 INFO o.a.j.t.JMeterThread: Thread finished: 多用户下单 2-67
2026-09-11 10:28:59,905 INFO o.a.j.t.JMeterThread: Thread finished: 多用户下单 2-66
2026-09-11 10:28:59,905 INFO o.a.j.t.JMeterThread: Thread is done: 多用户下单 2-68
2026-09-11 10:28:59,905 INFO o.a.j.t.JMeterThread: Thread finished: 多用户下单 2-68
2026-09-11 10:28:59,906 INFO o.a.j.t.JMeterThread: Thread is done: 多用户下单 2-70
2026-09-11 10:28:59,906 INFO o.a.j.t.JMeterThread: Thread finished: 多用户下单 2-70
2026-09-11 10:28:59,906 INFO o.a.j.t.JMeterThread: Thread is done: 多用户下单 2-69
2026-09-11 10:28:59,906 INFO o.a.j.t.JMeterThread: Thread finished: 多用户下单 2-69
2026-09-11 10:28:59,907 INFO o.a.j.t.JMeterThread: Thread is done: 多用户下单 2-72
2026-09-11 10:28:59,907 INFO o.a.j.t.JMeterThread: Thread finished: 多用户下单 2-72
2026-09-11 10:28:59,908 INFO o.a.j.t.JMeterThread: Thread is done: 多用户下单 2-73
2026-09-11 10:28:59,908 INFO o.a.j.t.JMeterThread: Thread is done: 多用户下单 2-71
2026-09-11 10:28:59,908 INFO o.a.j.t.JMeterThread: Thread finished: 多用户下单 2-73
2026-09-11 10:28:59,908 INFO o.a.j.t.JMeterThread: Thread finished: 多用户下单 2-71
2026-09-11 10:28:59,909 INFO o.a.j.t.JMeterThread: Thread is done: 多用户下单 2-74
2026-09-11 10:28:59,909 INFO o.a.j.t.JMeterThread: Thread finished: 多用户下单 2-74
2026-09-11 10:28:59,910 INFO o.a.j.t.JMeterThread: Thread is done: 多用户下单 2-75
2026-09-11 10:28:59,910 INFO o.a.j.t.JMeterThread: Thread finished: 多用户下单 2-75
2026-09-11 10:28:59,910 INFO o.a.j.t.JMeterThread: Thread is done: 多用户下单 2-76
2026-09-11 10:28:59,910 INFO o.a.j.t.JMeterThread: Thread finished: 多用户下单 2-76
2026-09-11 10:28:59,911 INFO o.a.j.t.JMeterThread: Thread is done: 多用户下单 2-77
2026-09-11 10:28:59,911 INFO o.a.j.t.JMeterThread: Thread finished: 多用户下单 2-77
2026-09-11 10:28:59,912 INFO o.a.j.t.JMeterThread: Thread is done: 多用户下单 2-79
2026-09-11 10:28:59,912 INFO o.a.j.t.JMeterThread: Thread finished: 多用户下单 2-79
2026-09-11 10:28:59,912 INFO o.a.j.t.JMeterThread: Thread is done: 多用户下单 2-78
2026-09-11 10:28:59,912 INFO o.a.j.t.JMeterThread: Thread finished: 多用户下单 2-78
2026-09-11 10:28:59,912 INFO o.a.j.t.JMeterThread: Thread is done: 多用户下单 2-80
2026-09-11 10:28:59,912 INFO o.a.j.t.JMeterThread: Thread finished: 多用户下单 2-80
2026-09-11 10:28:59,914 INFO o.a.j.t.JMeterThread: Thread is done: 多用户下单 2-81
2026-09-11 10:28:59,914 INFO o.a.j.t.JMeterThread: Thread finished: 多用户下单 2-81
2026-09-11 10:28:59,914 INFO o.a.j.t.JMeterThread: Thread is done: 多用户下单 2-82
2026-09-11 10:28:59,914 INFO o.a.j.t.JMeterThread: Thread finished: 多用户下单 2-82
2026-09-11 10:28:59,915 INFO o.a.j.t.JMeterThread: Thread is done: 多用户下单 2-83
2026-09-11 10:28:59,915 INFO o.a.j.t.JMeterThread: Thread finished: 多用户下单 2-83
2026-09-11 10:28:59,916 INFO o.a.j.t.JMeterThread: Thread is done: 多用户下单 2-85
2026-09-11 10:28:59,916 INFO o.a.j.t.JMeterThread: Thread finished: 多用户下单 2-85
2026-09-11 10:28:59,916 INFO o.a.j.t.JMeterThread: Thread is done: 多用户下单 2-84
2026-09-11 10:28:59,916 INFO o.a.j.t.JMeterThread: Thread finished: 多用户下单 2-84
2026-09-11 10:28:59,917 INFO o.a.j.t.JMeterThread: Thread is done: 多用户下单 2-87
2026-09-11 10:28:59,917 INFO o.a.j.t.JMeterThread: Thread finished: 多用户下单 2-87
2026-09-11 10:28:59,917 INFO o.a.j.t.JMeterThread: Thread is done: 多用户下单 2-88
2026-09-11 10:28:59,917 INFO o.a.j.t.JMeterThread: Thread finished: 多用户下单 2-88
2026-09-11 10:28:59,918 INFO o.a.j.t.JMeterThread: Thread is done: 多用户下单 2-89
2026-09-11 10:28:59,918 INFO o.a.j.t.JMeterThread: Thread finished: 多用户下单 2-89
2026-09-11 10:28:59,919 INFO o.a.j.t.JMeterThread: Thread is done: 多用户下单 2-86
2026-09-11 10:28:59,919 INFO o.a.j.t.JMeterThread: Thread finished: 多用户下单 2-86
2026-09-11 10:28:59,919 INFO o.a.j.t.JMeterThread: Thread is done: 多用户下单 2-90
2026-09-11 10:28:59,919 INFO o.a.j.t.JMeterThread: Thread finished: 多用户下单 2-90
2026-09-11 10:28:59,919 INFO o.a.j.t.JMeterThread: Thread is done: 多用户下单 2-91
2026-09-11 10:28:59,919 INFO o.a.j.t.JMeterThread: Thread finished: 多用户下单 2-91
2026-09-11 10:28:59,920 INFO o.a.j.t.JMeterThread: Thread is done: 多用户下单 2-92
2026-09-11 10:28:59,920 INFO o.a.j.t.JMeterThread: Thread finished: 多用户下单 2-92
2026-09-11 10:28:59,920 INFO o.a.j.t.JMeterThread: Thread is done: 多用户下单 2-93
2026-09-11 10:28:59,920 INFO o.a.j.t.JMeterThread: Thread finished: 多用户下单 2-93
2026-09-11 10:28:59,921 INFO o.a.j.t.JMeterThread: Thread is done: 多用户下单 2-94
2026-09-11 10:28:59,921 INFO o.a.j.t.JMeterThread: Thread finished: 多用户下单 2-94
2026-09-11 10:28:59,922 INFO o.a.j.t.JMeterThread: Thread is done: 多用户下单 2-95
2026-09-11 10:28:59,922 INFO o.a.j.t.JMeterThread: Thread finished: 多用户下单 2-95
2026-09-11 10:28:59,922 INFO o.a.j.t.JMeterThread: Thread is done: 多用户下单 2-96
2026-09-11 10:28:59,922 INFO o.a.j.t.JMeterThread: Thread finished: 多用户下单 2-96
2026-09-11 10:28:59,923 INFO o.a.j.t.JMeterThread: Thread is done: 多用户下单 2-97
2026-09-11 10:28:59,923 INFO o.a.j.t.JMeterThread: Thread finished: 多用户下单 2-97
2026-09-11 10:28:59,923 INFO o.a.j.t.JMeterThread: Thread is done: 多用户下单 2-98
2026-09-11 10:28:59,924 INFO o.a.j.t.JMeterThread: Thread finished: 多用户下单 2-98
2026-09-11 10:28:59,924 INFO o.a.j.t.JMeterThread: Thread is done: 多用户下单 2-99
2026-09-11 10:28:59,924 INFO o.a.j.t.JMeterThread: Thread finished: 多用户下单 2-99
2026-09-11 10:28:59,925 INFO o.a.j.t.JMeterThread: Thread is done: 多用户下单 2-100
2026-09-11 10:28:59,925 INFO o.a.j.t.JMeterThread: Thread finished: 多用户下单 2-100
2026-09-11 10:28:59,925 INFO o.a.j.e.StandardJMeterEngine: Notifying test listeners of end of test
2026-09-11 10:28:59,925 INFO o.a.j.s.FileServer: Close: D:\Desktop\tokens.txt
2026-09-11 10:28:59,925 INFO o.a.j.g.u.JMeterMenuBar: setRunning(false, *local*)
2026-09-11 10:29:02,368 WARN o.a.j.g.t.JMeterTreeNode: getIcon(): Can't obtain GUI class from class org.apache.jmeter.config.CSVDataSet
2026-09-11 10:29:02,836 WARN o.a.j.g.t.JMeterTreeNode: getIcon(): Can't obtain GUI class from class org.apache.jmeter.config.CSVDataSet
2026-09-11 10:29:17,904 WARN o.a.j.g.t.JMeterTreeNode: getIcon(): Can't obtain GUI class from class org.apache.jmeter.config.CSVDataSet
2026-09-11 10:29:17,929 WARN o.a.j.g.t.JMeterTreeNode: getIcon(): Can't obtain GUI class from class org.apache.jmeter.config.CSVDataSet
2026-09-11 10:29:20,882 WARN o.a.j.g.t.JMeterTreeNode: getIcon(): Can't obtain GUI class from class org.apache.jmeter.config.CSVDataSet
2026-09-11 10:30:47,740 WARN o.a.j.g.t.JMeterTreeNode: getIcon(): Can't obtain GUI class from class org.apache.jmeter.config.CSVDataSet
2026-09-11 10:30:48,933 INFO o.a.j.e.StandardJMeterEngine: Running the test!
2026-09-11 10:30:48,934 INFO o.a.j.s.SampleEvent: List of sample_variables: []
2026-09-11 10:30:48,934 INFO o.a.j.g.u.JMeterMenuBar: setRunning(true, *local*)
2026-09-11 10:30:48,970 INFO o.a.j.e.StandardJMeterEngine: Starting ThreadGroup: 1 : Thread Group
2026-09-11 10:30:48,970 INFO o.a.j.e.StandardJMeterEngine: Starting 100 threads for group Thread Group.
2026-09-11 10:30:48,970 INFO o.a.j.e.StandardJMeterEngine: Thread will continue on error
2026-09-11 10:30:48,970 INFO o.a.j.t.ThreadGroup: Starting thread group... number=1 threads=100 ramp-up=0 delayedStart=false
2026-09-11 10:30:48,970 INFO o.a.j.t.JMeterThread: Thread started: Thread Group 1-1
2026-09-11 10:30:48,971 INFO o.a.j.t.JMeterThread: Thread started: Thread Group 1-2
2026-09-11 10:30:48,971 INFO o.a.j.t.JMeterThread: Thread started: Thread Group 1-3
2026-09-11 10:30:48,971 INFO o.a.j.t.JMeterThread: Thread started: Thread Group 1-4
2026-09-11 10:30:48,971 INFO o.a.j.t.JMeterThread: Thread started: Thread Group 1-5
2026-09-11 10:30:48,972 INFO o.a.j.t.JMeterThread: Thread started: Thread Group 1-6
2026-09-11 10:30:48,972 INFO o.a.j.t.JMeterThread: Thread started: Thread Group 1-7
2026-09-11 10:30:48,972 INFO o.a.j.t.JMeterThread: Thread started: Thread Group 1-8
2026-09-11 10:30:48,972 INFO o.a.j.t.JMeterThread: Thread started: Thread Group 1-9
2026-09-11 10:30:48,973 INFO o.a.j.t.JMeterThread: Thread started: Thread Group 1-10
2026-09-11 10:30:48,973 INFO o.a.j.t.JMeterThread: Thread started: Thread Group 1-11
2026-09-11 10:30:48,973 INFO o.a.j.t.JMeterThread: Thread started: Thread Group 1-12
2026-09-11 10:30:48,974 INFO o.a.j.t.JMeterThread: Thread started: Thread Group 1-13
2026-09-11 10:30:48,974 INFO o.a.j.t.JMeterThread: Thread started: Thread Group 1-14
2026-09-11 10:30:48,974 INFO o.a.j.t.JMeterThread: Thread started: Thread Group 1-15
2026-09-11 10:30:48,974 INFO o.a.j.t.JMeterThread: Thread started: Thread Group 1-16
2026-09-11 10:30:48,974 INFO o.a.j.t.JMeterThread: Thread started: Thread Group 1-17
2026-09-11 10:30:48,975 INFO o.a.j.t.JMeterThread: Thread started: Thread Group 1-18
2026-09-11 10:30:48,975 INFO o.a.j.t.JMeterThread: Thread started: Thread Group 1-19
2026-09-11 10:30:48,976 INFO o.a.j.t.JMeterThread: Thread started: Thread Group 1-20
2026-09-11 10:30:48,975 INFO o.a.j.t.JMeterThread: Thread started: Thread Group 1-21
2026-09-11 10:30:48,976 INFO o.a.j.t.JMeterThread: Thread started: Thread Group 1-22
2026-09-11 10:30:48,976 INFO o.a.j.t.JMeterThread: Thread started: Thread Group 1-23
2026-09-11 10:30:48,977 INFO o.a.j.t.JMeterThread: Thread started: Thread Group 1-24
2026-09-11 10:30:48,977 INFO o.a.j.t.JMeterThread: Thread started: Thread Group 1-25
2026-09-11 10:30:48,978 INFO o.a.j.t.JMeterThread: Thread started: Thread Group 1-26
2026-09-11 10:30:48,978 INFO o.a.j.t.JMeterThread: Thread started: Thread Group 1-27
2026-09-11 10:30:48,978 INFO o.a.j.t.JMeterThread: Thread started: Thread Group 1-28
2026-09-11 10:30:48,978 INFO o.a.j.t.JMeterThread: Thread started: Thread Group 1-29
2026-09-11 10:30:48,979 INFO o.a.j.t.JMeterThread: Thread started: Thread Group 1-30
2026-09-11 10:30:48,979 INFO o.a.j.t.JMeterThread: Thread started: Thread Group 1-31
2026-09-11 10:30:48,980 INFO o.a.j.t.JMeterThread: Thread started: Thread Group 1-35
2026-09-11 10:30:48,980 INFO o.a.j.t.JMeterThread: Thread started: Thread Group 1-33
2026-09-11 10:30:48,980 INFO o.a.j.t.JMeterThread: Thread started: Thread Group 1-34
2026-09-11 10:30:48,981 INFO o.a.j.t.JMeterThread: Thread started: Thread Group 1-32
2026-09-11 10:30:48,981 INFO o.a.j.t.JMeterThread: Thread started: Thread Group 1-36
2026-09-11 10:30:48,981 INFO o.a.j.t.JMeterThread: Thread started: Thread Group 1-37
2026-09-11 10:30:48,981 INFO o.a.j.t.JMeterThread: Thread started: Thread Group 1-38
2026-09-11 10:30:48,982 INFO o.a.j.t.JMeterThread: Thread started: Thread Group 1-39
2026-09-11 10:30:48,984 INFO o.a.j.t.JMeterThread: Thread started: Thread Group 1-40
2026-09-11 10:30:48,984 INFO o.a.j.t.JMeterThread: Thread started: Thread Group 1-41
2026-09-11 10:30:48,984 INFO o.a.j.t.JMeterThread: Thread started: Thread Group 1-42
2026-09-11 10:30:48,984 INFO o.a.j.t.JMeterThread: Thread is done: Thread Group 1-1
2026-09-11 10:30:48,985 INFO o.a.j.t.JMeterThread: Thread finished: Thread Group 1-1
2026-09-11 10:30:48,985 INFO o.a.j.t.JMeterThread: Thread started: Thread Group 1-43
2026-09-11 10:30:48,985 INFO o.a.j.t.JMeterThread: Thread started: Thread Group 1-44
2026-09-11 10:30:48,986 INFO o.a.j.t.JMeterThread: Thread is done: Thread Group 1-8
2026-09-11 10:30:48,986 INFO o.a.j.t.JMeterThread: Thread finished: Thread Group 1-8
2026-09-11 10:30:48,986 INFO o.a.j.t.JMeterThread: Thread started: Thread Group 1-45
2026-09-11 10:30:48,987 INFO o.a.j.t.JMeterThread: Thread is done: Thread Group 1-3
2026-09-11 10:30:48,987 INFO o.a.j.t.JMeterThread: Thread finished: Thread Group 1-3
2026-09-11 10:30:48,987 INFO o.a.j.t.JMeterThread: Thread is done: Thread Group 1-6
2026-09-11 10:30:48,987 INFO o.a.j.t.JMeterThread: Thread is done: Thread Group 1-4
2026-09-11 10:30:48,987 INFO o.a.j.t.JMeterThread: Thread finished: Thread Group 1-6
2026-09-11 10:30:48,987 INFO o.a.j.t.JMeterThread: Thread is done: Thread Group 1-2
2026-09-11 10:30:48,987 INFO o.a.j.t.JMeterThread: Thread finished: Thread Group 1-4
2026-09-11 10:30:48,987 INFO o.a.j.t.JMeterThread: Thread finished: Thread Group 1-2
2026-09-11 10:30:48,987 INFO o.a.j.t.JMeterThread: Thread is done: Thread Group 1-5
2026-09-11 10:30:48,987 INFO o.a.j.t.JMeterThread: Thread finished: Thread Group 1-5
2026-09-11 10:30:48,987 INFO o.a.j.t.JMeterThread: Thread started: Thread Group 1-46
2026-09-11 10:30:48,987 INFO o.a.j.t.JMeterThread: Thread is done: Thread Group 1-11
2026-09-11 10:30:48,987 INFO o.a.j.t.JMeterThread: Thread finished: Thread Group 1-11
2026-09-11 10:30:48,987 INFO o.a.j.t.JMeterThread: Thread is done: Thread Group 1-7
2026-09-11 10:30:48,988 INFO o.a.j.t.JMeterThread: Thread finished: Thread Group 1-7
2026-09-11 10:30:48,988 INFO o.a.j.t.JMeterThread: Thread started: Thread Group 1-47
2026-09-11 10:30:48,988 INFO o.a.j.t.JMeterThread: Thread is done: Thread Group 1-9
2026-09-11 10:30:48,988 INFO o.a.j.t.JMeterThread: Thread finished: Thread Group 1-9
2026-09-11 10:30:48,989 INFO o.a.j.t.JMeterThread: Thread started: Thread Group 1-49
2026-09-11 10:30:48,989 INFO o.a.j.t.JMeterThread: Thread started: Thread Group 1-77
2026-09-11 10:30:48,990 INFO o.a.j.t.JMeterThread: Thread is done: Thread Group 1-10
2026-09-11 10:30:48,990 INFO o.a.j.t.JMeterThread: Thread finished: Thread Group 1-10
2026-09-11 10:30:48,990 INFO o.a.j.t.JMeterThread: Thread started: Thread Group 1-51
2026-09-11 10:30:48,990 INFO o.a.j.t.JMeterThread: Thread is done: Thread Group 1-13
2026-09-11 10:30:48,990 INFO o.a.j.t.JMeterThread: Thread is done: Thread Group 1-15
2026-09-11 10:30:48,990 INFO o.a.j.t.JMeterThread: Thread started: Thread Group 1-52
2026-09-11 10:30:48,990 INFO o.a.j.t.JMeterThread: Thread finished: Thread Group 1-15
2026-09-11 10:30:48,990 INFO o.a.j.t.JMeterThread: Thread started: Thread Group 1-53
2026-09-11 10:30:48,990 INFO o.a.j.t.JMeterThread: Thread started: Thread Group 1-54
2026-09-11 10:30:48,990 INFO o.a.j.t.JMeterThread: Thread finished: Thread Group 1-13
2026-09-11 10:30:48,990 INFO o.a.j.t.JMeterThread: Thread is done: Thread Group 1-16
2026-09-11 10:30:48,990 INFO o.a.j.t.JMeterThread: Thread started: Thread Group 1-55
2026-09-11 10:30:48,990 INFO o.a.j.t.JMeterThread: Thread is done: Thread Group 1-12
2026-09-11 10:30:48,990 INFO o.a.j.t.JMeterThread: Thread started: Thread Group 1-56
2026-09-11 10:30:48,990 INFO o.a.j.t.JMeterThread: Thread finished: Thread Group 1-12
2026-09-11 10:30:48,990 INFO o.a.j.t.JMeterThread: Thread finished: Thread Group 1-16
2026-09-11 10:30:48,990 INFO o.a.j.t.JMeterThread: Thread is done: Thread Group 1-19
2026-09-11 10:30:48,990 INFO o.a.j.t.JMeterThread: Thread finished: Thread Group 1-19
2026-09-11 10:30:48,991 INFO o.a.j.t.JMeterThread: Thread started: Thread Group 1-57
2026-09-11 10:30:48,992 INFO o.a.j.t.JMeterThread: Thread is done: Thread Group 1-18
2026-09-11 10:30:48,992 INFO o.a.j.t.JMeterThread: Thread finished: Thread Group 1-18
2026-09-11 10:30:48,992 INFO o.a.j.t.JMeterThread: Thread is done: Thread Group 1-17
2026-09-11 10:30:48,992 INFO o.a.j.t.JMeterThread: Thread finished: Thread Group 1-17
2026-09-11 10:30:48,992 INFO o.a.j.t.JMeterThread: Thread started: Thread Group 1-58
2026-09-11 10:30:48,992 INFO o.a.j.t.JMeterThread: Thread started: Thread Group 1-59
2026-09-11 10:30:48,993 INFO o.a.j.t.JMeterThread: Thread is done: Thread Group 1-14
2026-09-11 10:30:48,993 INFO o.a.j.t.JMeterThread: Thread finished: Thread Group 1-14
2026-09-11 10:30:48,993 INFO o.a.j.t.JMeterThread: Thread started: Thread Group 1-60
2026-09-11 10:30:48,993 INFO o.a.j.t.JMeterThread: Thread started: Thread Group 1-61
2026-09-11 10:30:48,994 INFO o.a.j.t.JMeterThread: Thread started: Thread Group 1-62
2026-09-11 10:30:48,994 INFO o.a.j.t.JMeterThread: Thread started: Thread Group 1-63
2026-09-11 10:30:48,994 INFO o.a.j.t.JMeterThread: Thread started: Thread Group 1-64
2026-09-11 10:30:48,994 INFO o.a.j.t.JMeterThread: Thread is done: Thread Group 1-23
2026-09-11 10:30:48,994 INFO o.a.j.t.JMeterThread: Thread finished: Thread Group 1-23
2026-09-11 10:30:48,994 INFO o.a.j.t.JMeterThread: Thread started: Thread Group 1-65
2026-09-11 10:30:48,994 INFO o.a.j.t.JMeterThread: Thread is done: Thread Group 1-29
2026-09-11 10:30:48,994 INFO o.a.j.t.JMeterThread: Thread finished: Thread Group 1-29
2026-09-11 10:30:48,994 INFO o.a.j.t.JMeterThread: Thread is done: Thread Group 1-21
2026-09-11 10:30:48,994 INFO o.a.j.t.JMeterThread: Thread finished: Thread Group 1-21
2026-09-11 10:30:48,995 INFO o.a.j.t.JMeterThread: Thread is done: Thread Group 1-27
2026-09-11 10:30:48,995 INFO o.a.j.t.JMeterThread: Thread finished: Thread Group 1-27
2026-09-11 10:30:48,995 INFO o.a.j.t.JMeterThread: Thread is done: Thread Group 1-31
2026-09-11 10:30:48,995 INFO o.a.j.t.JMeterThread: Thread finished: Thread Group 1-31
2026-09-11 10:30:48,995 INFO o.a.j.t.JMeterThread: Thread is done: Thread Group 1-28
2026-09-11 10:30:48,995 INFO o.a.j.t.JMeterThread: Thread finished: Thread Group 1-28
2026-09-11 10:30:48,995 INFO o.a.j.t.JMeterThread: Thread is done: Thread Group 1-26
2026-09-11 10:30:48,995 INFO o.a.j.t.JMeterThread: Thread started: Thread Group 1-67
2026-09-11 10:30:48,996 INFO o.a.j.t.JMeterThread: Thread is done: Thread Group 1-20
2026-09-11 10:30:48,996 INFO o.a.j.t.JMeterThread: Thread is done: Thread Group 1-22
2026-09-11 10:30:48,996 INFO o.a.j.t.JMeterThread: Thread finished: Thread Group 1-26
2026-09-11 10:30:48,996 INFO o.a.j.t.JMeterThread: Thread is done: Thread Group 1-24
2026-09-11 10:30:48,996 INFO o.a.j.t.JMeterThread: Thread finished: Thread Group 1-22
2026-09-11 10:30:48,996 INFO o.a.j.t.JMeterThread: Thread started: Thread Group 1-68
2026-09-11 10:30:48,996 INFO o.a.j.t.JMeterThread: Thread finished: Thread Group 1-20
2026-09-11 10:30:48,996 INFO o.a.j.t.JMeterThread: Thread is done: Thread Group 1-25
2026-09-11 10:30:48,996 INFO o.a.j.t.JMeterThread: Thread finished: Thread Group 1-25
2026-09-11 10:30:48,996 INFO o.a.j.t.JMeterThread: Thread started: Thread Group 1-69
2026-09-11 10:30:48,996 INFO o.a.j.t.JMeterThread: Thread finished: Thread Group 1-24
2026-09-11 10:30:48,996 INFO o.a.j.t.JMeterThread: Thread started: Thread Group 1-70
2026-09-11 10:30:48,996 INFO o.a.j.t.JMeterThread: Thread started: Thread Group 1-71
2026-09-11 10:30:48,997 INFO o.a.j.t.JMeterThread: Thread started: Thread Group 1-72
2026-09-11 10:30:48,997 INFO o.a.j.t.JMeterThread: Thread started: Thread Group 1-73
2026-09-11 10:30:48,997 INFO o.a.j.t.JMeterThread: Thread is done: Thread Group 1-30
2026-09-11 10:30:48,997 INFO o.a.j.t.JMeterThread: Thread finished: Thread Group 1-30
2026-09-11 10:30:48,997 INFO o.a.j.t.JMeterThread: Thread started: Thread Group 1-74
2026-09-11 10:30:48,998 INFO o.a.j.t.JMeterThread: Thread started: Thread Group 1-75
2026-09-11 10:30:48,998 INFO o.a.j.t.JMeterThread: Thread started: Thread Group 1-48
2026-09-11 10:30:48,998 INFO o.a.j.t.JMeterThread: Thread started: Thread Group 1-90
2026-09-11 10:30:48,998 INFO o.a.j.t.JMeterThread: Thread started: Thread Group 1-50
2026-09-11 10:30:48,999 INFO o.a.j.t.JMeterThread: Thread started: Thread Group 1-78
2026-09-11 10:30:48,999 INFO o.a.j.t.JMeterThread: Thread started: Thread Group 1-79
2026-09-11 10:30:49,000 INFO o.a.j.t.JMeterThread: Thread started: Thread Group 1-80
2026-09-11 10:30:49,000 INFO o.a.j.t.JMeterThread: Thread is done: Thread Group 1-35
2026-09-11 10:30:49,000 INFO o.a.j.t.JMeterThread: Thread finished: Thread Group 1-35
2026-09-11 10:30:49,000 INFO o.a.j.t.JMeterThread: Thread is done: Thread Group 1-33
2026-09-11 10:30:49,000 INFO o.a.j.t.JMeterThread: Thread started: Thread Group 1-93
2026-09-11 10:30:49,001 INFO o.a.j.t.JMeterThread: Thread finished: Thread Group 1-33
2026-09-11 10:30:49,001 INFO o.a.j.t.JMeterThread: Thread started: Thread Group 1-94
2026-09-11 10:30:49,001 INFO o.a.j.t.JMeterThread: Thread started: Thread Group 1-82
2026-09-11 10:30:49,002 INFO o.a.j.t.JMeterThread: Thread is done: Thread Group 1-32
2026-09-11 10:30:49,002 INFO o.a.j.t.JMeterThread: Thread finished: Thread Group 1-32
2026-09-11 10:30:49,002 INFO o.a.j.t.JMeterThread: Thread started: Thread Group 1-83
2026-09-11 10:30:49,002 INFO o.a.j.t.JMeterThread: Thread started: Thread Group 1-84
2026-09-11 10:30:49,002 INFO o.a.j.t.JMeterThread: Thread started: Thread Group 1-66
2026-09-11 10:30:49,002 INFO o.a.j.t.JMeterThread: Thread is done: Thread Group 1-36
2026-09-11 10:30:49,002 INFO o.a.j.t.JMeterThread: Thread started: Thread Group 1-85
2026-09-11 10:30:49,002 INFO o.a.j.t.JMeterThread: Thread finished: Thread Group 1-36
2026-09-11 10:30:49,002 INFO o.a.j.t.JMeterThread: Thread is done: Thread Group 1-34
2026-09-11 10:30:49,002 INFO o.a.j.t.JMeterThread: Thread is done: Thread Group 1-37
2026-09-11 10:30:49,002 INFO o.a.j.t.JMeterThread: Thread finished: Thread Group 1-34
2026-09-11 10:30:49,002 INFO o.a.j.t.JMeterThread: Thread finished: Thread Group 1-37
2026-09-11 10:30:49,002 INFO o.a.j.t.JMeterThread: Thread started: Thread Group 1-86
2026-09-11 10:30:49,003 INFO o.a.j.t.JMeterThread: Thread is done: Thread Group 1-39
2026-09-11 10:30:49,003 INFO o.a.j.t.JMeterThread: Thread is done: Thread Group 1-41
2026-09-11 10:30:49,003 INFO o.a.j.t.JMeterThread: Thread finished: Thread Group 1-41
2026-09-11 10:30:49,003 INFO o.a.j.t.JMeterThread: Thread finished: Thread Group 1-39
2026-09-11 10:30:49,003 INFO o.a.j.t.JMeterThread: Thread started: Thread Group 1-87
2026-09-11 10:30:49,004 INFO o.a.j.t.JMeterThread: Thread started: Thread Group 1-89
2026-09-11 10:30:49,004 INFO o.a.j.t.JMeterThread: Thread is done: Thread Group 1-38
2026-09-11 10:30:49,004 INFO o.a.j.t.JMeterThread: Thread started: Thread Group 1-76
2026-09-11 10:30:49,004 INFO o.a.j.t.JMeterThread: Thread finished: Thread Group 1-38
2026-09-11 10:30:49,004 INFO o.a.j.t.JMeterThread: Thread started: Thread Group 1-91
2026-09-11 10:30:49,004 INFO o.a.j.t.JMeterThread: Thread started: Thread Group 1-92
2026-09-11 10:30:49,004 INFO o.a.j.t.ThreadGroup: Started thread group number 1
2026-09-11 10:30:49,005 INFO o.a.j.e.StandardJMeterEngine: Starting ThreadGroup: 2 : 多用户下单
2026-09-11 10:30:49,005 INFO o.a.j.e.StandardJMeterEngine: Starting 100 threads for group 多用户下单.
2026-09-11 10:30:49,005 INFO o.a.j.e.StandardJMeterEngine: Thread will continue on error
2026-09-11 10:30:49,005 INFO o.a.j.t.ThreadGroup: Starting thread group... number=2 threads=100 ramp-up=0 delayedStart=false
2026-09-11 10:30:49,005 INFO o.a.j.t.JMeterThread: Thread started: Thread Group 1-95
2026-09-11 10:30:49,006 INFO o.a.j.t.JMeterThread: Thread is done: Thread Group 1-42
2026-09-11 10:30:49,007 INFO o.a.j.t.JMeterThread: Thread finished: Thread Group 1-42
2026-09-11 10:30:49,007 INFO o.a.j.t.JMeterThread: Thread started: Thread Group 1-97
2026-09-11 10:30:49,007 INFO o.a.j.t.JMeterThread: Thread is done: Thread Group 1-43
2026-09-11 10:30:49,006 INFO o.a.j.t.JMeterThread: Thread started: 多用户下单 2-1
2026-09-11 10:30:49,006 INFO o.a.j.t.JMeterThread: Thread started: Thread Group 1-96
2026-09-11 10:30:49,007 INFO o.a.j.t.JMeterThread: Thread finished: Thread Group 1-43
2026-09-11 10:30:49,007 INFO o.a.j.t.JMeterThread: Thread started: Thread Group 1-98
2026-09-11 10:30:49,007 INFO o.a.j.s.FileServer: Stored: D:\Desktop\tokens.txt
2026-09-11 10:30:49,007 INFO o.a.j.t.JMeterThread: Thread started: Thread Group 1-88
2026-09-11 10:30:49,008 INFO o.a.j.t.JMeterThread: Thread started: Thread Group 1-99
2026-09-11 10:30:49,008 INFO o.a.j.t.JMeterThread: Thread is done: Thread Group 1-40
2026-09-11 10:30:49,008 INFO o.a.j.t.JMeterThread: Thread finished: Thread Group 1-40
2026-09-11 10:30:49,008 INFO o.a.j.t.JMeterThread: Thread is done: Thread Group 1-45
2026-09-11 10:30:49,008 INFO o.a.j.t.JMeterThread: Thread started: Thread Group 1-81
2026-09-11 10:30:49,008 INFO o.a.j.t.JMeterThread: Thread finished: Thread Group 1-45
2026-09-11 10:30:49,008 INFO o.a.j.t.JMeterThread: Thread started: Thread Group 1-100
2026-09-11 10:30:49,009 INFO o.a.j.t.JMeterThread: Thread is done: Thread Group 1-44
2026-09-11 10:30:49,009 INFO o.a.j.t.JMeterThread: Thread finished: Thread Group 1-44
2026-09-11 10:30:49,009 INFO o.a.j.t.JMeterThread: Thread started: 多用户下单 2-2
2026-09-11 10:30:49,009 INFO o.a.j.t.JMeterThread: Thread started: 多用户下单 2-3
2026-09-11 10:30:49,010 INFO o.a.j.t.JMeterThread: Thread started: 多用户下单 2-4
2026-09-11 10:30:49,010 INFO o.a.j.t.JMeterThread: Thread started: 多用户下单 2-5
2026-09-11 10:30:49,010 INFO o.a.j.t.JMeterThread: Thread is done: Thread Group 1-47
2026-09-11 10:30:49,010 INFO o.a.j.t.JMeterThread: Thread started: 多用户下单 2-6
2026-09-11 10:30:49,010 INFO o.a.j.t.JMeterThread: Thread finished: Thread Group 1-47
2026-09-11 10:30:49,011 INFO o.a.j.t.JMeterThread: Thread started: 多用户下单 2-7
2026-09-11 10:30:49,011 INFO o.a.j.t.JMeterThread: Thread started: 多用户下单 2-8
2026-09-11 10:30:49,011 INFO o.a.j.t.JMeterThread: Thread is done: Thread Group 1-46
2026-09-11 10:30:49,011 INFO o.a.j.t.JMeterThread: Thread finished: Thread Group 1-46
2026-09-11 10:30:49,012 INFO o.a.j.t.JMeterThread: Thread started: 多用户下单 2-9
2026-09-11 10:30:49,012 INFO o.a.j.t.JMeterThread: Thread is done: Thread Group 1-77
2026-09-11 10:30:49,012 INFO o.a.j.t.JMeterThread: Thread finished: Thread Group 1-77
2026-09-11 10:30:49,012 INFO o.a.j.t.JMeterThread: Thread started: 多用户下单 2-10
2026-09-11 10:30:49,013 INFO o.a.j.t.JMeterThread: Thread is done: Thread Group 1-49
2026-09-11 10:30:49,013 INFO o.a.j.t.JMeterThread: Thread finished: Thread Group 1-49
2026-09-11 10:30:49,013 INFO o.a.j.t.JMeterThread: Thread started: 多用户下单 2-11
2026-09-11 10:30:49,013 INFO o.a.j.t.JMeterThread: Thread is done: Thread Group 1-53
2026-09-11 10:30:49,013 INFO o.a.j.t.JMeterThread: Thread is done: Thread Group 1-56
2026-09-11 10:30:49,013 INFO o.a.j.t.JMeterThread: Thread finished: Thread Group 1-53
2026-09-11 10:30:49,014 INFO o.a.j.t.JMeterThread: Thread finished: Thread Group 1-56
2026-09-11 10:30:49,014 INFO o.a.j.t.JMeterThread: Thread is done: Thread Group 1-51
2026-09-11 10:30:49,014 INFO o.a.j.t.JMeterThread: Thread is done: Thread Group 1-55
2026-09-11 10:30:49,014 INFO o.a.j.t.JMeterThread: Thread finished: Thread Group 1-51
2026-09-11 10:30:49,014 INFO o.a.j.t.JMeterThread: Thread finished: Thread Group 1-55
2026-09-11 10:30:49,014 INFO o.a.j.t.JMeterThread: Thread started: 多用户下单 2-12
2026-09-11 10:30:49,014 INFO o.a.j.t.JMeterThread: Thread started: 多用户下单 2-13
2026-09-11 10:30:49,014 INFO o.a.j.t.JMeterThread: Thread started: 多用户下单 2-14
2026-09-11 10:30:49,015 INFO o.a.j.t.JMeterThread: Thread started: 多用户下单 2-15
2026-09-11 10:30:49,016 INFO o.a.j.t.JMeterThread: Thread is done: Thread Group 1-54
2026-09-11 10:30:49,016 INFO o.a.j.t.JMeterThread: Thread finished: Thread Group 1-54
2026-09-11 10:30:49,016 INFO o.a.j.t.JMeterThread: Thread started: 多用户下单 2-16
2026-09-11 10:30:49,016 INFO o.a.j.t.JMeterThread: Thread started: 多用户下单 2-17
2026-09-11 10:30:49,017 INFO o.a.j.t.JMeterThread: Thread is done: Thread Group 1-57
2026-09-11 10:30:49,017 INFO o.a.j.t.JMeterThread: Thread started: 多用户下单 2-18
2026-09-11 10:30:49,017 INFO o.a.j.t.JMeterThread: Thread finished: Thread Group 1-57
2026-09-11 10:30:49,018 INFO o.a.j.t.JMeterThread: Thread is done: Thread Group 1-60
2026-09-11 10:30:49,018 INFO o.a.j.t.JMeterThread: Thread is done: Thread Group 1-52
2026-09-11 10:30:49,018 INFO o.a.j.t.JMeterThread: Thread finished: Thread Group 1-60
2026-09-11 10:30:49,018 INFO o.a.j.t.JMeterThread: Thread finished: Thread Group 1-52
2026-09-11 10:30:49,018 INFO o.a.j.t.JMeterThread: Thread started: 多用户下单 2-19
2026-09-11 10:30:49,018 INFO o.a.j.t.JMeterThread: Thread started: 多用户下单 2-20
2026-09-11 10:30:49,018 INFO o.a.j.t.JMeterThread: Thread is done: Thread Group 1-58
2026-09-11 10:30:49,018 INFO o.a.j.t.JMeterThread: Thread is done: Thread Group 1-59
2026-09-11 10:30:49,018 INFO o.a.j.t.JMeterThread: Thread finished: Thread Group 1-58
2026-09-11 10:30:49,018 INFO o.a.j.t.JMeterThread: Thread finished: Thread Group 1-59
2026-09-11 10:30:49,019 INFO o.a.j.t.JMeterThread: Thread started: 多用户下单 2-21
2026-09-11 10:30:49,019 INFO o.a.j.t.JMeterThread: Thread started: 多用户下单 2-22
2026-09-11 10:30:49,019 INFO o.a.j.t.JMeterThread: Thread is done: Thread Group 1-64
2026-09-11 10:30:49,019 INFO o.a.j.t.JMeterThread: Thread is done: Thread Group 1-61
2026-09-11 10:30:49,019 INFO o.a.j.t.JMeterThread: Thread finished: Thread Group 1-64
2026-09-11 10:30:49,019 INFO o.a.j.t.JMeterThread: Thread finished: Thread Group 1-61
2026-09-11 10:30:49,020 INFO o.a.j.t.JMeterThread: Thread is done: Thread Group 1-65
2026-09-11 10:30:49,020 INFO o.a.j.t.JMeterThread: Thread finished: Thread Group 1-65
2026-09-11 10:30:49,020 INFO o.a.j.t.JMeterThread: Thread started: 多用户下单 2-23
2026-09-11 10:30:49,021 INFO o.a.j.t.JMeterThread: Thread is done: Thread Group 1-62
2026-09-11 10:30:49,021 INFO o.a.j.t.JMeterThread: Thread started: 多用户下单 2-24
2026-09-11 10:30:49,021 INFO o.a.j.t.JMeterThread: Thread finished: Thread Group 1-62
2026-09-11 10:30:49,021 INFO o.a.j.t.JMeterThread: Thread started: 多用户下单 2-25
2026-09-11 10:30:49,022 INFO o.a.j.t.JMeterThread: Thread is done: Thread Group 1-63
2026-09-11 10:30:49,022 INFO o.a.j.t.JMeterThread: Thread finished: Thread Group 1-63
2026-09-11 10:30:49,023 INFO o.a.j.t.JMeterThread: Thread started: 多用户下单 2-26
2026-09-11 10:30:49,023 INFO o.a.j.t.JMeterThread: Thread started: 多用户下单 2-27
2026-09-11 10:30:49,024 INFO o.a.j.t.JMeterThread: Thread started: 多用户下单 2-28
2026-09-11 10:30:49,024 INFO o.a.j.t.JMeterThread: Thread is done: Thread Group 1-69
2026-09-11 10:30:49,024 INFO o.a.j.t.JMeterThread: Thread finished: Thread Group 1-69
2026-09-11 10:30:49,024 INFO o.a.j.t.JMeterThread: Thread is done: Thread Group 1-71
2026-09-11 10:30:49,024 INFO o.a.j.t.JMeterThread: Thread finished: Thread Group 1-71
2026-09-11 10:30:49,024 INFO o.a.j.t.JMeterThread: Thread is done: Thread Group 1-68
2026-09-11 10:30:49,024 INFO o.a.j.t.JMeterThread: Thread finished: Thread Group 1-68
2026-09-11 10:30:49,024 INFO o.a.j.t.JMeterThread: Thread started: 多用户下单 2-29
2026-09-11 10:30:49,025 INFO o.a.j.t.JMeterThread: Thread is done: Thread Group 1-70
2026-09-11 10:30:49,025 INFO o.a.j.t.JMeterThread: Thread finished: Thread Group 1-70
2026-09-11 10:30:49,025 INFO o.a.j.t.JMeterThread: Thread is done: Thread Group 1-67
2026-09-11 10:30:49,025 INFO o.a.j.t.JMeterThread: Thread finished: Thread Group 1-67
2026-09-11 10:30:49,025 INFO o.a.j.t.JMeterThread: Thread started: 多用户下单 2-30
2026-09-11 10:30:49,026 INFO o.a.j.t.JMeterThread: Thread started: 多用户下单 2-31
2026-09-11 10:30:49,026 INFO o.a.j.t.JMeterThread: Thread started: 多用户下单 2-32
2026-09-11 10:30:49,027 INFO o.a.j.t.JMeterThread: Thread started: 多用户下单 2-33
2026-09-11 10:30:49,027 INFO o.a.j.t.JMeterThread: Thread started: 多用户下单 2-34
2026-09-11 10:30:49,027 INFO o.a.j.t.JMeterThread: Thread is done: Thread Group 1-72
2026-09-11 10:30:49,027 INFO o.a.j.t.JMeterThread: Thread finished: Thread Group 1-72
2026-09-11 10:30:49,028 INFO o.a.j.t.JMeterThread: Thread started: 多用户下单 2-35
2026-09-11 10:30:49,028 INFO o.a.j.t.JMeterThread: Thread is done: Thread Group 1-73
2026-09-11 10:30:49,028 INFO o.a.j.t.JMeterThread: Thread finished: Thread Group 1-73
2026-09-11 10:30:49,028 INFO o.a.j.t.JMeterThread: Thread started: 多用户下单 2-36
2026-09-11 10:30:49,028 INFO o.a.j.t.JMeterThread: Thread is done: Thread Group 1-75
2026-09-11 10:30:49,028 INFO o.a.j.t.JMeterThread: Thread finished: Thread Group 1-75
2026-09-11 10:30:49,029 INFO o.a.j.t.JMeterThread: Thread started: 多用户下单 2-37
2026-09-11 10:30:49,029 INFO o.a.j.t.JMeterThread: Thread started: 多用户下单 2-38
2026-09-11 10:30:49,029 INFO o.a.j.t.JMeterThread: Thread started: 多用户下单 2-39
2026-09-11 10:30:49,030 INFO o.a.j.t.JMeterThread: Thread is done: Thread Group 1-48
2026-09-11 10:30:49,030 INFO o.a.j.t.JMeterThread: Thread is done: Thread Group 1-74
2026-09-11 10:30:49,030 INFO o.a.j.t.JMeterThread: Thread finished: Thread Group 1-48
2026-09-11 10:30:49,030 INFO o.a.j.t.JMeterThread: Thread finished: Thread Group 1-74
2026-09-11 10:30:49,030 INFO o.a.j.t.JMeterThread: Thread started: 多用户下单 2-40
2026-09-11 10:30:49,031 INFO o.a.j.t.JMeterThread: Thread started: 多用户下单 2-41
2026-09-11 10:30:49,031 INFO o.a.j.t.JMeterThread: Thread is done: Thread Group 1-78
2026-09-11 10:30:49,031 INFO o.a.j.t.JMeterThread: Thread started: 多用户下单 2-42
2026-09-11 10:30:49,031 INFO o.a.j.t.JMeterThread: Thread finished: Thread Group 1-78
2026-09-11 10:30:49,032 INFO o.a.j.t.JMeterThread: Thread started: 多用户下单 2-43
2026-09-11 10:30:49,032 INFO o.a.j.t.JMeterThread: Thread is done: Thread Group 1-50
2026-09-11 10:30:49,032 INFO o.a.j.t.JMeterThread: Thread finished: Thread Group 1-50
2026-09-11 10:30:49,032 INFO o.a.j.t.JMeterThread: Thread is done: Thread Group 1-80
2026-09-11 10:30:49,032 INFO o.a.j.t.JMeterThread: Thread finished: Thread Group 1-80
2026-09-11 10:30:49,032 INFO o.a.j.t.JMeterThread: Thread started: 多用户下单 2-44
2026-09-11 10:30:49,033 INFO o.a.j.t.JMeterThread: Thread started: 多用户下单 2-45
2026-09-11 10:30:49,033 INFO o.a.j.t.JMeterThread: Thread is done: Thread Group 1-94
2026-09-11 10:30:49,034 INFO o.a.j.t.JMeterThread: Thread finished: Thread Group 1-94
2026-09-11 10:30:49,034 INFO o.a.j.t.JMeterThread: Thread is done: Thread Group 1-90
2026-09-11 10:30:49,034 INFO o.a.j.t.JMeterThread: Thread is done: Thread Group 1-79
2026-09-11 10:30:49,034 INFO o.a.j.t.JMeterThread: Thread finished: Thread Group 1-90
2026-09-11 10:30:49,034 INFO o.a.j.t.JMeterThread: Thread finished: Thread Group 1-79
2026-09-11 10:30:49,034 INFO o.a.j.t.JMeterThread: Thread started: 多用户下单 2-46
2026-09-11 10:30:49,035 INFO o.a.j.t.JMeterThread: Thread is done: Thread Group 1-84
2026-09-11 10:30:49,035 INFO o.a.j.t.JMeterThread: Thread finished: Thread Group 1-84
2026-09-11 10:30:49,035 INFO o.a.j.t.JMeterThread: Thread started: 多用户下单 2-47
2026-09-11 10:30:49,035 INFO o.a.j.t.JMeterThread: Thread is done: Thread Group 1-66
2026-09-11 10:30:49,035 INFO o.a.j.t.JMeterThread: Thread finished: Thread Group 1-66
2026-09-11 10:30:49,035 INFO o.a.j.t.JMeterThread: Thread is done: Thread Group 1-82
2026-09-11 10:30:49,035 INFO o.a.j.t.JMeterThread: Thread finished: Thread Group 1-82
2026-09-11 10:30:49,035 INFO o.a.j.t.JMeterThread: Thread is done: Thread Group 1-93
2026-09-11 10:30:49,035 INFO o.a.j.t.JMeterThread: Thread finished: Thread Group 1-93
2026-09-11 10:30:49,035 INFO o.a.j.t.JMeterThread: Thread started: 多用户下单 2-48
2026-09-11 10:30:49,036 INFO o.a.j.t.JMeterThread: Thread started: 多用户下单 2-49
2026-09-11 10:30:49,037 INFO o.a.j.t.JMeterThread: Thread is done: Thread Group 1-83
2026-09-11 10:30:49,037 INFO o.a.j.t.JMeterThread: Thread started: 多用户下单 2-50
2026-09-11 10:30:49,037 INFO o.a.j.t.JMeterThread: Thread finished: Thread Group 1-83
2026-09-11 10:30:49,037 INFO o.a.j.t.JMeterThread: Thread is done: Thread Group 1-86
2026-09-11 10:30:49,037 INFO o.a.j.t.JMeterThread: Thread finished: Thread Group 1-86
2026-09-11 10:30:49,038 INFO o.a.j.t.JMeterThread: Thread started: 多用户下单 2-51
2026-09-11 10:30:49,038 INFO o.a.j.t.JMeterThread: Thread started: 多用户下单 2-52
2026-09-11 10:30:49,039 INFO o.a.j.t.JMeterThread: Thread is done: Thread Group 1-76
2026-09-11 10:30:49,039 INFO o.a.j.t.JMeterThread: Thread finished: Thread Group 1-76
2026-09-11 10:30:49,039 INFO o.a.j.t.JMeterThread: Thread is done: Thread Group 1-85
2026-09-11 10:30:49,039 INFO o.a.j.t.JMeterThread: Thread is done: Thread Group 1-92
2026-09-11 10:30:49,039 INFO o.a.j.t.JMeterThread: Thread finished: Thread Group 1-85
2026-09-11 10:30:49,040 INFO o.a.j.t.JMeterThread: Thread finished: Thread Group 1-92
2026-09-11 10:30:49,040 INFO o.a.j.t.JMeterThread: Thread is done: Thread Group 1-89
2026-09-11 10:30:49,040 INFO o.a.j.t.JMeterThread: Thread finished: Thread Group 1-89
2026-09-11 10:30:49,040 INFO o.a.j.t.JMeterThread: Thread started: 多用户下单 2-53
2026-09-11 10:30:49,040 INFO o.a.j.t.JMeterThread: Thread started: 多用户下单 2-54
2026-09-11 10:30:49,040 INFO o.a.j.t.JMeterThread: Thread is done: Thread Group 1-87
2026-09-11 10:30:49,040 INFO o.a.j.t.JMeterThread: Thread finished: Thread Group 1-87
2026-09-11 10:30:49,041 INFO o.a.j.t.JMeterThread: Thread started: 多用户下单 2-55
2026-09-11 10:30:49,042 INFO o.a.j.t.JMeterThread: Thread started: 多用户下单 2-56
2026-09-11 10:30:49,042 INFO o.a.j.t.JMeterThread: Thread started: 多用户下单 2-57
2026-09-11 10:30:49,042 INFO o.a.j.t.JMeterThread: Thread is done: Thread Group 1-97
2026-09-11 10:30:49,042 INFO o.a.j.t.JMeterThread: Thread finished: Thread Group 1-97
2026-09-11 10:30:49,042 INFO o.a.j.t.JMeterThread: Thread is done: Thread Group 1-95
2026-09-11 10:30:49,043 INFO o.a.j.t.JMeterThread: Thread finished: Thread Group 1-95
2026-09-11 10:30:49,043 INFO o.a.j.t.JMeterThread: Thread started: 多用户下单 2-58
2026-09-11 10:30:49,043 INFO o.a.j.t.JMeterThread: Thread is done: Thread Group 1-91
2026-09-11 10:30:49,043 INFO o.a.j.t.JMeterThread: Thread finished: Thread Group 1-91
2026-09-11 10:30:49,043 INFO o.a.j.t.JMeterThread: Thread is done: Thread Group 1-88
2026-09-11 10:30:49,043 INFO o.a.j.t.JMeterThread: Thread finished: Thread Group 1-88
2026-09-11 10:30:49,043 INFO o.a.j.t.JMeterThread: Thread is done: Thread Group 1-98
2026-09-11 10:30:49,043 INFO o.a.j.t.JMeterThread: Thread finished: Thread Group 1-98
2026-09-11 10:30:49,043 INFO o.a.j.t.JMeterThread: Thread started: 多用户下单 2-59
2026-09-11 10:30:49,044 INFO o.a.j.t.JMeterThread: Thread started: 多用户下单 2-60
2026-09-11 10:30:49,044 INFO o.a.j.t.JMeterThread: Thread is done: Thread Group 1-96
2026-09-11 10:30:49,044 INFO o.a.j.t.JMeterThread: Thread finished: Thread Group 1-96
2026-09-11 10:30:49,045 INFO o.a.j.t.JMeterThread: Thread started: 多用户下单 2-61
2026-09-11 10:30:49,045 INFO o.a.j.t.JMeterThread: Thread started: 多用户下单 2-62
2026-09-11 10:30:49,046 INFO o.a.j.t.JMeterThread: Thread is done: Thread Group 1-81
2026-09-11 10:30:49,046 INFO o.a.j.t.JMeterThread: Thread finished: Thread Group 1-81
2026-09-11 10:30:49,046 INFO o.a.j.t.JMeterThread: Thread is done: Thread Group 1-99
2026-09-11 10:30:49,046 INFO o.a.j.t.JMeterThread: Thread finished: Thread Group 1-99
2026-09-11 10:30:49,046 INFO o.a.j.t.JMeterThread: Thread started: 多用户下单 2-63
2026-09-11 10:30:49,047 INFO o.a.j.t.JMeterThread: Thread started: 多用户下单 2-65
2026-09-11 10:30:49,048 INFO o.a.j.t.JMeterThread: Thread started: 多用户下单 2-66
2026-09-11 10:30:49,048 INFO o.a.j.t.JMeterThread: Thread started: 多用户下单 2-64
2026-09-11 10:30:49,048 INFO o.a.j.t.JMeterThread: Thread started: 多用户下单 2-67
2026-09-11 10:30:49,048 INFO o.a.j.t.JMeterThread: Thread is done: Thread Group 1-100
2026-09-11 10:30:49,048 INFO o.a.j.t.JMeterThread: Thread finished: Thread Group 1-100
2026-09-11 10:30:49,048 INFO o.a.j.t.JMeterThread: Thread started: 多用户下单 2-68
2026-09-11 10:30:49,049 INFO o.a.j.t.JMeterThread: Thread started: 多用户下单 2-69
2026-09-11 10:30:49,049 INFO o.a.j.t.JMeterThread: Thread started: 多用户下单 2-70
2026-09-11 10:30:49,049 INFO o.a.j.t.JMeterThread: Thread started: 多用户下单 2-71
2026-09-11 10:30:49,050 INFO o.a.j.t.JMeterThread: Thread started: 多用户下单 2-72
2026-09-11 10:30:49,051 INFO o.a.j.t.JMeterThread: Thread started: 多用户下单 2-73
2026-09-11 10:30:49,051 INFO o.a.j.t.JMeterThread: Thread started: 多用户下单 2-74
2026-09-11 10:30:49,051 INFO o.a.j.t.JMeterThread: Thread started: 多用户下单 2-75
2026-09-11 10:30:49,051 INFO o.a.j.t.JMeterThread: Thread started: 多用户下单 2-76
2026-09-11 10:30:49,052 INFO o.a.j.t.JMeterThread: Thread started: 多用户下单 2-77
2026-09-11 10:30:49,053 INFO o.a.j.t.JMeterThread: Thread started: 多用户下单 2-78
2026-09-11 10:30:49,053 INFO o.a.j.t.JMeterThread: Thread started: 多用户下单 2-79
2026-09-11 10:30:49,055 INFO o.a.j.t.JMeterThread: Thread started: 多用户下单 2-80
2026-09-11 10:30:49,056 INFO o.a.j.t.JMeterThread: Thread started: 多用户下单 2-81
2026-09-11 10:30:49,056 INFO o.a.j.t.JMeterThread: Thread started: 多用户下单 2-82
2026-09-11 10:30:49,057 INFO o.a.j.t.JMeterThread: Thread started: 多用户下单 2-83
2026-09-11 10:30:49,058 INFO o.a.j.t.JMeterThread: Thread started: 多用户下单 2-84
2026-09-11 10:30:49,059 INFO o.a.j.t.JMeterThread: Thread started: 多用户下单 2-85
2026-09-11 10:30:49,059 INFO o.a.j.t.JMeterThread: Thread started: 多用户下单 2-86
2026-09-11 10:30:49,060 INFO o.a.j.t.JMeterThread: Thread started: 多用户下单 2-87
2026-09-11 10:30:49,061 INFO o.a.j.t.JMeterThread: Thread started: 多用户下单 2-88
2026-09-11 10:30:49,061 INFO o.a.j.t.JMeterThread: Thread started: 多用户下单 2-89
2026-09-11 10:30:49,062 INFO o.a.j.t.JMeterThread: Thread started: 多用户下单 2-90
2026-09-11 10:30:49,062 INFO o.a.j.t.JMeterThread: Thread started: 多用户下单 2-91
2026-09-11 10:30:49,062 INFO o.a.j.t.JMeterThread: Thread started: 多用户下单 2-92
2026-09-11 10:30:49,063 INFO o.a.j.t.JMeterThread: Thread started: 多用户下单 2-93
2026-09-11 10:30:49,063 INFO o.a.j.t.ThreadGroup: Started thread group number 2
2026-09-11 10:30:49,063 INFO o.a.j.e.StandardJMeterEngine: All thread groups have been started
2026-09-11 10:30:49,063 INFO o.a.j.t.JMeterThread: Thread started: 多用户下单 2-99
2026-09-11 10:30:49,064 INFO o.a.j.t.JMeterThread: Thread started: 多用户下单 2-95
2026-09-11 10:30:49,064 INFO o.a.j.t.JMeterThread: Thread started: 多用户下单 2-96
2026-09-11 10:30:49,064 INFO o.a.j.t.JMeterThread: Thread started: 多用户下单 2-97
2026-09-11 10:30:49,064 INFO o.a.j.t.JMeterThread: Thread started: 多用户下单 2-98
2026-09-11 10:30:49,065 INFO o.a.j.t.JMeterThread: Thread started: 多用户下单 2-94
2026-09-11 10:30:49,065 INFO o.a.j.t.JMeterThread: Thread started: 多用户下单 2-100
2026-09-11 10:30:49,830 INFO o.a.j.t.JMeterThread: Thread is done: 多用户下单 2-37
2026-09-11 10:30:49,830 INFO o.a.j.t.JMeterThread: Thread is done: 多用户下单 2-13
2026-09-11 10:30:49,830 INFO o.a.j.t.JMeterThread: Thread is done: 多用户下单 2-76
2026-09-11 10:30:49,830 INFO o.a.j.t.JMeterThread: Thread is done: 多用户下单 2-21
2026-09-11 10:30:49,830 INFO o.a.j.t.JMeterThread: Thread finished: 多用户下单 2-76
2026-09-11 10:30:49,830 INFO o.a.j.t.JMeterThread: Thread is done: 多用户下单 2-89
2026-09-11 10:30:49,830 INFO o.a.j.t.JMeterThread: Thread is done: 多用户下单 2-84
2026-09-11 10:30:49,830 INFO o.a.j.t.JMeterThread: Thread is done: 多用户下单 2-79
2026-09-11 10:30:49,830 INFO o.a.j.t.JMeterThread: Thread finished: 多用户下单 2-84
2026-09-11 10:30:49,830 INFO o.a.j.t.JMeterThread: Thread is done: 多用户下单 2-100
2026-09-11 10:30:49,830 INFO o.a.j.t.JMeterThread: Thread is done: 多用户下单 2-82
2026-09-11 10:30:49,830 INFO o.a.j.t.JMeterThread: Thread is done: 多用户下单 2-59
2026-09-11 10:30:49,830 INFO o.a.j.t.JMeterThread: Thread is done: 多用户下单 2-93
2026-09-11 10:30:49,830 INFO o.a.j.t.JMeterThread: Thread is done: 多用户下单 2-22
2026-09-11 10:30:49,830 INFO o.a.j.t.JMeterThread: Thread finished: 多用户下单 2-93
2026-09-11 10:30:49,830 INFO o.a.j.t.JMeterThread: Thread is done: 多用户下单 2-40
2026-09-11 10:30:49,830 INFO o.a.j.t.JMeterThread: Thread is done: 多用户下单 2-41
2026-09-11 10:30:49,830 INFO o.a.j.t.JMeterThread: Thread is done: 多用户下单 2-66
2026-09-11 10:30:49,830 INFO o.a.j.t.JMeterThread: Thread is done: 多用户下单 2-47
2026-09-11 10:30:49,830 INFO o.a.j.t.JMeterThread: Thread finished: 多用户下单 2-41
2026-09-11 10:30:49,830 INFO o.a.j.t.JMeterThread: Thread is done: 多用户下单 2-98
2026-09-11 10:30:49,830 INFO o.a.j.t.JMeterThread: Thread is done: 多用户下单 2-61
2026-09-11 10:30:49,830 INFO o.a.j.t.JMeterThread: Thread is done: 多用户下单 2-81
2026-09-11 10:30:49,830 INFO o.a.j.t.JMeterThread: Thread is done: 多用户下单 2-3
2026-09-11 10:30:49,830 INFO o.a.j.t.JMeterThread: Thread is done: 多用户下单 2-27
2026-09-11 10:30:49,830 INFO o.a.j.t.JMeterThread: Thread finished: 多用户下单 2-81
2026-09-11 10:30:49,830 INFO o.a.j.t.JMeterThread: Thread is done: 多用户下单 2-92
2026-09-11 10:30:49,830 INFO o.a.j.t.JMeterThread: Thread is done: 多用户下单 2-4
2026-09-11 10:30:49,830 INFO o.a.j.t.JMeterThread: Thread is done: 多用户下单 2-56
2026-09-11 10:30:49,830 INFO o.a.j.t.JMeterThread: Thread is done: 多用户下单 2-5
2026-09-11 10:30:49,830 INFO o.a.j.t.JMeterThread: Thread is done: 多用户下单 2-19
2026-09-11 10:30:49,830 INFO o.a.j.t.JMeterThread: Thread is done: 多用户下单 2-25
2026-09-11 10:30:49,831 INFO o.a.j.t.JMeterThread: Thread is done: 多用户下单 2-24
2026-09-11 10:30:49,831 INFO o.a.j.t.JMeterThread: Thread is done: 多用户下单 2-33
2026-09-11 10:30:49,831 INFO o.a.j.t.JMeterThread: Thread finished: 多用户下单 2-25
2026-09-11 10:30:49,830 INFO o.a.j.t.JMeterThread: Thread is done: 多用户下单 2-14
2026-09-11 10:30:49,831 INFO o.a.j.t.JMeterThread: Thread is done: 多用户下单 2-29
2026-09-11 10:30:49,830 INFO o.a.j.t.JMeterThread: Thread is done: 多用户下单 2-11
2026-09-11 10:30:49,831 INFO o.a.j.t.JMeterThread: Thread is done: 多用户下单 2-10
2026-09-11 10:30:49,830 INFO o.a.j.t.JMeterThread: Thread finished: 多用户下单 2-61
2026-09-11 10:30:49,831 INFO o.a.j.t.JMeterThread: Thread is done: 多用户下单 2-62
2026-09-11 10:30:49,831 INFO o.a.j.t.JMeterThread: Thread is done: 多用户下单 2-35
2026-09-11 10:30:49,831 INFO o.a.j.t.JMeterThread: Thread is done: 多用户下单 2-75
2026-09-11 10:30:49,831 INFO o.a.j.t.JMeterThread: Thread finished: 多用户下单 2-62
2026-09-11 10:30:49,830 INFO o.a.j.t.JMeterThread: Thread is done: 多用户下单 2-18
2026-09-11 10:30:49,831 INFO o.a.j.t.JMeterThread: Thread is done: 多用户下单 2-20
2026-09-11 10:30:49,831 INFO o.a.j.t.JMeterThread: Thread finished: 多用户下单 2-75
2026-09-11 10:30:49,831 INFO o.a.j.t.JMeterThread: Thread is done: 多用户下单 2-95
2026-09-11 10:30:49,831 INFO o.a.j.t.JMeterThread: Thread is done: 多用户下单 2-71
2026-09-11 10:30:49,831 INFO o.a.j.t.JMeterThread: Thread is done: 多用户下单 2-78
2026-09-11 10:30:49,831 INFO o.a.j.t.JMeterThread: Thread is done: 多用户下单 2-74
2026-09-11 10:30:49,830 INFO o.a.j.t.JMeterThread: Thread is done: 多用户下单 2-15
2026-09-11 10:30:49,831 INFO o.a.j.t.JMeterThread: Thread finished: 多用户下单 2-74
2026-09-11 10:30:49,830 INFO o.a.j.t.JMeterThread: Thread is done: 多用户下单 2-88
2026-09-11 10:30:49,830 INFO o.a.j.t.JMeterThread: Thread is done: 多用户下单 2-60
2026-09-11 10:30:49,830 INFO o.a.j.t.JMeterThread: Thread is done: 多用户下单 2-48
2026-09-11 10:30:49,830 INFO o.a.j.t.JMeterThread: Thread finished: 多用户下单 2-98
2026-09-11 10:30:49,830 INFO o.a.j.t.JMeterThread: Thread finished: 多用户下单 2-47
2026-09-11 10:30:49,832 INFO o.a.j.t.JMeterThread: Thread finished: 多用户下单 2-48
2026-09-11 10:30:49,830 INFO o.a.j.t.JMeterThread: Thread is done: 多用户下单 2-69
2026-09-11 10:30:49,832 INFO o.a.j.t.JMeterThread: Thread finished: 多用户下单 2-69
2026-09-11 10:30:49,830 INFO o.a.j.t.JMeterThread: Thread is done: 多用户下单 2-23
2026-09-11 10:30:49,830 INFO o.a.j.t.JMeterThread: Thread is done: 多用户下单 2-12
2026-09-11 10:30:49,830 INFO o.a.j.t.JMeterThread: Thread is done: 多用户下单 2-70
2026-09-11 10:30:49,830 INFO o.a.j.t.JMeterThread: Thread finished: 多用户下单 2-22
2026-09-11 10:30:49,830 INFO o.a.j.t.JMeterThread: Thread is done: 多用户下单 2-65
2026-09-11 10:30:49,830 INFO o.a.j.t.JMeterThread: Thread is done: 多用户下单 2-16
2026-09-11 10:30:49,830 INFO o.a.j.t.JMeterThread: Thread is done: 多用户下单 2-54
2026-09-11 10:30:49,830 INFO o.a.j.t.JMeterThread: Thread is done: 多用户下单 2-68
2026-09-11 10:30:49,830 INFO o.a.j.t.JMeterThread: Thread is done: 多用户下单 2-87
2026-09-11 10:30:49,830 INFO o.a.j.t.JMeterThread: Thread is done: 多用户下单 2-45
2026-09-11 10:30:49,832 INFO o.a.j.t.JMeterThread: Thread finished: 多用户下单 2-68
2026-09-11 10:30:49,830 INFO o.a.j.t.JMeterThread: Thread finished: 多用户下单 2-100
2026-09-11 10:30:49,832 INFO o.a.j.t.JMeterThread: Thread finished: 多用户下单 2-45
2026-09-11 10:30:49,830 INFO o.a.j.t.JMeterThread: Thread is done: 多用户下单 2-67
2026-09-11 10:30:49,830 INFO o.a.j.t.JMeterThread: Thread is done: 多用户下单 2-86
2026-09-11 10:30:49,830 INFO o.a.j.t.JMeterThread: Thread finished: 多用户下单 2-79
2026-09-11 10:30:49,830 INFO o.a.j.t.JMeterThread: Thread is done: 多用户下单 2-6
2026-09-11 10:30:49,830 INFO o.a.j.t.JMeterThread: Thread finished: 多用户下单 2-37
2026-09-11 10:30:49,830 INFO o.a.j.t.JMeterThread: Thread is done: 多用户下单 2-30
2026-09-11 10:30:49,833 INFO o.a.j.t.JMeterThread: Thread finished: 多用户下单 2-6
2026-09-11 10:30:49,830 INFO o.a.j.t.JMeterThread: Thread is done: 多用户下单 2-58
2026-09-11 10:30:49,830 INFO o.a.j.t.JMeterThread: Thread finished: 多用户下单 2-21
2026-09-11 10:30:49,830 INFO o.a.j.t.JMeterThread: Thread is done: 多用户下单 2-51
2026-09-11 10:30:49,830 INFO o.a.j.t.JMeterThread: Thread is done: 多用户下单 2-49
2026-09-11 10:30:49,833 INFO o.a.j.t.JMeterThread: Thread finished: 多用户下单 2-51
2026-09-11 10:30:49,830 INFO o.a.j.t.JMeterThread: Thread is done: 多用户下单 2-97
2026-09-11 10:30:49,833 INFO o.a.j.t.JMeterThread: Thread finished: 多用户下单 2-89
2026-09-11 10:30:49,830 INFO o.a.j.t.JMeterThread: Thread is done: 多用户下单 2-43
2026-09-11 10:30:49,830 INFO o.a.j.t.JMeterThread: Thread is done: 多用户下单 2-9
2026-09-11 10:30:49,834 INFO o.a.j.t.JMeterThread: Thread finished: 多用户下单 2-97
2026-09-11 10:30:49,830 INFO o.a.j.t.JMeterThread: Thread is done: 多用户下单 2-63
2026-09-11 10:30:49,830 INFO o.a.j.t.JMeterThread: Thread is done: 多用户下单 2-77
2026-09-11 10:30:49,830 INFO o.a.j.t.JMeterThread: Thread is done: 多用户下单 2-2
2026-09-11 10:30:49,830 INFO o.a.j.t.JMeterThread: Thread is done: 多用户下单 2-83
2026-09-11 10:30:49,830 INFO o.a.j.t.JMeterThread: Thread is done: 多用户下单 2-39
2026-09-11 10:30:49,834 INFO o.a.j.t.JMeterThread: Thread finished: 多用户下单 2-83
2026-09-11 10:30:49,834 INFO o.a.j.t.JMeterThread: Thread finished: 多用户下单 2-39
2026-09-11 10:30:49,830 INFO o.a.j.t.JMeterThread: Thread is done: 多用户下单 2-38
2026-09-11 10:30:49,830 INFO o.a.j.t.JMeterThread: Thread is done: 多用户下单 2-55
2026-09-11 10:30:49,830 INFO o.a.j.t.JMeterThread: Thread is done: 多用户下单 2-34
2026-09-11 10:30:49,830 INFO o.a.j.t.JMeterThread: Thread is done: 多用户下单 2-80
2026-09-11 10:30:49,834 INFO o.a.j.t.JMeterThread: Thread finished: 多用户下单 2-80
2026-09-11 10:30:49,834 INFO o.a.j.t.JMeterThread: Thread finished: 多用户下单 2-34
2026-09-11 10:30:49,834 INFO o.a.j.t.JMeterThread: Thread finished: 多用户下单 2-13
2026-09-11 10:30:49,834 INFO o.a.j.t.JMeterThread: Thread finished: 多用户下单 2-55
2026-09-11 10:30:49,834 INFO o.a.j.t.JMeterThread: Thread finished: 多用户下单 2-38
2026-09-11 10:30:49,834 INFO o.a.j.t.JMeterThread: Thread finished: 多用户下单 2-2
2026-09-11 10:30:49,834 INFO o.a.j.t.JMeterThread: Thread finished: 多用户下单 2-77
2026-09-11 10:30:49,834 INFO o.a.j.t.JMeterThread: Thread finished: 多用户下单 2-63
2026-09-11 10:30:49,834 INFO o.a.j.t.JMeterThread: Thread finished: 多用户下单 2-43
2026-09-11 10:30:49,835 INFO o.a.j.t.JMeterThread: Thread finished: 多用户下单 2-9
2026-09-11 10:30:49,833 INFO o.a.j.t.JMeterThread: Thread finished: 多用户下单 2-58
2026-09-11 10:30:49,833 INFO o.a.j.t.JMeterThread: Thread finished: 多用户下单 2-30
2026-09-11 10:30:49,833 INFO o.a.j.t.JMeterThread: Thread finished: 多用户下单 2-86
2026-09-11 10:30:49,833 INFO o.a.j.t.JMeterThread: Thread finished: 多用户下单 2-67
2026-09-11 10:30:49,833 INFO o.a.j.t.JMeterThread: Thread finished: 多用户下单 2-59
2026-09-11 10:30:49,833 INFO o.a.j.t.JMeterThread: Thread finished: 多用户下单 2-82
2026-09-11 10:30:49,832 INFO o.a.j.t.JMeterThread: Thread finished: 多用户下单 2-87
2026-09-11 10:30:49,832 INFO o.a.j.t.JMeterThread: Thread finished: 多用户下单 2-54
2026-09-11 10:30:49,832 INFO o.a.j.t.JMeterThread: Thread finished: 多用户下单 2-16
2026-09-11 10:30:49,832 INFO o.a.j.t.JMeterThread: Thread finished: 多用户下单 2-40
2026-09-11 10:30:49,832 INFO o.a.j.t.JMeterThread: Thread finished: 多用户下单 2-65
2026-09-11 10:30:49,832 INFO o.a.j.t.JMeterThread: Thread finished: 多用户下单 2-70
2026-09-11 10:30:49,832 INFO o.a.j.t.JMeterThread: Thread finished: 多用户下单 2-12
2026-09-11 10:30:49,832 INFO o.a.j.t.JMeterThread: Thread finished: 多用户下单 2-23
2026-09-11 10:30:49,832 INFO o.a.j.t.JMeterThread: Thread finished: 多用户下单 2-66
2026-09-11 10:30:49,832 INFO o.a.j.t.JMeterThread: Thread finished: 多用户下单 2-60
2026-09-11 10:30:49,832 INFO o.a.j.t.JMeterThread: Thread finished: 多用户下单 2-88
2026-09-11 10:30:49,832 INFO o.a.j.t.JMeterThread: Thread finished: 多用户下单 2-3
2026-09-11 10:30:49,831 INFO o.a.j.t.JMeterThread: Thread finished: 多用户下单 2-78
2026-09-11 10:30:49,831 INFO o.a.j.t.JMeterThread: Thread finished: 多用户下单 2-71
2026-09-11 10:30:49,831 INFO o.a.j.t.JMeterThread: Thread finished: 多用户下单 2-95
2026-09-11 10:30:49,831 INFO o.a.j.t.JMeterThread: Thread is done: 多用户下单 2-85
2026-09-11 10:30:49,831 INFO o.a.j.t.JMeterThread: Thread is done: 多用户下单 2-44
2026-09-11 10:30:49,837 INFO o.a.j.t.JMeterThread: Thread finished: 多用户下单 2-85
2026-09-11 10:30:49,831 INFO o.a.j.t.JMeterThread: Thread finished: 多用户下单 2-18
2026-09-11 10:30:49,837 INFO o.a.j.t.JMeterThread: Thread finished: 多用户下单 2-44
2026-09-11 10:30:49,831 INFO o.a.j.t.JMeterThread: Thread is done: 多用户下单 2-96
2026-09-11 10:30:49,831 INFO o.a.j.t.JMeterThread: Thread is done: 多用户下单 2-46
2026-09-11 10:30:49,837 INFO o.a.j.t.JMeterThread: Thread finished: 多用户下单 2-96
2026-09-11 10:30:49,837 INFO o.a.j.t.JMeterThread: Thread finished: 多用户下单 2-46
2026-09-11 10:30:49,831 INFO o.a.j.t.JMeterThread: Thread is done: 多用户下单 2-91
2026-09-11 10:30:49,831 INFO o.a.j.t.JMeterThread: Thread is done: 多用户下单 2-72
2026-09-11 10:30:49,831 INFO o.a.j.t.JMeterThread: Thread is done: 多用户下单 2-7
2026-09-11 10:30:49,831 INFO o.a.j.t.JMeterThread: Thread is done: 多用户下单 2-32
2026-09-11 10:30:49,831 INFO o.a.j.t.JMeterThread: Thread finished: 多用户下单 2-11
2026-09-11 10:30:49,837 INFO o.a.j.t.JMeterThread: Thread finished: 多用户下单 2-32
2026-09-11 10:30:49,831 INFO o.a.j.t.JMeterThread: Thread is done: 多用户下单 2-8
2026-09-11 10:30:49,831 INFO o.a.j.t.JMeterThread: Thread is done: 多用户下单 2-57
2026-09-11 10:30:49,837 INFO o.a.j.t.JMeterThread: Thread finished: 多用户下单 2-8
2026-09-11 10:30:49,831 INFO o.a.j.t.JMeterThread: Thread finished: 多用户下单 2-33
2026-09-11 10:30:49,831 INFO o.a.j.t.JMeterThread: Thread finished: 多用户下单 2-27
2026-09-11 10:30:49,831 INFO o.a.j.t.JMeterThread: Thread is done: 多用户下单 2-17
2026-09-11 10:30:49,838 INFO o.a.j.t.JMeterThread: Thread finished: 多用户下单 2-29
2026-09-11 10:30:49,831 INFO o.a.j.t.JMeterThread: Thread is done: 多用户下单 2-28
2026-09-11 10:30:49,831 INFO o.a.j.t.JMeterThread: Thread finished: 多用户下单 2-24
2026-09-11 10:30:49,831 INFO o.a.j.t.JMeterThread: Thread is done: 多用户下单 2-64
2026-09-11 10:30:49,831 INFO o.a.j.t.JMeterThread: Thread is done: 多用户下单 2-26
2026-09-11 10:30:49,839 INFO o.a.j.t.JMeterThread: Thread finished: 多用户下单 2-26
2026-09-11 10:30:49,831 INFO o.a.j.t.JMeterThread: Thread is done: 多用户下单 2-73
2026-09-11 10:30:49,831 INFO o.a.j.t.JMeterThread: Thread is done: 多用户下单 2-31
2026-09-11 10:30:49,831 INFO o.a.j.t.JMeterThread: Thread is done: 多用户下单 2-50
2026-09-11 10:30:49,831 INFO o.a.j.t.JMeterThread: Thread is done: 多用户下单 2-1
2026-09-11 10:30:49,831 INFO o.a.j.t.JMeterThread: Thread is done: 多用户下单 2-36
2026-09-11 10:30:49,831 INFO o.a.j.t.JMeterThread: Thread is done: 多用户下单 2-94
2026-09-11 10:30:49,830 INFO o.a.j.t.JMeterThread: Thread finished: 多用户下单 2-5
2026-09-11 10:30:49,839 INFO o.a.j.t.JMeterThread: Thread finished: 多用户下单 2-36
2026-09-11 10:30:49,830 INFO o.a.j.t.JMeterThread: Thread is done: 多用户下单 2-99
2026-09-11 10:30:49,830 INFO o.a.j.t.JMeterThread: Thread finished: 多用户下单 2-4
2026-09-11 10:30:49,830 INFO o.a.j.t.JMeterThread: Thread finished: 多用户下单 2-92
2026-09-11 10:30:49,830 INFO o.a.j.t.JMeterThread: Thread is done: 多用户下单 2-53
2026-09-11 10:30:49,830 INFO o.a.j.t.JMeterThread: Thread is done: 多用户下单 2-52
2026-09-11 10:30:49,839 INFO o.a.j.t.JMeterThread: Thread finished: 多用户下单 2-53
2026-09-11 10:30:49,830 INFO o.a.j.t.JMeterThread: Thread is done: 多用户下单 2-42
2026-09-11 10:30:49,839 INFO o.a.j.t.JMeterThread: Thread finished: 多用户下单 2-52
2026-09-11 10:30:49,830 INFO o.a.j.t.JMeterThread: Thread is done: 多用户下单 2-90
2026-09-11 10:30:49,839 INFO o.a.j.t.JMeterThread: Thread finished: 多用户下单 2-56
2026-09-11 10:30:49,839 INFO o.a.j.t.JMeterThread: Thread finished: 多用户下单 2-19
2026-09-11 10:30:49,839 INFO o.a.j.t.JMeterThread: Thread finished: 多用户下单 2-99
2026-09-11 10:30:49,839 INFO o.a.j.t.JMeterThread: Thread finished: 多用户下单 2-94
2026-09-11 10:30:49,839 INFO o.a.j.t.JMeterThread: Thread finished: 多用户下单 2-1
2026-09-11 10:30:49,839 INFO o.a.j.t.JMeterThread: Thread finished: 多用户下单 2-31
2026-09-11 10:30:49,839 INFO o.a.j.t.JMeterThread: Thread finished: 多用户下单 2-73
2026-09-11 10:30:49,838 INFO o.a.j.t.JMeterThread: Thread finished: 多用户下单 2-64
2026-09-11 10:30:49,838 INFO o.a.j.t.JMeterThread: Thread finished: 多用户下单 2-28
2026-09-11 10:30:49,838 INFO o.a.j.t.JMeterThread: Thread finished: 多用户下单 2-14
2026-09-11 10:30:49,838 INFO o.a.j.t.JMeterThread: Thread finished: 多用户下单 2-17
2026-09-11 10:30:49,837 INFO o.a.j.t.JMeterThread: Thread finished: 多用户下单 2-10
2026-09-11 10:30:49,837 INFO o.a.j.t.JMeterThread: Thread finished: 多用户下单 2-35
2026-09-11 10:30:49,837 INFO o.a.j.t.JMeterThread: Thread finished: 多用户下单 2-7
2026-09-11 10:30:49,837 INFO o.a.j.t.JMeterThread: Thread finished: 多用户下单 2-72
2026-09-11 10:30:49,837 INFO o.a.j.t.JMeterThread: Thread finished: 多用户下单 2-91
2026-09-11 10:30:49,837 INFO o.a.j.t.JMeterThread: Thread finished: 多用户下单 2-20
2026-09-11 10:30:49,837 INFO o.a.j.t.JMeterThread: Thread finished: 多用户下单 2-15
2026-09-11 10:30:49,835 INFO o.a.j.t.JMeterThread: Thread finished: 多用户下单 2-49
2026-09-11 10:30:49,841 INFO o.a.j.t.JMeterThread: Thread finished: 多用户下单 2-57
2026-09-11 10:30:49,840 INFO o.a.j.t.JMeterThread: Thread finished: 多用户下单 2-50
2026-09-11 10:30:49,840 INFO o.a.j.t.JMeterThread: Thread finished: 多用户下单 2-42
2026-09-11 10:30:49,840 INFO o.a.j.t.JMeterThread: Thread finished: 多用户下单 2-90
2026-09-11 10:30:49,842 INFO o.a.j.e.StandardJMeterEngine: Notifying test listeners of end of test
2026-09-11 10:30:49,843 INFO o.a.j.s.FileServer: Close: D:\Desktop\tokens.txt
2026-09-11 10:30:49,843 INFO o.a.j.g.u.JMeterMenuBar: setRunning(false, *local*)
2026-09-11 10:30:53,498 WARN o.a.j.g.t.JMeterTreeNode: getIcon(): Can't obtain GUI class from class org.apache.jmeter.config.CSVDataSet
2026-09-11 10:30:54,301 WARN o.a.j.g.t.JMeterTreeNode: getIcon(): Can't obtain GUI class from class org.apache.jmeter.config.CSVDataSet
2026-09-11 10:30:54,896 WARN o.a.j.g.t.JMeterTreeNode: getIcon(): Can't obtain GUI class from class org.apache.jmeter.config.CSVDataSet
2026-09-11 10:31:59,199 WARN o.a.j.g.t.JMeterTreeNode: getIcon(): Can't obtain GUI class from class org.apache.jmeter.config.CSVDataSet
2026-09-11 10:32:02,058 WARN o.a.j.g.t.JMeterTreeNode: getIcon(): Can't obtain GUI class from class org.apache.jmeter.config.CSVDataSet
2026-09-11 10:32:02,090 WARN o.a.j.g.t.JMeterTreeNode: getIcon(): Can't obtain GUI class from class org.apache.jmeter.config.CSVDataSet
2026-09-11 10:32:03,019 WARN o.a.j.g.t.JMeterTreeNode: getIcon(): Can't obtain GUI class from class org.apache.jmeter.config.CSVDataSet
2026-09-11 10:32:05,632 WARN o.a.j.g.t.JMeterTreeNode: getIcon(): Can't obtain GUI class from class org.apache.jmeter.config.CSVDataSet
2026-09-11 10:32:07,675 INFO o.a.j.e.StandardJMeterEngine: Running the test!
2026-09-11 10:32:07,675 INFO o.a.j.s.SampleEvent: List of sample_variables: []
2026-09-11 10:32:07,676 INFO o.a.j.g.u.JMeterMenuBar: setRunning(true, *local*)
2026-09-11 10:32:07,711 INFO o.a.j.e.StandardJMeterEngine: Starting ThreadGroup: 1 : Thread Group
2026-09-11 10:32:07,711 INFO o.a.j.e.StandardJMeterEngine: Starting 100 threads for group Thread Group.
2026-09-11 10:32:07,711 INFO o.a.j.e.StandardJMeterEngine: Thread will continue on error
2026-09-11 10:32:07,711 INFO o.a.j.t.ThreadGroup: Starting thread group... number=1 threads=100 ramp-up=0 delayedStart=false
2026-09-11 10:32:07,713 INFO o.a.j.t.JMeterThread: Thread started: Thread Group 1-1
2026-09-11 10:32:07,713 INFO o.a.j.t.JMeterThread: Thread started: Thread Group 1-2
2026-09-11 10:32:07,713 INFO o.a.j.t.JMeterThread: Thread started: Thread Group 1-3
2026-09-11 10:32:07,713 INFO o.a.j.t.JMeterThread: Thread started: Thread Group 1-4
2026-09-11 10:32:07,714 INFO o.a.j.t.JMeterThread: Thread started: Thread Group 1-5
2026-09-11 10:32:07,714 INFO o.a.j.t.JMeterThread: Thread started: Thread Group 1-6
2026-09-11 10:32:07,714 INFO o.a.j.t.JMeterThread: Thread started: Thread Group 1-15
2026-09-11 10:32:07,714 INFO o.a.j.t.JMeterThread: Thread started: Thread Group 1-8
2026-09-11 10:32:07,714 INFO o.a.j.t.JMeterThread: Thread started: Thread Group 1-9
2026-09-11 10:32:07,715 INFO o.a.j.t.JMeterThread: Thread started: Thread Group 1-10
2026-09-11 10:32:07,715 INFO o.a.j.t.JMeterThread: Thread started: Thread Group 1-20
2026-09-11 10:32:07,715 INFO o.a.j.t.JMeterThread: Thread started: Thread Group 1-12
2026-09-11 10:32:07,715 INFO o.a.j.t.JMeterThread: Thread started: Thread Group 1-13
2026-09-11 10:32:07,715 INFO o.a.j.t.JMeterThread: Thread started: Thread Group 1-14
2026-09-11 10:32:07,715 INFO o.a.j.t.JMeterThread: Thread started: Thread Group 1-7
2026-09-11 10:32:07,716 INFO o.a.j.t.JMeterThread: Thread started: Thread Group 1-16
2026-09-11 10:32:07,716 INFO o.a.j.t.JMeterThread: Thread started: Thread Group 1-17
2026-09-11 10:32:07,717 INFO o.a.j.t.JMeterThread: Thread started: Thread Group 1-18
2026-09-11 10:32:07,717 INFO o.a.j.t.JMeterThread: Thread started: Thread Group 1-19
2026-09-11 10:32:07,717 INFO o.a.j.t.JMeterThread: Thread started: Thread Group 1-32
2026-09-11 10:32:07,717 INFO o.a.j.t.JMeterThread: Thread started: Thread Group 1-21
2026-09-11 10:32:07,717 INFO o.a.j.t.JMeterThread: Thread started: Thread Group 1-22
2026-09-11 10:32:07,717 INFO o.a.j.t.JMeterThread: Thread started: Thread Group 1-23
2026-09-11 10:32:07,718 INFO o.a.j.t.JMeterThread: Thread started: Thread Group 1-24
2026-09-11 10:32:07,718 INFO o.a.j.t.JMeterThread: Thread started: Thread Group 1-26
2026-09-11 10:32:07,719 INFO o.a.j.t.JMeterThread: Thread started: Thread Group 1-27
2026-09-11 10:32:07,719 INFO o.a.j.t.JMeterThread: Thread started: Thread Group 1-28
2026-09-11 10:32:07,719 INFO o.a.j.t.JMeterThread: Thread started: Thread Group 1-40
2026-09-11 10:32:07,719 INFO o.a.j.t.JMeterThread: Thread started: Thread Group 1-30
2026-09-11 10:32:07,720 INFO o.a.j.t.JMeterThread: Thread started: Thread Group 1-31
2026-09-11 10:32:07,720 INFO o.a.j.t.JMeterThread: Thread started: Thread Group 1-11
2026-09-11 10:32:07,720 INFO o.a.j.t.JMeterThread: Thread started: Thread Group 1-42
2026-09-11 10:32:07,721 INFO o.a.j.t.JMeterThread: Thread started: Thread Group 1-44
2026-09-11 10:32:07,721 INFO o.a.j.t.JMeterThread: Thread started: Thread Group 1-35
2026-09-11 10:32:07,721 INFO o.a.j.t.JMeterThread: Thread started: Thread Group 1-36
2026-09-11 10:32:07,722 INFO o.a.j.t.JMeterThread: Thread started: Thread Group 1-25
2026-09-11 10:32:07,722 INFO o.a.j.t.JMeterThread: Thread started: Thread Group 1-37
2026-09-11 10:32:07,722 INFO o.a.j.t.JMeterThread: Thread started: Thread Group 1-38
2026-09-11 10:32:07,722 INFO o.a.j.t.JMeterThread: Thread started: Thread Group 1-39
2026-09-11 10:32:07,722 INFO o.a.j.t.JMeterThread: Thread started: Thread Group 1-29
2026-09-11 10:32:07,723 INFO o.a.j.t.JMeterThread: Thread started: Thread Group 1-41
2026-09-11 10:32:07,723 INFO o.a.j.t.JMeterThread: Thread started: Thread Group 1-33
2026-09-11 10:32:07,723 INFO o.a.j.t.JMeterThread: Thread started: Thread Group 1-43
2026-09-11 10:32:07,724 INFO o.a.j.t.JMeterThread: Thread started: Thread Group 1-34
2026-09-11 10:32:07,724 INFO o.a.j.t.JMeterThread: Thread started: Thread Group 1-45
2026-09-11 10:32:07,725 INFO o.a.j.t.JMeterThread: Thread started: Thread Group 1-46
2026-09-11 10:32:07,725 INFO o.a.j.t.JMeterThread: Thread started: Thread Group 1-47
2026-09-11 10:32:07,726 INFO o.a.j.t.JMeterThread: Thread started: Thread Group 1-48
2026-09-11 10:32:07,726 INFO o.a.j.t.JMeterThread: Thread started: Thread Group 1-49
2026-09-11 10:32:07,726 INFO o.a.j.t.JMeterThread: Thread started: Thread Group 1-50
2026-09-11 10:32:07,727 INFO o.a.j.t.JMeterThread: Thread started: Thread Group 1-51
2026-09-11 10:32:07,727 INFO o.a.j.t.JMeterThread: Thread started: Thread Group 1-52
2026-09-11 10:32:07,728 INFO o.a.j.t.JMeterThread: Thread started: Thread Group 1-53
2026-09-11 10:32:07,729 INFO o.a.j.t.JMeterThread: Thread started: Thread Group 1-54
2026-09-11 10:32:07,729 INFO o.a.j.t.JMeterThread: Thread started: Thread Group 1-65
2026-09-11 10:32:07,729 INFO o.a.j.t.JMeterThread: Thread started: Thread Group 1-56
2026-09-11 10:32:07,729 INFO o.a.j.t.JMeterThread: Thread started: Thread Group 1-57
2026-09-11 10:32:07,729 INFO o.a.j.t.JMeterThread: Thread started: Thread Group 1-58
2026-09-11 10:32:07,729 INFO o.a.j.t.JMeterThread: Thread started: Thread Group 1-59
2026-09-11 10:32:07,730 INFO o.a.j.t.JMeterThread: Thread started: Thread Group 1-60
2026-09-11 10:32:07,730 INFO o.a.j.t.JMeterThread: Thread started: Thread Group 1-61
2026-09-11 10:32:07,731 INFO o.a.j.t.JMeterThread: Thread started: Thread Group 1-62
2026-09-11 10:32:07,731 INFO o.a.j.t.JMeterThread: Thread started: Thread Group 1-63
2026-09-11 10:32:07,731 INFO o.a.j.t.JMeterThread: Thread started: Thread Group 1-64
2026-09-11 10:32:07,732 INFO o.a.j.t.JMeterThread: Thread started: Thread Group 1-55
2026-09-11 10:32:07,732 INFO o.a.j.t.JMeterThread: Thread started: Thread Group 1-66
2026-09-11 10:32:07,733 INFO o.a.j.t.JMeterThread: Thread started: Thread Group 1-67
2026-09-11 10:32:07,733 INFO o.a.j.t.JMeterThread: Thread is done: Thread Group 1-2
2026-09-11 10:32:07,733 INFO o.a.j.t.JMeterThread: Thread is done: Thread Group 1-6
2026-09-11 10:32:07,733 INFO o.a.j.t.JMeterThread: Thread started: Thread Group 1-68
2026-09-11 10:32:07,733 INFO o.a.j.t.JMeterThread: Thread finished: Thread Group 1-2
2026-09-11 10:32:07,733 INFO o.a.j.t.JMeterThread: Thread finished: Thread Group 1-6
2026-09-11 10:32:07,733 INFO o.a.j.t.JMeterThread: Thread started: Thread Group 1-69
2026-09-11 10:32:07,734 INFO o.a.j.t.JMeterThread: Thread is done: Thread Group 1-10
2026-09-11 10:32:07,734 INFO o.a.j.t.JMeterThread: Thread finished: Thread Group 1-10
2026-09-11 10:32:07,734 INFO o.a.j.t.JMeterThread: Thread started: Thread Group 1-70
2026-09-11 10:32:07,735 INFO o.a.j.t.JMeterThread: Thread started: Thread Group 1-72
2026-09-11 10:32:07,734 INFO o.a.j.t.JMeterThread: Thread started: Thread Group 1-74
2026-09-11 10:32:07,735 INFO o.a.j.t.JMeterThread: Thread started: Thread Group 1-73
2026-09-11 10:32:07,735 INFO o.a.j.t.JMeterThread: Thread started: Thread Group 1-71
2026-09-11 10:32:07,735 INFO o.a.j.t.JMeterThread: Thread started: Thread Group 1-75
2026-09-11 10:32:07,736 INFO o.a.j.t.JMeterThread: Thread is done: Thread Group 1-3
2026-09-11 10:32:07,736 INFO o.a.j.t.JMeterThread: Thread finished: Thread Group 1-3
2026-09-11 10:32:07,736 INFO o.a.j.t.JMeterThread: Thread is done: Thread Group 1-15
2026-09-11 10:32:07,736 INFO o.a.j.t.JMeterThread: Thread is done: Thread Group 1-4
2026-09-11 10:32:07,736 INFO o.a.j.t.JMeterThread: Thread finished: Thread Group 1-15
2026-09-11 10:32:07,736 INFO o.a.j.t.JMeterThread: Thread finished: Thread Group 1-4
2026-09-11 10:32:07,736 INFO o.a.j.t.JMeterThread: Thread started: Thread Group 1-76
2026-09-11 10:32:07,736 INFO o.a.j.t.JMeterThread: Thread is done: Thread Group 1-20
2026-09-11 10:32:07,736 INFO o.a.j.t.JMeterThread: Thread finished: Thread Group 1-20
2026-09-11 10:32:07,736 INFO o.a.j.t.JMeterThread: Thread is done: Thread Group 1-1
2026-09-11 10:32:07,736 INFO o.a.j.t.JMeterThread: Thread finished: Thread Group 1-1
2026-09-11 10:32:07,737 INFO o.a.j.t.JMeterThread: Thread is done: Thread Group 1-9
2026-09-11 10:32:07,737 INFO o.a.j.t.JMeterThread: Thread is done: Thread Group 1-5
2026-09-11 10:32:07,737 INFO o.a.j.t.JMeterThread: Thread finished: Thread Group 1-9
2026-09-11 10:32:07,737 INFO o.a.j.t.JMeterThread: Thread finished: Thread Group 1-5
2026-09-11 10:32:07,737 INFO o.a.j.t.JMeterThread: Thread is done: Thread Group 1-8
2026-09-11 10:32:07,737 INFO o.a.j.t.JMeterThread: Thread finished: Thread Group 1-8
2026-09-11 10:32:07,737 INFO o.a.j.t.JMeterThread: Thread started: Thread Group 1-77
2026-09-11 10:32:07,738 INFO o.a.j.t.JMeterThread: Thread started: Thread Group 1-78
2026-09-11 10:32:07,738 INFO o.a.j.t.JMeterThread: Thread is done: Thread Group 1-7
2026-09-11 10:32:07,738 INFO o.a.j.t.JMeterThread: Thread is done: Thread Group 1-13
2026-09-11 10:32:07,738 INFO o.a.j.t.JMeterThread: Thread finished: Thread Group 1-7
2026-09-11 10:32:07,739 INFO o.a.j.t.JMeterThread: Thread finished: Thread Group 1-13
2026-09-11 10:32:07,739 INFO o.a.j.t.JMeterThread: Thread started: Thread Group 1-79
2026-09-11 10:32:07,739 INFO o.a.j.t.JMeterThread: Thread started: Thread Group 1-80
2026-09-11 10:32:07,739 INFO o.a.j.t.JMeterThread: Thread started: Thread Group 1-81
2026-09-11 10:32:07,741 INFO o.a.j.t.JMeterThread: Thread is done: Thread Group 1-14
2026-09-11 10:32:07,741 INFO o.a.j.t.JMeterThread: Thread finished: Thread Group 1-14
2026-09-11 10:32:07,741 INFO o.a.j.t.JMeterThread: Thread started: Thread Group 1-82
2026-09-11 10:32:07,741 INFO o.a.j.t.JMeterThread: Thread is done: Thread Group 1-12
2026-09-11 10:32:07,741 INFO o.a.j.t.JMeterThread: Thread finished: Thread Group 1-12
2026-09-11 10:32:07,741 INFO o.a.j.t.JMeterThread: Thread is done: Thread Group 1-18
2026-09-11 10:32:07,741 INFO o.a.j.t.JMeterThread: Thread finished: Thread Group 1-18
2026-09-11 10:32:07,741 INFO o.a.j.t.JMeterThread: Thread started: Thread Group 1-83
2026-09-11 10:32:07,741 INFO o.a.j.t.JMeterThread: Thread is done: Thread Group 1-16
2026-09-11 10:32:07,741 INFO o.a.j.t.JMeterThread: Thread finished: Thread Group 1-16
2026-09-11 10:32:07,741 INFO o.a.j.t.JMeterThread: Thread is done: Thread Group 1-17
2026-09-11 10:32:07,741 INFO o.a.j.t.JMeterThread: Thread finished: Thread Group 1-17
2026-09-11 10:32:07,742 INFO o.a.j.t.JMeterThread: Thread is done: Thread Group 1-22
2026-09-11 10:32:07,742 INFO o.a.j.t.JMeterThread: Thread finished: Thread Group 1-22
2026-09-11 10:32:07,742 INFO o.a.j.t.JMeterThread: Thread is done: Thread Group 1-32
2026-09-11 10:32:07,742 INFO o.a.j.t.JMeterThread: Thread finished: Thread Group 1-32
2026-09-11 10:32:07,742 INFO o.a.j.t.JMeterThread: Thread started: Thread Group 1-84
2026-09-11 10:32:07,742 INFO o.a.j.t.JMeterThread: Thread started: Thread Group 1-85
2026-09-11 10:32:07,742 INFO o.a.j.t.JMeterThread: Thread is done: Thread Group 1-23
2026-09-11 10:32:07,742 INFO o.a.j.t.JMeterThread: Thread is done: Thread Group 1-21
2026-09-11 10:32:07,743 INFO o.a.j.t.JMeterThread: Thread finished: Thread Group 1-23
2026-09-11 10:32:07,743 INFO o.a.j.t.JMeterThread: Thread finished: Thread Group 1-21
2026-09-11 10:32:07,743 INFO o.a.j.t.JMeterThread: Thread is done: Thread Group 1-19
2026-09-11 10:32:07,743 INFO o.a.j.t.JMeterThread: Thread finished: Thread Group 1-19
2026-09-11 10:32:07,744 INFO o.a.j.t.JMeterThread: Thread is done: Thread Group 1-26
2026-09-11 10:32:07,744 INFO o.a.j.t.JMeterThread: Thread finished: Thread Group 1-26
2026-09-11 10:32:07,744 INFO o.a.j.t.JMeterThread: Thread started: Thread Group 1-86
2026-09-11 10:32:07,744 INFO o.a.j.t.JMeterThread: Thread is done: Thread Group 1-28
2026-09-11 10:32:07,744 INFO o.a.j.t.JMeterThread: Thread finished: Thread Group 1-28
2026-09-11 10:32:07,744 INFO o.a.j.t.JMeterThread: Thread started: Thread Group 1-87
2026-09-11 10:32:07,744 INFO o.a.j.t.JMeterThread: Thread is done: Thread Group 1-27
2026-09-11 10:32:07,744 INFO o.a.j.t.JMeterThread: Thread is done: Thread Group 1-24
2026-09-11 10:32:07,744 INFO o.a.j.t.JMeterThread: Thread finished: Thread Group 1-27
2026-09-11 10:32:07,744 INFO o.a.j.t.JMeterThread: Thread is done: Thread Group 1-30
2026-09-11 10:32:07,744 INFO o.a.j.t.JMeterThread: Thread finished: Thread Group 1-24
2026-09-11 10:32:07,744 INFO o.a.j.t.JMeterThread: Thread finished: Thread Group 1-30
2026-09-11 10:32:07,744 INFO o.a.j.t.JMeterThread: Thread started: Thread Group 1-88
2026-09-11 10:32:07,745 INFO o.a.j.t.JMeterThread: Thread is done: Thread Group 1-40
2026-09-11 10:32:07,745 INFO o.a.j.t.JMeterThread: Thread finished: Thread Group 1-40
2026-09-11 10:32:07,745 INFO o.a.j.t.JMeterThread: Thread is done: Thread Group 1-11
2026-09-11 10:32:07,745 INFO o.a.j.t.JMeterThread: Thread finished: Thread Group 1-11
2026-09-11 10:32:07,746 INFO o.a.j.t.JMeterThread: Thread is done: Thread Group 1-31
2026-09-11 10:32:07,746 INFO o.a.j.t.JMeterThread: Thread finished: Thread Group 1-31
2026-09-11 10:32:07,746 INFO o.a.j.t.JMeterThread: Thread started: Thread Group 1-89
2026-09-11 10:32:07,746 INFO o.a.j.t.JMeterThread: Thread is done: Thread Group 1-42
2026-09-11 10:32:07,746 INFO o.a.j.t.JMeterThread: Thread finished: Thread Group 1-42
2026-09-11 10:32:07,746 INFO o.a.j.t.JMeterThread: Thread is done: Thread Group 1-35
2026-09-11 10:32:07,746 INFO o.a.j.t.JMeterThread: Thread started: Thread Group 1-90
2026-09-11 10:32:07,746 INFO o.a.j.t.JMeterThread: Thread finished: Thread Group 1-35
2026-09-11 10:32:07,747 INFO o.a.j.t.JMeterThread: Thread started: Thread Group 1-91
2026-09-11 10:32:07,747 INFO o.a.j.t.JMeterThread: Thread is done: Thread Group 1-44
2026-09-11 10:32:07,747 INFO o.a.j.t.JMeterThread: Thread finished: Thread Group 1-44
2026-09-11 10:32:07,748 INFO o.a.j.t.JMeterThread: Thread started: Thread Group 1-92
2026-09-11 10:32:07,748 INFO o.a.j.t.JMeterThread: Thread is done: Thread Group 1-36
2026-09-11 10:32:07,748 INFO o.a.j.t.JMeterThread: Thread finished: Thread Group 1-36
2026-09-11 10:32:07,748 INFO o.a.j.t.JMeterThread: Thread is done: Thread Group 1-25
2026-09-11 10:32:07,748 INFO o.a.j.t.JMeterThread: Thread finished: Thread Group 1-25
2026-09-11 10:32:07,748 INFO o.a.j.t.JMeterThread: Thread is done: Thread Group 1-37
2026-09-11 10:32:07,748 INFO o.a.j.t.JMeterThread: Thread is done: Thread Group 1-33
2026-09-11 10:32:07,748 INFO o.a.j.t.JMeterThread: Thread finished: Thread Group 1-37
2026-09-11 10:32:07,748 INFO o.a.j.t.JMeterThread: Thread finished: Thread Group 1-33
2026-09-11 10:32:07,748 INFO o.a.j.t.JMeterThread: Thread started: Thread Group 1-93
2026-09-11 10:32:07,749 INFO o.a.j.t.JMeterThread: Thread is done: Thread Group 1-29
2026-09-11 10:32:07,749 INFO o.a.j.t.JMeterThread: Thread finished: Thread Group 1-29
2026-09-11 10:32:07,749 INFO o.a.j.t.JMeterThread: Thread started: Thread Group 1-94
2026-09-11 10:32:07,749 INFO o.a.j.t.JMeterThread: Thread is done: Thread Group 1-38
2026-09-11 10:32:07,749 INFO o.a.j.t.JMeterThread: Thread finished: Thread Group 1-38
2026-09-11 10:32:07,749 INFO o.a.j.t.JMeterThread: Thread started: Thread Group 1-95
2026-09-11 10:32:07,750 INFO o.a.j.t.JMeterThread: Thread is done: Thread Group 1-39
2026-09-11 10:32:07,750 INFO o.a.j.t.JMeterThread: Thread finished: Thread Group 1-39
2026-09-11 10:32:07,750 INFO o.a.j.t.JMeterThread: Thread is done: Thread Group 1-43
2026-09-11 10:32:07,750 INFO o.a.j.t.JMeterThread: Thread finished: Thread Group 1-43
2026-09-11 10:32:07,750 INFO o.a.j.t.JMeterThread: Thread is done: Thread Group 1-41
2026-09-11 10:32:07,750 INFO o.a.j.t.JMeterThread: Thread started: Thread Group 1-96
2026-09-11 10:32:07,750 INFO o.a.j.t.JMeterThread: Thread finished: Thread Group 1-41
2026-09-11 10:32:07,750 INFO o.a.j.t.JMeterThread: Thread is done: Thread Group 1-34
2026-09-11 10:32:07,751 INFO o.a.j.t.JMeterThread: Thread finished: Thread Group 1-34
2026-09-11 10:32:07,751 INFO o.a.j.t.JMeterThread: Thread started: Thread Group 1-97
2026-09-11 10:32:07,751 INFO o.a.j.t.JMeterThread: Thread is done: Thread Group 1-45
2026-09-11 10:32:07,751 INFO o.a.j.t.JMeterThread: Thread finished: Thread Group 1-45
2026-09-11 10:32:07,751 INFO o.a.j.t.JMeterThread: Thread is done: Thread Group 1-47
2026-09-11 10:32:07,751 INFO o.a.j.t.JMeterThread: Thread finished: Thread Group 1-47
2026-09-11 10:32:07,752 INFO o.a.j.t.JMeterThread: Thread is done: Thread Group 1-50
2026-09-11 10:32:07,752 INFO o.a.j.t.JMeterThread: Thread finished: Thread Group 1-50
2026-09-11 10:32:07,752 INFO o.a.j.t.JMeterThread: Thread is done: Thread Group 1-48
2026-09-11 10:32:07,752 INFO o.a.j.t.JMeterThread: Thread is done: Thread Group 1-46
2026-09-11 10:32:07,752 INFO o.a.j.t.JMeterThread: Thread finished: Thread Group 1-48
2026-09-11 10:32:07,752 INFO o.a.j.t.JMeterThread: Thread started: Thread Group 1-98
2026-09-11 10:32:07,752 INFO o.a.j.t.JMeterThread: Thread finished: Thread Group 1-46
2026-09-11 10:32:07,752 INFO o.a.j.t.JMeterThread: Thread is done: Thread Group 1-51
2026-09-11 10:32:07,752 INFO o.a.j.t.JMeterThread: Thread finished: Thread Group 1-51
2026-09-11 10:32:07,752 INFO o.a.j.t.JMeterThread: Thread is done: Thread Group 1-49
2026-09-11 10:32:07,752 INFO o.a.j.t.JMeterThread: Thread finished: Thread Group 1-49
2026-09-11 10:32:07,753 INFO o.a.j.t.JMeterThread: Thread is done: Thread Group 1-52
2026-09-11 10:32:07,753 INFO o.a.j.t.JMeterThread: Thread finished: Thread Group 1-52
2026-09-11 10:32:07,753 INFO o.a.j.t.JMeterThread: Thread started: Thread Group 1-99
2026-09-11 10:32:07,753 INFO o.a.j.t.ThreadGroup: Started thread group number 1
2026-09-11 10:32:07,753 INFO o.a.j.e.StandardJMeterEngine: Starting ThreadGroup: 2 : 多用户下单
2026-09-11 10:32:07,754 INFO o.a.j.e.StandardJMeterEngine: Starting 1000 threads for group 多用户下单.
2026-09-11 10:32:07,754 INFO o.a.j.t.JMeterThread: Thread is done: Thread Group 1-53
2026-09-11 10:32:07,754 INFO o.a.j.e.StandardJMeterEngine: Thread will continue on error
2026-09-11 10:32:07,754 INFO o.a.j.t.JMeterThread: Thread finished: Thread Group 1-53
2026-09-11 10:32:07,754 INFO o.a.j.t.JMeterThread: Thread is done: Thread Group 1-54
2026-09-11 10:32:07,754 INFO o.a.j.t.JMeterThread: Thread finished: Thread Group 1-54
2026-09-11 10:32:07,754 INFO o.a.j.t.ThreadGroup: Starting thread group... number=2 threads=1000 ramp-up=0 delayedStart=false
2026-09-11 10:32:07,754 INFO o.a.j.t.JMeterThread: Thread started: Thread Group 1-100
2026-09-11 10:32:07,754 INFO o.a.j.t.JMeterThread: Thread is done: Thread Group 1-65
2026-09-11 10:32:07,754 INFO o.a.j.t.JMeterThread: Thread finished: Thread Group 1-65
2026-09-11 10:32:07,755 INFO o.a.j.t.JMeterThread: Thread started: 多用户下单 2-1
2026-09-11 10:32:07,755 INFO o.a.j.t.JMeterThread: Thread is done: Thread Group 1-56
2026-09-11 10:32:07,755 INFO o.a.j.t.JMeterThread: Thread finished: Thread Group 1-56
2026-09-11 10:32:07,755 INFO o.a.j.s.FileServer: Stored: D:\Desktop\tokens.txt
2026-09-11 10:32:07,755 INFO o.a.j.t.JMeterThread: Thread is done: Thread Group 1-57
2026-09-11 10:32:07,755 INFO o.a.j.t.JMeterThread: Thread finished: Thread Group 1-57
2026-09-11 10:32:07,755 INFO o.a.j.t.JMeterThread: Thread started: 多用户下单 2-2
2026-09-11 10:32:07,757 INFO o.a.j.t.JMeterThread: Thread started: 多用户下单 2-3
2026-09-11 10:32:07,757 INFO o.a.j.t.JMeterThread: Thread started: 多用户下单 2-4
2026-09-11 10:32:07,757 INFO o.a.j.t.JMeterThread: Thread started: 多用户下单 2-5
2026-09-11 10:32:07,757 INFO o.a.j.t.JMeterThread: Thread is done: Thread Group 1-63
2026-09-11 10:32:07,757 INFO o.a.j.t.JMeterThread: Thread is done: Thread Group 1-60
2026-09-11 10:32:07,757 INFO o.a.j.t.JMeterThread: Thread started: 多用户下单 2-6
2026-09-11 10:32:07,758 INFO o.a.j.t.JMeterThread: Thread is done: Thread Group 1-58
2026-09-11 10:32:07,758 INFO o.a.j.t.JMeterThread: Thread finished: Thread Group 1-58
2026-09-11 10:32:07,758 INFO o.a.j.t.JMeterThread: Thread finished: Thread Group 1-63
2026-09-11 10:32:07,758 INFO o.a.j.t.JMeterThread: Thread finished: Thread Group 1-60
2026-09-11 10:32:07,758 INFO o.a.j.t.JMeterThread: Thread started: 多用户下单 2-7
2026-09-11 10:32:07,759 INFO o.a.j.t.JMeterThread: Thread is done: Thread Group 1-59
2026-09-11 10:32:07,759 INFO o.a.j.t.JMeterThread: Thread is done: Thread Group 1-62
2026-09-11 10:32:07,759 INFO o.a.j.t.JMeterThread: Thread finished: Thread Group 1-59
2026-09-11 10:32:07,759 INFO o.a.j.t.JMeterThread: Thread finished: Thread Group 1-62
2026-09-11 10:32:07,759 INFO o.a.j.t.JMeterThread: Thread started: 多用户下单 2-8
2026-09-11 10:32:07,760 INFO o.a.j.t.JMeterThread: Thread started: 多用户下单 2-9
2026-09-11 10:32:07,760 INFO o.a.j.t.JMeterThread: Thread started: 多用户下单 2-10
2026-09-11 10:32:07,761 INFO o.a.j.t.JMeterThread: Thread is done: Thread Group 1-61
2026-09-11 10:32:07,761 INFO o.a.j.t.JMeterThread: Thread finished: Thread Group 1-61
2026-09-11 10:32:07,761 INFO o.a.j.t.JMeterThread: Thread started: 多用户下单 2-11
2026-09-11 10:32:07,761 INFO o.a.j.t.JMeterThread: Thread is done: Thread Group 1-55
2026-09-11 10:32:07,761 INFO o.a.j.t.JMeterThread: Thread finished: Thread Group 1-55
2026-09-11 10:32:07,761 INFO o.a.j.t.JMeterThread: Thread is done: Thread Group 1-64
2026-09-11 10:32:07,761 INFO o.a.j.t.JMeterThread: Thread finished: Thread Group 1-64
2026-09-11 10:32:07,761 INFO o.a.j.t.JMeterThread: Thread started: 多用户下单 2-12
2026-09-11 10:32:07,762 INFO o.a.j.t.JMeterThread: Thread started: 多用户下单 2-13
2026-09-11 10:32:07,762 INFO o.a.j.t.JMeterThread: Thread is done: Thread Group 1-67
2026-09-11 10:32:07,763 INFO o.a.j.t.JMeterThread: Thread finished: Thread Group 1-67
2026-09-11 10:32:07,763 INFO o.a.j.t.JMeterThread: Thread started: 多用户下单 2-14
2026-09-11 10:32:07,763 INFO o.a.j.t.JMeterThread: Thread started: 多用户下单 2-15
2026-09-11 10:32:07,763 INFO o.a.j.t.JMeterThread: Thread is done: Thread Group 1-66
2026-09-11 10:32:07,763 INFO o.a.j.t.JMeterThread: Thread finished: Thread Group 1-66
2026-09-11 10:32:07,764 INFO o.a.j.t.JMeterThread: Thread started: 多用户下单 2-16
2026-09-11 10:32:07,764 INFO o.a.j.t.JMeterThread: Thread is done: Thread Group 1-68
2026-09-11 10:32:07,764 INFO o.a.j.t.JMeterThread: Thread finished: Thread Group 1-68
2026-09-11 10:32:07,764 INFO o.a.j.t.JMeterThread: Thread is done: Thread Group 1-69
2026-09-11 10:32:07,764 INFO o.a.j.t.JMeterThread: Thread finished: Thread Group 1-69
2026-09-11 10:32:07,764 INFO o.a.j.t.JMeterThread: Thread started: 多用户下单 2-17
2026-09-11 10:32:07,764 INFO o.a.j.t.JMeterThread: Thread is done: Thread Group 1-70
2026-09-11 10:32:07,764 INFO o.a.j.t.JMeterThread: Thread finished: Thread Group 1-70
2026-09-11 10:32:07,765 INFO o.a.j.t.JMeterThread: Thread started: 多用户下单 2-18
2026-09-11 10:32:07,766 INFO o.a.j.t.JMeterThread: Thread is done: Thread Group 1-72
2026-09-11 10:32:07,766 INFO o.a.j.t.JMeterThread: Thread finished: Thread Group 1-72
2026-09-11 10:32:07,766 INFO o.a.j.t.JMeterThread: Thread started: 多用户下单 2-19
2026-09-11 10:32:07,766 INFO o.a.j.t.JMeterThread: Thread started: 多用户下单 2-20
2026-09-11 10:32:07,766 INFO o.a.j.t.JMeterThread: Thread is done: Thread Group 1-73
2026-09-11 10:32:07,766 INFO o.a.j.t.JMeterThread: Thread is done: Thread Group 1-75
2026-09-11 10:32:07,767 INFO o.a.j.t.JMeterThread: Thread finished: Thread Group 1-73
2026-09-11 10:32:07,767 INFO o.a.j.t.JMeterThread: Thread finished: Thread Group 1-75
2026-09-11 10:32:07,767 INFO o.a.j.t.JMeterThread: Thread started: 多用户下单 2-21
2026-09-11 10:32:07,767 INFO o.a.j.t.JMeterThread: Thread started: 多用户下单 2-22
2026-09-11 10:32:07,768 INFO o.a.j.t.JMeterThread: Thread is done: Thread Group 1-71
2026-09-11 10:32:07,768 INFO o.a.j.t.JMeterThread: Thread finished: Thread Group 1-71
2026-09-11 10:32:07,768 INFO o.a.j.t.JMeterThread: Thread is done: Thread Group 1-74
2026-09-11 10:32:07,768 INFO o.a.j.t.JMeterThread: Thread finished: Thread Group 1-74
2026-09-11 10:32:07,768 INFO o.a.j.t.JMeterThread: Thread started: 多用户下单 2-23
2026-09-11 10:32:07,768 INFO o.a.j.t.JMeterThread: Thread is done: Thread Group 1-76
2026-09-11 10:32:07,768 INFO o.a.j.t.JMeterThread: Thread finished: Thread Group 1-76
2026-09-11 10:32:07,769 INFO o.a.j.t.JMeterThread: Thread started: 多用户下单 2-24
2026-09-11 10:32:07,769 INFO o.a.j.t.JMeterThread: Thread started: 多用户下单 2-25
2026-09-11 10:32:07,770 INFO o.a.j.t.JMeterThread: Thread is done: Thread Group 1-79
2026-09-11 10:32:07,770 INFO o.a.j.t.JMeterThread: Thread is done: Thread Group 1-78
2026-09-11 10:32:07,770 INFO o.a.j.t.JMeterThread: Thread finished: Thread Group 1-79
2026-09-11 10:32:07,770 INFO o.a.j.t.JMeterThread: Thread finished: Thread Group 1-78
2026-09-11 10:32:07,770 INFO o.a.j.t.JMeterThread: Thread started: 多用户下单 2-26
2026-09-11 10:32:07,770 INFO o.a.j.t.JMeterThread: Thread is done: Thread Group 1-77
2026-09-11 10:32:07,770 INFO o.a.j.t.JMeterThread: Thread finished: Thread Group 1-77
2026-09-11 10:32:07,770 INFO o.a.j.t.JMeterThread: Thread started: 多用户下单 2-27
2026-09-11 10:32:07,770 INFO o.a.j.t.JMeterThread: Thread started: 多用户下单 2-28
2026-09-11 10:32:07,771 INFO o.a.j.t.JMeterThread: Thread is done: Thread Group 1-81
2026-09-11 10:32:07,771 INFO o.a.j.t.JMeterThread: Thread finished: Thread Group 1-81
2026-09-11 10:32:07,771 INFO o.a.j.t.JMeterThread: Thread started: 多用户下单 2-29
2026-09-11 10:32:07,772 INFO o.a.j.t.JMeterThread: Thread is done: Thread Group 1-80
2026-09-11 10:32:07,772 INFO o.a.j.t.JMeterThread: Thread finished: Thread Group 1-80
2026-09-11 10:32:07,772 INFO o.a.j.t.JMeterThread: Thread started: 多用户下单 2-30
2026-09-11 10:32:07,772 INFO o.a.j.t.JMeterThread: Thread started: 多用户下单 2-31
2026-09-11 10:32:07,772 INFO o.a.j.t.JMeterThread: Thread is done: Thread Group 1-83
2026-09-11 10:32:07,772 INFO o.a.j.t.JMeterThread: Thread finished: Thread Group 1-83
2026-09-11 10:32:07,772 INFO o.a.j.t.JMeterThread: Thread is done: Thread Group 1-82
2026-09-11 10:32:07,772 INFO o.a.j.t.JMeterThread: Thread finished: Thread Group 1-82
2026-09-11 10:32:07,773 INFO o.a.j.t.JMeterThread: Thread started: 多用户下单 2-32
2026-09-11 10:32:07,773 INFO o.a.j.t.JMeterThread: Thread is done: Thread Group 1-84
2026-09-11 10:32:07,773 INFO o.a.j.t.JMeterThread: Thread finished: Thread Group 1-84
2026-09-11 10:32:07,774 INFO o.a.j.t.JMeterThread: Thread started: 多用户下单 2-33
2026-09-11 10:32:07,774 INFO o.a.j.t.JMeterThread: Thread started: 多用户下单 2-34
2026-09-11 10:32:07,774 INFO o.a.j.t.JMeterThread: Thread started: 多用户下单 2-35
2026-09-11 10:32:07,775 INFO o.a.j.t.JMeterThread: Thread is done: Thread Group 1-85
2026-09-11 10:32:07,775 INFO o.a.j.t.JMeterThread: Thread finished: Thread Group 1-85
2026-09-11 10:32:07,775 INFO o.a.j.t.JMeterThread: Thread started: 多用户下单 2-36
2026-09-11 10:32:07,775 INFO o.a.j.t.JMeterThread: Thread is done: Thread Group 1-86
2026-09-11 10:32:07,775 INFO o.a.j.t.JMeterThread: Thread finished: Thread Group 1-86
2026-09-11 10:32:07,775 INFO o.a.j.t.JMeterThread: Thread is done: Thread Group 1-87
2026-09-11 10:32:07,775 INFO o.a.j.t.JMeterThread: Thread finished: Thread Group 1-87
2026-09-11 10:32:07,775 INFO o.a.j.t.JMeterThread: Thread started: 多用户下单 2-37
2026-09-11 10:32:07,776 INFO o.a.j.t.JMeterThread: Thread started: 多用户下单 2-38
2026-09-11 10:32:07,776 INFO o.a.j.t.JMeterThread: Thread started: 多用户下单 2-39
2026-09-11 10:32:07,776 INFO o.a.j.t.JMeterThread: Thread is done: Thread Group 1-90
2026-09-11 10:32:07,777 INFO o.a.j.t.JMeterThread: Thread is done: Thread Group 1-88
2026-09-11 10:32:07,777 INFO o.a.j.t.JMeterThread: Thread finished: Thread Group 1-90
2026-09-11 10:32:07,777 INFO o.a.j.t.JMeterThread: Thread is done: Thread Group 1-89
2026-09-11 10:32:07,777 INFO o.a.j.t.JMeterThread: Thread finished: Thread Group 1-88
2026-09-11 10:32:07,777 INFO o.a.j.t.JMeterThread: Thread finished: Thread Group 1-89
2026-09-11 10:32:07,777 INFO o.a.j.t.JMeterThread: Thread started: 多用户下单 2-40
2026-09-11 10:32:07,777 INFO o.a.j.t.JMeterThread: Thread started: 多用户下单 2-41
2026-09-11 10:32:07,777 INFO o.a.j.t.JMeterThread: Thread is done: Thread Group 1-91
2026-09-11 10:32:07,777 INFO o.a.j.t.JMeterThread: Thread finished: Thread Group 1-91
2026-09-11 10:32:07,777 INFO o.a.j.t.JMeterThread: Thread started: 多用户下单 2-42
2026-09-11 10:32:07,778 INFO o.a.j.t.JMeterThread: Thread is done: Thread Group 1-93
2026-09-11 10:32:07,778 INFO o.a.j.t.JMeterThread: Thread finished: Thread Group 1-93
2026-09-11 10:32:07,778 INFO o.a.j.t.JMeterThread: Thread started: 多用户下单 2-43
2026-09-11 10:32:07,779 INFO o.a.j.t.JMeterThread: Thread started: 多用户下单 2-44
2026-09-11 10:32:07,779 INFO o.a.j.t.JMeterThread: Thread started: 多用户下单 2-45
2026-09-11 10:32:07,788 INFO o.a.j.t.JMeterThread: Thread started: 多用户下单 2-62
2026-09-11 10:32:07,789 INFO o.a.j.t.JMeterThread: Thread started: 多用户下单 2-63
2026-09-11 10:32:07,788 INFO o.a.j.t.JMeterThread: Thread is done: 多用户下单 2-1
2026-09-11 10:32:07,788 INFO o.a.j.t.JMeterThread: Thread is done: 多用户下单 2-5
2026-09-11 10:32:07,789 INFO o.a.j.t.JMeterThread: Thread finished: 多用户下单 2-1
2026-09-11 10:32:07,788 INFO o.a.j.t.JMeterThread: Thread started: 多用户下单 2-61
2026-09-11 10:32:07,788 INFO o.a.j.t.JMeterThread: Thread is done: 多用户下单 2-2
2026-09-11 10:32:07,788 INFO o.a.j.t.JMeterThread: Thread is done: 多用户下单 2-4
2026-09-11 10:32:07,790 INFO o.a.j.t.JMeterThread: Thread finished: 多用户下单 2-4
2026-09-11 10:32:07,788 INFO o.a.j.t.JMeterThread: Thread is done: 多用户下单 2-3
2026-09-11 10:32:07,788 INFO o.a.j.t.JMeterThread: Thread is done: 多用户下单 2-10
2026-09-11 10:32:07,790 INFO o.a.j.t.JMeterThread: Thread is done: 多用户下单 2-14
2026-09-11 10:32:07,787 INFO o.a.j.t.JMeterThread: Thread started: 多用户下单 2-60
2026-09-11 10:32:07,787 INFO o.a.j.t.JMeterThread: Thread started: 多用户下单 2-59
2026-09-11 10:32:07,786 INFO o.a.j.t.JMeterThread: Thread started: 多用户下单 2-58
2026-09-11 10:32:07,790 INFO o.a.j.t.JMeterThread: Thread started: 多用户下单 2-65
2026-09-11 10:32:07,786 INFO o.a.j.t.JMeterThread: Thread started: 多用户下单 2-57
2026-09-11 10:32:07,785 INFO o.a.j.t.JMeterThread: Thread started: 多用户下单 2-56
2026-09-11 10:32:07,785 INFO o.a.j.t.JMeterThread: Thread started: 多用户下单 2-55
2026-09-11 10:32:07,790 INFO o.a.j.t.JMeterThread: Thread is done: 多用户下单 2-8
2026-09-11 10:32:07,784 INFO o.a.j.t.JMeterThread: Thread started: 多用户下单 2-54
2026-09-11 10:32:07,784 INFO o.a.j.t.JMeterThread: Thread started: 多用户下单 2-53
2026-09-11 10:32:07,784 INFO o.a.j.t.JMeterThread: Thread is done: Thread Group 1-100
2026-09-11 10:32:07,783 INFO o.a.j.t.JMeterThread: Thread started: 多用户下单 2-52
2026-09-11 10:32:07,790 INFO o.a.j.t.JMeterThread: Thread finished: Thread Group 1-100
2026-09-11 10:32:07,783 INFO o.a.j.t.JMeterThread: Thread is done: Thread Group 1-99
2026-09-11 10:32:07,783 INFO o.a.j.t.JMeterThread: Thread is done: Thread Group 1-96
2026-09-11 10:32:07,782 INFO o.a.j.t.JMeterThread: Thread is done: Thread Group 1-98
2026-09-11 10:32:07,782 INFO o.a.j.t.JMeterThread: Thread started: 多用户下单 2-51
2026-09-11 10:32:07,791 INFO o.a.j.t.JMeterThread: Thread finished: Thread Group 1-98
2026-09-11 10:32:07,782 INFO o.a.j.t.JMeterThread: Thread is done: Thread Group 1-97
2026-09-11 10:32:07,782 INFO o.a.j.t.JMeterThread: Thread started: 多用户下单 2-50
2026-09-11 10:32:07,782 INFO o.a.j.t.JMeterThread: Thread started: 多用户下单 2-49
2026-09-11 10:32:07,781 INFO o.a.j.t.JMeterThread: Thread started: 多用户下单 2-48
2026-09-11 10:32:07,791 INFO o.a.j.t.JMeterThread: Thread is done: 多用户下单 2-19
2026-09-11 10:32:07,780 INFO o.a.j.t.JMeterThread: Thread started: 多用户下单 2-47
2026-09-11 10:32:07,780 INFO o.a.j.t.JMeterThread: Thread is done: Thread Group 1-94
2026-09-11 10:32:07,780 INFO o.a.j.t.JMeterThread: Thread started: 多用户下单 2-46
2026-09-11 10:32:07,780 INFO o.a.j.t.JMeterThread: Thread is done: Thread Group 1-95
2026-09-11 10:32:07,780 INFO o.a.j.t.JMeterThread: Thread is done: Thread Group 1-92
2026-09-11 10:32:07,792 INFO o.a.j.t.JMeterThread: Thread started: 多用户下单 2-67
2026-09-11 10:32:07,792 INFO o.a.j.t.JMeterThread: Thread finished: Thread Group 1-94
2026-09-11 10:32:07,791 INFO o.a.j.t.JMeterThread: Thread finished: 多用户下单 2-19
2026-09-11 10:32:07,791 INFO o.a.j.t.JMeterThread: Thread finished: Thread Group 1-97
2026-09-11 10:32:07,790 INFO o.a.j.t.JMeterThread: Thread finished: Thread Group 1-96
2026-09-11 10:32:07,790 INFO o.a.j.t.JMeterThread: Thread started: 多用户下单 2-66
2026-09-11 10:32:07,790 INFO o.a.j.t.JMeterThread: Thread finished: Thread Group 1-99
2026-09-11 10:32:07,790 INFO o.a.j.t.JMeterThread: Thread is done: 多用户下单 2-6
2026-09-11 10:32:07,790 INFO o.a.j.t.JMeterThread: Thread is done: 多用户下单 2-9
2026-09-11 10:32:07,792 INFO o.a.j.t.JMeterThread: Thread finished: 多用户下单 2-6
2026-09-11 10:32:07,792 INFO o.a.j.t.JMeterThread: Thread finished: 多用户下单 2-9
2026-09-11 10:32:07,790 INFO o.a.j.t.JMeterThread: Thread finished: 多用户下单 2-8
2026-09-11 10:32:07,790 INFO o.a.j.t.JMeterThread: Thread finished: 多用户下单 2-14
2026-09-11 10:32:07,790 INFO o.a.j.t.JMeterThread: Thread finished: 多用户下单 2-10
2026-09-11 10:32:07,792 INFO o.a.j.t.JMeterThread: Thread started: 多用户下单 2-68
2026-09-11 10:32:07,790 INFO o.a.j.t.JMeterThread: Thread finished: 多用户下单 2-3
2026-09-11 10:32:07,790 INFO o.a.j.t.JMeterThread: Thread is done: 多用户下单 2-11
2026-09-11 10:32:07,790 INFO o.a.j.t.JMeterThread: Thread is done: 多用户下单 2-12
2026-09-11 10:32:07,790 INFO o.a.j.t.JMeterThread: Thread is done: 多用户下单 2-7
2026-09-11 10:32:07,790 INFO o.a.j.t.JMeterThread: Thread finished: 多用户下单 2-2
2026-09-11 10:32:07,789 INFO o.a.j.t.JMeterThread: Thread started: 多用户下单 2-64
2026-09-11 10:32:07,789 INFO o.a.j.t.JMeterThread: Thread finished: 多用户下单 2-5
2026-09-11 10:32:07,792 INFO o.a.j.t.JMeterThread: Thread finished: 多用户下单 2-7
2026-09-11 10:32:07,792 INFO o.a.j.t.JMeterThread: Thread finished: 多用户下单 2-12
2026-09-11 10:32:07,792 INFO o.a.j.t.JMeterThread: Thread finished: 多用户下单 2-11
2026-09-11 10:32:07,793 INFO o.a.j.t.JMeterThread: Thread started: 多用户下单 2-69
2026-09-11 10:32:07,792 INFO o.a.j.t.JMeterThread: Thread is done: 多用户下单 2-13
2026-09-11 10:32:07,792 INFO o.a.j.t.JMeterThread: Thread finished: Thread Group 1-92
2026-09-11 10:32:07,794 INFO o.a.j.t.JMeterThread: Thread finished: 多用户下单 2-13
2026-09-11 10:32:07,792 INFO o.a.j.t.JMeterThread: Thread finished: Thread Group 1-95
2026-09-11 10:32:07,794 INFO o.a.j.t.JMeterThread: Thread started: 多用户下单 2-70
2026-09-11 10:32:07,795 INFO o.a.j.t.JMeterThread: Thread started: 多用户下单 2-71
2026-09-11 10:32:07,796 INFO o.a.j.t.JMeterThread: Thread started: 多用户下单 2-72
2026-09-11 10:32:07,797 INFO o.a.j.t.JMeterThread: Thread started: 多用户下单 2-73
2026-09-11 10:32:07,798 INFO o.a.j.t.JMeterThread: Thread is done: 多用户下单 2-16
2026-09-11 10:32:07,798 INFO o.a.j.t.JMeterThread: Thread finished: 多用户下单 2-16
2026-09-11 10:32:07,798 INFO o.a.j.t.JMeterThread: Thread started: 多用户下单 2-74
2026-09-11 10:32:07,798 INFO o.a.j.t.JMeterThread: Thread started: 多用户下单 2-75
2026-09-11 10:32:07,799 INFO o.a.j.t.JMeterThread: Thread started: 多用户下单 2-76
2026-09-11 10:32:07,800 INFO o.a.j.t.JMeterThread: Thread started: 多用户下单 2-77
2026-09-11 10:32:07,800 INFO o.a.j.t.JMeterThread: Thread is done: 多用户下单 2-20
2026-09-11 10:32:07,800 INFO o.a.j.t.JMeterThread: Thread finished: 多用户下单 2-20
2026-09-11 10:32:07,800 INFO o.a.j.t.JMeterThread: Thread is done: 多用户下单 2-17
2026-09-11 10:32:07,800 INFO o.a.j.t.JMeterThread: Thread finished: 多用户下单 2-17
2026-09-11 10:32:07,801 INFO o.a.j.t.JMeterThread: Thread started: 多用户下单 2-78
2026-09-11 10:32:07,802 INFO o.a.j.t.JMeterThread: Thread is done: 多用户下单 2-22
2026-09-11 10:32:07,802 INFO o.a.j.t.JMeterThread: Thread finished: 多用户下单 2-22
2026-09-11 10:32:07,802 INFO o.a.j.t.JMeterThread: Thread started: 多用户下单 2-79
2026-09-11 10:32:07,802 INFO o.a.j.t.JMeterThread: Thread is done: 多用户下单 2-15
2026-09-11 10:32:07,802 INFO o.a.j.t.JMeterThread: Thread finished: 多用户下单 2-15
2026-09-11 10:32:07,802 INFO o.a.j.t.JMeterThread: Thread started: 多用户下单 2-80
2026-09-11 10:32:07,803 INFO o.a.j.t.JMeterThread: Thread started: 多用户下单 2-81
2026-09-11 10:32:07,803 INFO o.a.j.t.JMeterThread: Thread started: 多用户下单 2-82
2026-09-11 10:32:07,804 INFO o.a.j.t.JMeterThread: Thread is done: 多用户下单 2-21
2026-09-11 10:32:07,804 INFO o.a.j.t.JMeterThread: Thread finished: 多用户下单 2-21
2026-09-11 10:32:07,804 INFO o.a.j.t.JMeterThread: Thread started: 多用户下单 2-83
2026-09-11 10:32:07,804 INFO o.a.j.t.JMeterThread: Thread is done: 多用户下单 2-23
2026-09-11 10:32:07,804 INFO o.a.j.t.JMeterThread: Thread finished: 多用户下单 2-23
2026-09-11 10:32:07,804 INFO o.a.j.t.JMeterThread: Thread started: 多用户下单 2-84
2026-09-11 10:32:07,805 INFO o.a.j.t.JMeterThread: Thread started: 多用户下单 2-85
2026-09-11 10:32:07,805 INFO o.a.j.t.JMeterThread: Thread is done: 多用户下单 2-27
2026-09-11 10:32:07,805 INFO o.a.j.t.JMeterThread: Thread is done: 多用户下单 2-25
2026-09-11 10:32:07,806 INFO o.a.j.t.JMeterThread: Thread finished: 多用户下单 2-27
2026-09-11 10:32:07,806 INFO o.a.j.t.JMeterThread: Thread finished: 多用户下单 2-25
2026-09-11 10:32:07,806 INFO o.a.j.t.JMeterThread: Thread started: 多用户下单 2-86
2026-09-11 10:32:07,806 INFO o.a.j.t.JMeterThread: Thread is done: 多用户下单 2-18
2026-09-11 10:32:07,806 INFO o.a.j.t.JMeterThread: Thread finished: 多用户下单 2-18
2026-09-11 10:32:07,807 INFO o.a.j.t.JMeterThread: Thread started: 多用户下单 2-87
2026-09-11 10:32:07,807 INFO o.a.j.t.JMeterThread: Thread is done: 多用户下单 2-24
2026-09-11 10:32:07,807 INFO o.a.j.t.JMeterThread: Thread finished: 多用户下单 2-24
2026-09-11 10:32:07,807 INFO o.a.j.t.JMeterThread: Thread started: 多用户下单 2-88
2026-09-11 10:32:07,808 INFO o.a.j.t.JMeterThread: Thread is done: 多用户下单 2-26
2026-09-11 10:32:07,808 INFO o.a.j.t.JMeterThread: Thread finished: 多用户下单 2-26
2026-09-11 10:32:07,808 INFO o.a.j.t.JMeterThread: Thread started: 多用户下单 2-89
2026-09-11 10:32:07,808 INFO o.a.j.t.JMeterThread: Thread is done: 多用户下单 2-29
2026-09-11 10:32:07,808 INFO o.a.j.t.JMeterThread: Thread finished: 多用户下单 2-29
2026-09-11 10:32:07,808 INFO o.a.j.t.JMeterThread: Thread is done: 多用户下单 2-28
2026-09-11 10:32:07,808 INFO o.a.j.t.JMeterThread: Thread finished: 多用户下单 2-28
2026-09-11 10:32:07,808 INFO o.a.j.t.JMeterThread: Thread started: 多用户下单 2-90
2026-09-11 10:32:07,809 INFO o.a.j.t.JMeterThread: Thread is done: 多用户下单 2-30
2026-09-11 10:32:07,809 INFO o.a.j.t.JMeterThread: Thread finished: 多用户下单 2-30
2026-09-11 10:32:07,809 INFO o.a.j.t.JMeterThread: Thread started: 多用户下单 2-91
2026-09-11 10:32:07,810 INFO o.a.j.t.JMeterThread: Thread is done: 多用户下单 2-31
2026-09-11 10:32:07,810 INFO o.a.j.t.JMeterThread: Thread started: 多用户下单 2-92
2026-09-11 10:32:07,810 INFO o.a.j.t.JMeterThread: Thread finished: 多用户下单 2-31
2026-09-11 10:32:07,810 INFO o.a.j.t.JMeterThread: Thread is done: 多用户下单 2-32
2026-09-11 10:32:07,810 INFO o.a.j.t.JMeterThread: Thread finished: 多用户下单 2-32
2026-09-11 10:32:07,810 INFO o.a.j.t.JMeterThread: Thread is done: 多用户下单 2-34
2026-09-11 10:32:07,810 INFO o.a.j.t.JMeterThread: Thread finished: 多用户下单 2-34
2026-09-11 10:32:07,811 INFO o.a.j.t.JMeterThread: Thread started: 多用户下单 2-93
2026-09-11 10:32:07,811 INFO o.a.j.t.JMeterThread: Thread started: 多用户下单 2-94
2026-09-11 10:32:07,812 INFO o.a.j.t.JMeterThread: Thread started: 多用户下单 2-95
2026-09-11 10:32:07,813 INFO o.a.j.t.JMeterThread: Thread started: 多用户下单 2-96
2026-09-11 10:32:07,813 INFO o.a.j.t.JMeterThread: Thread started: 多用户下单 2-97
2026-09-11 10:32:07,814 INFO o.a.j.t.JMeterThread: Thread is done: 多用户下单 2-33
2026-09-11 10:32:07,814 INFO o.a.j.t.JMeterThread: Thread finished: 多用户下单 2-33
2026-09-11 10:32:07,814 INFO o.a.j.t.JMeterThread: Thread started: 多用户下单 2-98
2026-09-11 10:32:07,814 INFO o.a.j.t.JMeterThread: Thread is done: 多用户下单 2-35
2026-09-11 10:32:07,814 INFO o.a.j.t.JMeterThread: Thread finished: 多用户下单 2-35
2026-09-11 10:32:07,814 INFO o.a.j.t.JMeterThread: Thread started: 多用户下单 2-99
2026-09-11 10:32:07,815 INFO o.a.j.t.JMeterThread: Thread started: 多用户下单 2-100
2026-09-11 10:32:07,816 INFO o.a.j.t.JMeterThread: Thread started: 多用户下单 2-101
2026-09-11 10:32:07,816 INFO o.a.j.t.JMeterThread: Thread started: 多用户下单 2-102
2026-09-11 10:32:07,817 INFO o.a.j.t.JMeterThread: Thread is done: 多用户下单 2-37
2026-09-11 10:32:07,817 INFO o.a.j.t.JMeterThread: Thread finished: 多用户下单 2-37
2026-09-11 10:32:07,817 INFO o.a.j.t.JMeterThread: Thread started: 多用户下单 2-103
2026-09-11 10:32:07,817 INFO o.a.j.t.JMeterThread: Thread started: 多用户下单 2-104
2026-09-11 10:32:07,818 INFO o.a.j.t.JMeterThread: Thread started: 多用户下单 2-105
2026-09-11 10:32:07,818 INFO o.a.j.t.JMeterThread: Thread started: 多用户下单 2-106
2026-09-11 10:32:07,819 INFO o.a.j.t.JMeterThread: Thread is done: 多用户下单 2-38
2026-09-11 10:32:07,819 INFO o.a.j.t.JMeterThread: Thread finished: 多用户下单 2-38
2026-09-11 10:32:07,819 INFO o.a.j.t.JMeterThread: Thread is done: 多用户下单 2-42
2026-09-11 10:32:07,819 INFO o.a.j.t.JMeterThread: Thread is done: 多用户下单 2-44
2026-09-11 10:32:07,819 INFO o.a.j.t.JMeterThread: Thread finished: 多用户下单 2-42
2026-09-11 10:32:07,819 INFO o.a.j.t.JMeterThread: Thread finished: 多用户下单 2-44
2026-09-11 10:32:07,819 INFO o.a.j.t.JMeterThread: Thread started: 多用户下单 2-107
2026-09-11 10:32:07,820 INFO o.a.j.t.JMeterThread: Thread started: 多用户下单 2-108
2026-09-11 10:32:07,820 INFO o.a.j.t.JMeterThread: Thread is done: 多用户下单 2-36
2026-09-11 10:32:07,820 INFO o.a.j.t.JMeterThread: Thread finished: 多用户下单 2-36
2026-09-11 10:32:07,820 INFO o.a.j.t.JMeterThread: Thread started: 多用户下单 2-109
2026-09-11 10:32:07,821 INFO o.a.j.t.JMeterThread: Thread started: 多用户下单 2-110
2026-09-11 10:32:07,822 INFO o.a.j.t.JMeterThread: Thread started: 多用户下单 2-111
2026-09-11 10:32:07,822 INFO o.a.j.t.JMeterThread: Thread is done: 多用户下单 2-39
2026-09-11 10:32:07,822 INFO o.a.j.t.JMeterThread: Thread finished: 多用户下单 2-39
2026-09-11 10:32:07,822 INFO o.a.j.t.JMeterThread: Thread is done: 多用户下单 2-62
2026-09-11 10:32:07,822 INFO o.a.j.t.JMeterThread: Thread started: 多用户下单 2-112
2026-09-11 10:32:07,822 INFO o.a.j.t.JMeterThread: Thread finished: 多用户下单 2-62
2026-09-11 10:32:07,823 INFO o.a.j.t.JMeterThread: Thread started: 多用户下单 2-113
2026-09-11 10:32:07,824 INFO o.a.j.t.JMeterThread: Thread started: 多用户下单 2-114
2026-09-11 10:32:07,824 INFO o.a.j.t.JMeterThread: Thread is done: 多用户下单 2-40
2026-09-11 10:32:07,824 INFO o.a.j.t.JMeterThread: Thread is done: 多用户下单 2-61
2026-09-11 10:32:07,824 INFO o.a.j.t.JMeterThread: Thread finished: 多用户下单 2-61
2026-09-11 10:32:07,824 INFO o.a.j.t.JMeterThread: Thread is done: 多用户下单 2-41
2026-09-11 10:32:07,824 INFO o.a.j.t.JMeterThread: Thread finished: 多用户下单 2-40
2026-09-11 10:32:07,824 INFO o.a.j.t.JMeterThread: Thread finished: 多用户下单 2-41
2026-09-11 10:32:07,824 INFO o.a.j.t.JMeterThread: Thread started: 多用户下单 2-115
2026-09-11 10:32:07,824 INFO o.a.j.t.JMeterThread: Thread is done: 多用户下单 2-58
2026-09-11 10:32:07,824 INFO o.a.j.t.JMeterThread: Thread finished: 多用户下单 2-58
2026-09-11 10:32:07,825 INFO o.a.j.t.JMeterThread: Thread started: 多用户下单 2-116
2026-09-11 10:32:07,825 INFO o.a.j.t.JMeterThread: Thread is done: 多用户下单 2-43
2026-09-11 10:32:07,825 INFO o.a.j.t.JMeterThread: Thread finished: 多用户下单 2-43
2026-09-11 10:32:07,825 INFO o.a.j.t.JMeterThread: Thread is done: 多用户下单 2-60
2026-09-11 10:32:07,825 INFO o.a.j.t.JMeterThread: Thread finished: 多用户下单 2-60
2026-09-11 10:32:07,825 INFO o.a.j.t.JMeterThread: Thread started: 多用户下单 2-117
2026-09-11 10:32:07,826 INFO o.a.j.t.JMeterThread: Thread started: 多用户下单 2-118
2026-09-11 10:32:07,826 INFO o.a.j.t.JMeterThread: Thread is done: 多用户下单 2-59
2026-09-11 10:32:07,826 INFO o.a.j.t.JMeterThread: Thread finished: 多用户下单 2-59
2026-09-11 10:32:07,826 INFO o.a.j.t.JMeterThread: Thread started: 多用户下单 2-119
2026-09-11 10:32:07,827 INFO o.a.j.t.JMeterThread: Thread started: 多用户下单 2-120
2026-09-11 10:32:07,827 INFO o.a.j.t.JMeterThread: Thread is done: 多用户下单 2-53
2026-09-11 10:32:07,828 INFO o.a.j.t.JMeterThread: Thread finished: 多用户下单 2-53
2026-09-11 10:32:07,827 INFO o.a.j.t.JMeterThread: Thread started: 多用户下单 2-121
2026-09-11 10:32:07,828 INFO o.a.j.t.JMeterThread: Thread started: 多用户下单 2-122
2026-09-11 10:32:07,828 INFO o.a.j.t.JMeterThread: Thread is done: 多用户下单 2-45
2026-09-11 10:32:07,828 INFO o.a.j.t.JMeterThread: Thread finished: 多用户下单 2-45
2026-09-11 10:32:07,828 INFO o.a.j.t.JMeterThread: Thread started: 多用户下单 2-123
2026-09-11 10:32:07,829 INFO o.a.j.t.JMeterThread: Thread started: 多用户下单 2-124
2026-09-11 10:32:07,829 INFO o.a.j.t.JMeterThread: Thread started: 多用户下单 2-125
2026-09-11 10:32:07,830 INFO o.a.j.t.JMeterThread: Thread is done: 多用户下单 2-63
2026-09-11 10:32:07,830 INFO o.a.j.t.JMeterThread: Thread finished: 多用户下单 2-63
2026-09-11 10:32:07,830 INFO o.a.j.t.JMeterThread: Thread started: 多用户下单 2-126
2026-09-11 10:32:07,831 INFO o.a.j.t.JMeterThread: Thread started: 多用户下单 2-127
2026-09-11 10:32:07,832 INFO o.a.j.t.JMeterThread: Thread is done: 多用户下单 2-55
2026-09-11 10:32:07,832 INFO o.a.j.t.JMeterThread: Thread finished: 多用户下单 2-55
2026-09-11 10:32:07,832 INFO o.a.j.t.JMeterThread: Thread is done: 多用户下单 2-57
2026-09-11 10:32:07,832 INFO o.a.j.t.JMeterThread: Thread started: 多用户下单 2-128
2026-09-11 10:32:07,832 INFO o.a.j.t.JMeterThread: Thread finished: 多用户下单 2-57
2026-09-11 10:32:07,832 INFO o.a.j.t.JMeterThread: Thread started: 多用户下单 2-129
2026-09-11 10:32:07,833 INFO o.a.j.t.JMeterThread: Thread started: 多用户下单 2-130
2026-09-11 10:32:07,833 INFO o.a.j.t.JMeterThread: Thread is done: 多用户下单 2-65
2026-09-11 10:32:07,833 INFO o.a.j.t.JMeterThread: Thread finished: 多用户下单 2-65
2026-09-11 10:32:07,834 INFO o.a.j.t.JMeterThread: Thread started: 多用户下单 2-131
2026-09-11 10:32:07,836 INFO o.a.j.t.JMeterThread: Thread started: 多用户下单 2-132
2026-09-11 10:32:07,836 INFO o.a.j.t.JMeterThread: Thread is done: 多用户下单 2-51
2026-09-11 10:32:07,836 INFO o.a.j.t.JMeterThread: Thread is done: 多用户下单 2-56
2026-09-11 10:32:07,836 INFO o.a.j.t.JMeterThread: Thread finished: 多用户下单 2-51
2026-09-11 10:32:07,836 INFO o.a.j.t.JMeterThread: Thread finished: 多用户下单 2-56
2026-09-11 10:32:07,836 INFO o.a.j.t.JMeterThread: Thread started: 多用户下单 2-133
2026-09-11 10:32:07,837 INFO o.a.j.t.JMeterThread: Thread is done: 多用户下单 2-47
2026-09-11 10:32:07,837 INFO o.a.j.t.JMeterThread: Thread finished: 多用户下单 2-47
2026-09-11 10:32:07,837 INFO o.a.j.t.JMeterThread: Thread started: 多用户下单 2-134
2026-09-11 10:32:07,837 INFO o.a.j.t.JMeterThread: Thread is done: 多用户下单 2-49
2026-09-11 10:32:07,837 INFO o.a.j.t.JMeterThread: Thread finished: 多用户下单 2-49
2026-09-11 10:32:07,837 INFO o.a.j.t.JMeterThread: Thread started: 多用户下单 2-135
2026-09-11 10:32:07,838 INFO o.a.j.t.JMeterThread: Thread started: 多用户下单 2-137
2026-09-11 10:32:07,838 INFO o.a.j.t.JMeterThread: Thread started: 多用户下单 2-136
2026-09-11 10:32:07,839 INFO o.a.j.t.JMeterThread: Thread started: 多用户下单 2-138
2026-09-11 10:32:07,839 INFO o.a.j.t.JMeterThread: Thread started: 多用户下单 2-139
2026-09-11 10:32:07,840 INFO o.a.j.t.JMeterThread: Thread started: 多用户下单 2-140
2026-09-11 10:32:07,840 INFO o.a.j.t.JMeterThread: Thread started: 多用户下单 2-141
2026-09-11 10:32:07,840 INFO o.a.j.t.JMeterThread: Thread started: 多用户下单 2-142
2026-09-11 10:32:07,842 INFO o.a.j.t.JMeterThread: Thread is done: 多用户下单 2-46
2026-09-11 10:32:07,842 INFO o.a.j.t.JMeterThread: Thread finished: 多用户下单 2-46
2026-09-11 10:32:07,842 INFO o.a.j.t.JMeterThread: Thread started: 多用户下单 2-144
2026-09-11 10:32:07,843 INFO o.a.j.t.JMeterThread: Thread started: 多用户下单 2-143
2026-09-11 10:32:07,843 INFO o.a.j.t.JMeterThread: Thread started: 多用户下单 2-145
2026-09-11 10:32:07,844 INFO o.a.j.t.JMeterThread: Thread is done: 多用户下单 2-54
2026-09-11 10:32:07,844 INFO o.a.j.t.JMeterThread: Thread finished: 多用户下单 2-54
2026-09-11 10:32:07,844 INFO o.a.j.t.JMeterThread: Thread started: 多用户下单 2-146
2026-09-11 10:32:07,844 INFO o.a.j.t.JMeterThread: Thread is done: 多用户下单 2-48
2026-09-11 10:32:07,844 INFO o.a.j.t.JMeterThread: Thread finished: 多用户下单 2-48
2026-09-11 10:32:07,844 INFO o.a.j.t.JMeterThread: Thread is done: 多用户下单 2-50
2026-09-11 10:32:07,844 INFO o.a.j.t.JMeterThread: Thread finished: 多用户下单 2-50
2026-09-11 10:32:07,844 INFO o.a.j.t.JMeterThread: Thread is done: 多用户下单 2-52
2026-09-11 10:32:07,844 INFO o.a.j.t.JMeterThread: Thread finished: 多用户下单 2-52
2026-09-11 10:32:07,845 INFO o.a.j.t.JMeterThread: Thread started: 多用户下单 2-147
2026-09-11 10:32:07,845 INFO o.a.j.t.JMeterThread: Thread started: 多用户下单 2-148
2026-09-11 10:32:07,846 INFO o.a.j.t.JMeterThread: Thread started: 多用户下单 2-149
2026-09-11 10:32:07,847 INFO o.a.j.t.JMeterThread: Thread started: 多用户下单 2-150
2026-09-11 10:32:07,847 INFO o.a.j.t.JMeterThread: Thread started: 多用户下单 2-151
2026-09-11 10:32:07,848 INFO o.a.j.t.JMeterThread: Thread is done: 多用户下单 2-67
2026-09-11 10:32:07,848 INFO o.a.j.t.JMeterThread: Thread finished: 多用户下单 2-67
2026-09-11 10:32:07,848 INFO o.a.j.t.JMeterThread: Thread started: 多用户下单 2-152
2026-09-11 10:32:07,849 INFO o.a.j.t.JMeterThread: Thread started: 多用户下单 2-153
2026-09-11 10:32:07,849 INFO o.a.j.t.JMeterThread: Thread is done: 多用户下单 2-66
2026-09-11 10:32:07,849 INFO o.a.j.t.JMeterThread: Thread finished: 多用户下单 2-66
2026-09-11 10:32:07,849 INFO o.a.j.t.JMeterThread: Thread started: 多用户下单 2-154
2026-09-11 10:32:07,850 INFO o.a.j.t.JMeterThread: Thread is done: 多用户下单 2-70
2026-09-11 10:32:07,850 INFO o.a.j.t.JMeterThread: Thread finished: 多用户下单 2-70
2026-09-11 10:32:07,850 INFO o.a.j.t.JMeterThread: Thread is done: 多用户下单 2-64
2026-09-11 10:32:07,850 INFO o.a.j.t.JMeterThread: Thread started: 多用户下单 2-155
2026-09-11 10:32:07,850 INFO o.a.j.t.JMeterThread: Thread finished: 多用户下单 2-64
2026-09-11 10:32:07,851 INFO o.a.j.t.JMeterThread: Thread started: 多用户下单 2-156
2026-09-11 10:32:07,851 INFO o.a.j.t.JMeterThread: Thread started: 多用户下单 2-157
2026-09-11 10:32:07,852 INFO o.a.j.t.JMeterThread: Thread started: 多用户下单 2-158
2026-09-11 10:32:07,852 INFO o.a.j.t.JMeterThread: Thread is done: 多用户下单 2-68
2026-09-11 10:32:07,852 INFO o.a.j.t.JMeterThread: Thread finished: 多用户下单 2-68
2026-09-11 10:32:07,852 INFO o.a.j.t.JMeterThread: Thread is done: 多用户下单 2-69
2026-09-11 10:32:07,852 INFO o.a.j.t.JMeterThread: Thread finished: 多用户下单 2-69
2026-09-11 10:32:07,853 INFO o.a.j.t.JMeterThread: Thread started: 多用户下单 2-159
2026-09-11 10:32:07,853 INFO o.a.j.t.JMeterThread: Thread started: 多用户下单 2-160
2026-09-11 10:32:07,854 INFO o.a.j.t.JMeterThread: Thread is done: 多用户下单 2-71
2026-09-11 10:32:07,854 INFO o.a.j.t.JMeterThread: Thread finished: 多用户下单 2-71
2026-09-11 10:32:07,854 INFO o.a.j.t.JMeterThread: Thread started: 多用户下单 2-161
2026-09-11 10:32:07,855 INFO o.a.j.t.JMeterThread: Thread started: 多用户下单 2-162
2026-09-11 10:32:07,855 INFO o.a.j.t.JMeterThread: Thread started: 多用户下单 2-163
2026-09-11 10:32:07,855 INFO o.a.j.t.JMeterThread: Thread is done: 多用户下单 2-72
2026-09-11 10:32:07,855 INFO o.a.j.t.JMeterThread: Thread finished: 多用户下单 2-72
2026-09-11 10:32:07,856 INFO o.a.j.t.JMeterThread: Thread started: 多用户下单 2-164
2026-09-11 10:32:07,857 INFO o.a.j.t.JMeterThread: Thread started: 多用户下单 2-165
2026-09-11 10:32:07,857 INFO o.a.j.t.JMeterThread: Thread is done: 多用户下单 2-73
2026-09-11 10:32:07,857 INFO o.a.j.t.JMeterThread: Thread finished: 多用户下单 2-73
2026-09-11 10:32:07,857 INFO o.a.j.t.JMeterThread: Thread started: 多用户下单 2-166
2026-09-11 10:32:07,858 INFO o.a.j.t.JMeterThread: Thread is done: 多用户下单 2-75
2026-09-11 10:32:07,858 INFO o.a.j.t.JMeterThread: Thread finished: 多用户下单 2-75
2026-09-11 10:32:07,858 INFO o.a.j.t.JMeterThread: Thread started: 多用户下单 2-167
2026-09-11 10:32:07,858 INFO o.a.j.t.JMeterThread: Thread started: 多用户下单 2-168
2026-09-11 10:32:07,859 INFO o.a.j.t.JMeterThread: Thread started: 多用户下单 2-169
2026-09-11 10:32:07,859 INFO o.a.j.t.JMeterThread: Thread is done: 多用户下单 2-77
2026-09-11 10:32:07,859 INFO o.a.j.t.JMeterThread: Thread finished: 多用户下单 2-77
2026-09-11 10:32:07,859 INFO o.a.j.t.JMeterThread: Thread is done: 多用户下单 2-74
2026-09-11 10:32:07,860 INFO o.a.j.t.JMeterThread: Thread finished: 多用户下单 2-74
2026-09-11 10:32:07,860 INFO o.a.j.t.JMeterThread: Thread started: 多用户下单 2-170
2026-09-11 10:32:07,860 INFO o.a.j.t.JMeterThread: Thread started: 多用户下单 2-171
2026-09-11 10:32:07,860 INFO o.a.j.t.JMeterThread: Thread started: 多用户下单 2-172
2026-09-11 10:32:07,861 INFO o.a.j.t.JMeterThread: Thread is done: 多用户下单 2-79
2026-09-11 10:32:07,861 INFO o.a.j.t.JMeterThread: Thread finished: 多用户下单 2-79
2026-09-11 10:32:07,861 INFO o.a.j.t.JMeterThread: Thread started: 多用户下单 2-173
2026-09-11 10:32:07,862 INFO o.a.j.t.JMeterThread: Thread started: 多用户下单 2-174
2026-09-11 10:32:07,862 INFO o.a.j.t.JMeterThread: Thread is done: 多用户下单 2-80
2026-09-11 10:32:07,862 INFO o.a.j.t.JMeterThread: Thread finished: 多用户下单 2-80
2026-09-11 10:32:07,862 INFO o.a.j.t.JMeterThread: Thread started: 多用户下单 2-175
2026-09-11 10:32:07,863 INFO o.a.j.t.JMeterThread: Thread is done: 多用户下单 2-76
2026-09-11 10:32:07,863 INFO o.a.j.t.JMeterThread: Thread finished: 多用户下单 2-76
2026-09-11 10:32:07,863 INFO o.a.j.t.JMeterThread: Thread started: 多用户下单 2-176
2026-09-11 10:32:07,864 INFO o.a.j.t.JMeterThread: Thread started: 多用户下单 2-177
2026-09-11 10:32:07,864 INFO o.a.j.t.JMeterThread: Thread is done: 多用户下单 2-81
2026-09-11 10:32:07,864 INFO o.a.j.t.JMeterThread: Thread started: 多用户下单 2-178
2026-09-11 10:32:07,864 INFO o.a.j.t.JMeterThread: Thread finished: 多用户下单 2-81
2026-09-11 10:32:07,865 INFO o.a.j.t.JMeterThread: Thread started: 多用户下单 2-179
2026-09-11 10:32:07,865 INFO o.a.j.t.JMeterThread: Thread started: 多用户下单 2-180
2026-09-11 10:32:07,865 INFO o.a.j.t.JMeterThread: Thread is done: 多用户下单 2-82
2026-09-11 10:32:07,865 INFO o.a.j.t.JMeterThread: Thread finished: 多用户下单 2-82
2026-09-11 10:32:07,865 INFO o.a.j.t.JMeterThread: Thread is done: 多用户下单 2-78
2026-09-11 10:32:07,865 INFO o.a.j.t.JMeterThread: Thread finished: 多用户下单 2-78
2026-09-11 10:32:07,865 INFO o.a.j.t.JMeterThread: Thread started: 多用户下单 2-181
2026-09-11 10:32:07,866 INFO o.a.j.t.JMeterThread: Thread is done: 多用户下单 2-87
2026-09-11 10:32:07,866 INFO o.a.j.t.JMeterThread: Thread finished: 多用户下单 2-87
2026-09-11 10:32:07,866 INFO o.a.j.t.JMeterThread: Thread is done: 多用户下单 2-83
2026-09-11 10:32:07,866 INFO o.a.j.t.JMeterThread: Thread finished: 多用户下单 2-83
2026-09-11 10:32:07,867 INFO o.a.j.t.JMeterThread: Thread started: 多用户下单 2-182
2026-09-11 10:32:07,867 INFO o.a.j.t.JMeterThread: Thread is done: 多用户下单 2-85
2026-09-11 10:32:07,867 INFO o.a.j.t.JMeterThread: Thread started: 多用户下单 2-183
2026-09-11 10:32:07,867 INFO o.a.j.t.JMeterThread: Thread finished: 多用户下单 2-85
2026-09-11 10:32:07,868 INFO o.a.j.t.JMeterThread: Thread is done: 多用户下单 2-84
2026-09-11 10:32:07,868 INFO o.a.j.t.JMeterThread: Thread finished: 多用户下单 2-84
2026-09-11 10:32:07,868 INFO o.a.j.t.JMeterThread: Thread started: 多用户下单 2-184
2026-09-11 10:32:07,868 INFO o.a.j.t.JMeterThread: Thread started: 多用户下单 2-185
2026-09-11 10:32:07,868 INFO o.a.j.t.JMeterThread: Thread is done: 多用户下单 2-89
2026-09-11 10:32:07,869 INFO o.a.j.t.JMeterThread: Thread finished: 多用户下单 2-89
2026-09-11 10:32:07,869 INFO o.a.j.t.JMeterThread: Thread started: 多用户下单 2-186
2026-09-11 10:32:07,869 INFO o.a.j.t.JMeterThread: Thread started: 多用户下单 2-187
2026-09-11 10:32:07,869 INFO o.a.j.t.JMeterThread: Thread is done: 多用户下单 2-86
2026-09-11 10:32:07,869 INFO o.a.j.t.JMeterThread: Thread finished: 多用户下单 2-86
2026-09-11 10:32:07,870 INFO o.a.j.t.JMeterThread: Thread started: 多用户下单 2-188
2026-09-11 10:32:07,870 INFO o.a.j.t.JMeterThread: Thread started: 多用户下单 2-189
2026-09-11 10:32:07,870 INFO o.a.j.t.JMeterThread: Thread started: 多用户下单 2-190
2026-09-11 10:32:07,872 INFO o.a.j.t.JMeterThread: Thread started: 多用户下单 2-191
2026-09-11 10:32:07,872 INFO o.a.j.t.JMeterThread: Thread is done: 多用户下单 2-93
2026-09-11 10:32:07,872 INFO o.a.j.t.JMeterThread: Thread is done: 多用户下单 2-92
2026-09-11 10:32:07,873 INFO o.a.j.t.JMeterThread: Thread finished: 多用户下单 2-93
2026-09-11 10:32:07,873 INFO o.a.j.t.JMeterThread: Thread finished: 多用户下单 2-92
2026-09-11 10:32:07,873 INFO o.a.j.t.JMeterThread: Thread started: 多用户下单 2-192
2026-09-11 10:32:07,873 INFO o.a.j.t.JMeterThread: Thread started: 多用户下单 2-194
2026-09-11 10:32:07,873 INFO o.a.j.t.JMeterThread: Thread started: 多用户下单 2-193
2026-09-11 10:32:07,874 INFO o.a.j.t.JMeterThread: Thread is done: 多用户下单 2-91
2026-09-11 10:32:07,874 INFO o.a.j.t.JMeterThread: Thread is done: 多用户下单 2-95
2026-09-11 10:32:07,874 INFO o.a.j.t.JMeterThread: Thread finished: 多用户下单 2-91
2026-09-11 10:32:07,874 INFO o.a.j.t.JMeterThread: Thread finished: 多用户下单 2-95
2026-09-11 10:32:07,874 INFO o.a.j.t.JMeterThread: Thread started: 多用户下单 2-195
2026-09-11 10:32:07,874 INFO o.a.j.t.JMeterThread: Thread started: 多用户下单 2-196
2026-09-11 10:32:07,875 INFO o.a.j.t.JMeterThread: Thread is done: 多用户下单 2-90
2026-09-11 10:32:07,875 INFO o.a.j.t.JMeterThread: Thread is done: 多用户下单 2-88
2026-09-11 10:32:07,875 INFO o.a.j.t.JMeterThread: Thread finished: 多用户下单 2-90
2026-09-11 10:32:07,875 INFO o.a.j.t.JMeterThread: Thread finished: 多用户下单 2-88
2026-09-11 10:32:07,875 INFO o.a.j.t.JMeterThread: Thread started: 多用户下单 2-197
2026-09-11 10:32:07,875 INFO o.a.j.t.JMeterThread: Thread started: 多用户下单 2-198
2026-09-11 10:32:07,875 INFO o.a.j.t.JMeterThread: Thread is done: 多用户下单 2-96
2026-09-11 10:32:07,875 INFO o.a.j.t.JMeterThread: Thread finished: 多用户下单 2-96
2026-09-11 10:32:07,876 INFO o.a.j.t.JMeterThread: Thread is done: 多用户下单 2-98
2026-09-11 10:32:07,876 INFO o.a.j.t.JMeterThread: Thread started: 多用户下单 2-199
2026-09-11 10:32:07,876 INFO o.a.j.t.JMeterThread: Thread finished: 多用户下单 2-98
2026-09-11 10:32:07,876 INFO o.a.j.t.JMeterThread: Thread is done: 多用户下单 2-94
2026-09-11 10:32:07,876 INFO o.a.j.t.JMeterThread: Thread finished: 多用户下单 2-94
2026-09-11 10:32:07,877 INFO o.a.j.t.JMeterThread: Thread started: 多用户下单 2-200
2026-09-11 10:32:07,877 INFO o.a.j.t.JMeterThread: Thread is done: 多用户下单 2-100
2026-09-11 10:32:07,877 INFO o.a.j.t.JMeterThread: Thread finished: 多用户下单 2-100
2026-09-11 10:32:07,878 INFO o.a.j.t.JMeterThread: Thread is done: 多用户下单 2-99
2026-09-11 10:32:07,878 INFO o.a.j.t.JMeterThread: Thread finished: 多用户下单 2-99
2026-09-11 10:32:07,878 INFO o.a.j.t.JMeterThread: Thread started: 多用户下单 2-201
2026-09-11 10:32:07,878 INFO o.a.j.t.JMeterThread: Thread started: 多用户下单 2-202
2026-09-11 10:32:07,879 INFO o.a.j.t.JMeterThread: Thread started: 多用户下单 2-203
2026-09-11 10:32:07,880 INFO o.a.j.t.JMeterThread: Thread started: 多用户下单 2-204
2026-09-11 10:32:07,880 INFO o.a.j.t.JMeterThread: Thread is done: 多用户下单 2-97
2026-09-11 10:32:07,880 INFO o.a.j.t.JMeterThread: Thread finished: 多用户下单 2-97
2026-09-11 10:32:07,881 INFO o.a.j.t.JMeterThread: Thread started: 多用户下单 2-205
2026-09-11 10:32:07,881 INFO o.a.j.t.JMeterThread: Thread started: 多用户下单 2-206
2026-09-11 10:32:07,882 INFO o.a.j.t.JMeterThread: Thread is done: 多用户下单 2-102
2026-09-11 10:32:07,882 INFO o.a.j.t.JMeterThread: Thread finished: 多用户下单 2-102
2026-09-11 10:32:07,882 INFO o.a.j.t.JMeterThread: Thread started: 多用户下单 2-207
2026-09-11 10:32:07,882 INFO o.a.j.t.JMeterThread: Thread is done: 多用户下单 2-104
2026-09-11 10:32:07,882 INFO o.a.j.t.JMeterThread: Thread finished: 多用户下单 2-104
2026-09-11 10:32:07,883 INFO o.a.j.t.JMeterThread: Thread started: 多用户下单 2-208
2026-09-11 10:32:07,883 INFO o.a.j.t.JMeterThread: Thread is done: 多用户下单 2-103
2026-09-11 10:32:07,883 INFO o.a.j.t.JMeterThread: Thread finished: 多用户下单 2-103
2026-09-11 10:32:07,883 INFO o.a.j.t.JMeterThread: Thread started: 多用户下单 2-209
2026-09-11 10:32:07,883 INFO o.a.j.t.JMeterThread: Thread is done: 多用户下单 2-101
2026-09-11 10:32:07,883 INFO o.a.j.t.JMeterThread: Thread finished: 多用户下单 2-101
2026-09-11 10:32:07,884 INFO o.a.j.t.JMeterThread: Thread started: 多用户下单 2-210
2026-09-11 10:32:07,885 INFO o.a.j.t.JMeterThread: Thread started: 多用户下单 2-211
2026-09-11 10:32:07,887 INFO o.a.j.t.JMeterThread: Thread is done: 多用户下单 2-106
2026-09-11 10:32:07,887 INFO o.a.j.t.JMeterThread: Thread finished: 多用户下单 2-106
2026-09-11 10:32:07,887 INFO o.a.j.t.JMeterThread: Thread started: 多用户下单 2-212
2026-09-11 10:32:07,888 INFO o.a.j.t.JMeterThread: Thread started: 多用户下单 2-213
2026-09-11 10:32:07,888 INFO o.a.j.t.JMeterThread: Thread started: 多用户下单 2-214
2026-09-11 10:32:07,889 INFO o.a.j.t.JMeterThread: Thread started: 多用户下单 2-215
2026-09-11 10:32:07,889 INFO o.a.j.t.JMeterThread: Thread is done: 多用户下单 2-105
2026-09-11 10:32:07,889 INFO o.a.j.t.JMeterThread: Thread finished: 多用户下单 2-105
2026-09-11 10:32:07,889 INFO o.a.j.t.JMeterThread: Thread started: 多用户下单 2-216
2026-09-11 10:32:07,889 INFO o.a.j.t.JMeterThread: Thread started: 多用户下单 2-217
2026-09-11 10:32:07,889 INFO o.a.j.t.JMeterThread: Thread is done: 多用户下单 2-108
2026-09-11 10:32:07,889 INFO o.a.j.t.JMeterThread: Thread finished: 多用户下单 2-108
2026-09-11 10:32:07,889 INFO o.a.j.t.JMeterThread: Thread started: 多用户下单 2-218
2026-09-11 10:32:07,890 INFO o.a.j.t.JMeterThread: Thread started: 多用户下单 2-219
2026-09-11 10:32:07,891 INFO o.a.j.t.JMeterThread: Thread is done: 多用户下单 2-107
2026-09-11 10:32:07,891 INFO o.a.j.t.JMeterThread: Thread finished: 多用户下单 2-107
2026-09-11 10:32:07,891 INFO o.a.j.t.JMeterThread: Thread is done: 多用户下单 2-110
2026-09-11 10:32:07,891 INFO o.a.j.t.JMeterThread: Thread finished: 多用户下单 2-110
2026-09-11 10:32:07,891 INFO o.a.j.t.JMeterThread: Thread started: 多用户下单 2-220
2026-09-11 10:32:07,891 INFO o.a.j.t.JMeterThread: Thread started: 多用户下单 2-221
2026-09-11 10:32:07,891 INFO o.a.j.t.JMeterThread: Thread is done: 多用户下单 2-109
2026-09-11 10:32:07,892 INFO o.a.j.t.JMeterThread: Thread finished: 多用户下单 2-109
2026-09-11 10:32:07,892 INFO o.a.j.t.JMeterThread: Thread is done: 多用户下单 2-112
2026-09-11 10:32:07,892 INFO o.a.j.t.JMeterThread: Thread finished: 多用户下单 2-112
2026-09-11 10:32:07,892 INFO o.a.j.t.JMeterThread: Thread started: 多用户下单 2-222
2026-09-11 10:32:07,892 INFO o.a.j.t.JMeterThread: Thread is done: 多用户下单 2-113
2026-09-11 10:32:07,892 INFO o.a.j.t.JMeterThread: Thread finished: 多用户下单 2-113
2026-09-11 10:32:07,893 INFO o.a.j.t.JMeterThread: Thread is done: 多用户下单 2-111
2026-09-11 10:32:07,893 INFO o.a.j.t.JMeterThread: Thread finished: 多用户下单 2-111
2026-09-11 10:32:07,893 INFO o.a.j.t.JMeterThread: Thread is done: 多用户下单 2-115
2026-09-11 10:32:07,893 INFO o.a.j.t.JMeterThread: Thread finished: 多用户下单 2-115
2026-09-11 10:32:07,893 INFO o.a.j.t.JMeterThread: Thread started: 多用户下单 2-223
2026-09-11 10:32:07,894 INFO o.a.j.t.JMeterThread: Thread started: 多用户下单 2-224
2026-09-11 10:32:07,894 INFO o.a.j.t.JMeterThread: Thread is done: 多用户下单 2-114
2026-09-11 10:32:07,894 INFO o.a.j.t.JMeterThread: Thread finished: 多用户下单 2-114
2026-09-11 10:32:07,894 INFO o.a.j.t.JMeterThread: Thread started: 多用户下单 2-225
2026-09-11 10:32:07,895 INFO o.a.j.t.JMeterThread: Thread started: 多用户下单 2-226
2026-09-11 10:32:07,895 INFO o.a.j.t.JMeterThread: Thread is done: 多用户下单 2-116
2026-09-11 10:32:07,895 INFO o.a.j.t.JMeterThread: Thread finished: 多用户下单 2-116
2026-09-11 10:32:07,895 INFO o.a.j.t.JMeterThread: Thread started: 多用户下单 2-227
2026-09-11 10:32:07,896 INFO o.a.j.t.JMeterThread: Thread started: 多用户下单 2-228
2026-09-11 10:32:07,896 INFO o.a.j.t.JMeterThread: Thread is done: 多用户下单 2-117
2026-09-11 10:32:07,896 INFO o.a.j.t.JMeterThread: Thread finished: 多用户下单 2-117
2026-09-11 10:32:07,896 INFO o.a.j.t.JMeterThread: Thread is done: 多用户下单 2-122
2026-09-11 10:32:07,896 INFO o.a.j.t.JMeterThread: Thread finished: 多用户下单 2-122
2026-09-11 10:32:07,896 INFO o.a.j.t.JMeterThread: Thread started: 多用户下单 2-229
2026-09-11 10:32:07,897 INFO o.a.j.t.JMeterThread: Thread started: 多用户下单 2-230
2026-09-11 10:32:07,897 INFO o.a.j.t.JMeterThread: Thread is done: 多用户下单 2-118
2026-09-11 10:32:07,897 INFO o.a.j.t.JMeterThread: Thread finished: 多用户下单 2-118
2026-09-11 10:32:07,898 INFO o.a.j.t.JMeterThread: Thread started: 多用户下单 2-231
2026-09-11 10:32:07,898 INFO o.a.j.t.JMeterThread: Thread is done: 多用户下单 2-123
2026-09-11 10:32:07,898 INFO o.a.j.t.JMeterThread: Thread finished: 多用户下单 2-123
2026-09-11 10:32:07,898 INFO o.a.j.t.JMeterThread: Thread started: 多用户下单 2-232
2026-09-11 10:32:07,899 INFO o.a.j.t.JMeterThread: Thread is done: 多用户下单 2-120
2026-09-11 10:32:07,899 INFO o.a.j.t.JMeterThread: Thread started: 多用户下单 2-233
2026-09-11 10:32:07,899 INFO o.a.j.t.JMeterThread: Thread finished: 多用户下单 2-120
2026-09-11 10:32:07,899 INFO o.a.j.t.JMeterThread: Thread is done: 多用户下单 2-119
2026-09-11 10:32:07,899 INFO o.a.j.t.JMeterThread: Thread finished: 多用户下单 2-119
2026-09-11 10:32:07,899 INFO o.a.j.t.JMeterThread: Thread started: 多用户下单 2-234
2026-09-11 10:32:07,900 INFO o.a.j.t.JMeterThread: Thread started: 多用户下单 2-235
2026-09-11 10:32:07,901 INFO o.a.j.t.JMeterThread: Thread started: 多用户下单 2-236
2026-09-11 10:32:07,901 INFO o.a.j.t.JMeterThread: Thread is done: 多用户下单 2-121
2026-09-11 10:32:07,901 INFO o.a.j.t.JMeterThread: Thread is done: 多用户下单 2-124
2026-09-11 10:32:07,901 INFO o.a.j.t.JMeterThread: Thread started: 多用户下单 2-237
2026-09-11 10:32:07,901 INFO o.a.j.t.JMeterThread: Thread finished: 多用户下单 2-121
2026-09-11 10:32:07,901 INFO o.a.j.t.JMeterThread: Thread is done: 多用户下单 2-125
2026-09-11 10:32:07,901 INFO o.a.j.t.JMeterThread: Thread finished: 多用户下单 2-124
2026-09-11 10:32:07,901 INFO o.a.j.t.JMeterThread: Thread finished: 多用户下单 2-125
2026-09-11 10:32:07,901 INFO o.a.j.t.JMeterThread: Thread started: 多用户下单 2-238
2026-09-11 10:32:07,902 INFO o.a.j.t.JMeterThread: Thread started: 多用户下单 2-239
2026-09-11 10:32:07,902 INFO o.a.j.t.JMeterThread: Thread started: 多用户下单 2-240
2026-09-11 10:32:07,903 INFO o.a.j.t.JMeterThread: Thread started: 多用户下单 2-241
2026-09-11 10:32:07,904 INFO o.a.j.t.JMeterThread: Thread started: 多用户下单 2-242
2026-09-11 10:32:07,904 INFO o.a.j.t.JMeterThread: Thread is done: 多用户下单 2-127
2026-09-11 10:32:07,904 INFO o.a.j.t.JMeterThread: Thread finished: 多用户下单 2-127
2026-09-11 10:32:07,905 INFO o.a.j.t.JMeterThread: Thread started: 多用户下单 2-243
2026-09-11 10:32:07,905 INFO o.a.j.t.JMeterThread: Thread started: 多用户下单 2-244
2026-09-11 10:32:07,905 INFO o.a.j.t.JMeterThread: Thread started: 多用户下单 2-245
2026-09-11 10:32:07,905 INFO o.a.j.t.JMeterThread: Thread started: 多用户下单 2-246
2026-09-11 10:32:07,906 INFO o.a.j.t.JMeterThread: Thread is done: 多用户下单 2-130
2026-09-11 10:32:07,906 INFO o.a.j.t.JMeterThread: Thread is done: 多用户下单 2-129
2026-09-11 10:32:07,906 INFO o.a.j.t.JMeterThread: Thread finished: 多用户下单 2-130
2026-09-11 10:32:07,906 INFO o.a.j.t.JMeterThread: Thread finished: 多用户下单 2-129
2026-09-11 10:32:07,906 INFO o.a.j.t.JMeterThread: Thread is done: 多用户下单 2-131
2026-09-11 10:32:07,906 INFO o.a.j.t.JMeterThread: Thread started: 多用户下单 2-247
2026-09-11 10:32:07,907 INFO o.a.j.t.JMeterThread: Thread finished: 多用户下单 2-131
2026-09-11 10:32:07,907 INFO o.a.j.t.JMeterThread: Thread started: 多用户下单 2-248
2026-09-11 10:32:07,908 INFO o.a.j.t.JMeterThread: Thread is done: 多用户下单 2-126
2026-09-11 10:32:07,908 INFO o.a.j.t.JMeterThread: Thread finished: 多用户下单 2-126
2026-09-11 10:32:07,908 INFO o.a.j.t.JMeterThread: Thread started: 多用户下单 2-249
2026-09-11 10:32:07,908 INFO o.a.j.t.JMeterThread: Thread is done: 多用户下单 2-132
2026-09-11 10:32:07,908 INFO o.a.j.t.JMeterThread: Thread finished: 多用户下单 2-132
2026-09-11 10:32:07,908 INFO o.a.j.t.JMeterThread: Thread started: 多用户下单 2-250
2026-09-11 10:32:07,908 INFO o.a.j.t.JMeterThread: Thread started: 多用户下单 2-251
2026-09-11 10:32:07,909 INFO o.a.j.t.JMeterThread: Thread started: 多用户下单 2-252
2026-09-11 10:32:07,910 INFO o.a.j.t.JMeterThread: Thread is done: 多用户下单 2-137
2026-09-11 10:32:07,910 INFO o.a.j.t.JMeterThread: Thread finished: 多用户下单 2-137
2026-09-11 10:32:07,910 INFO o.a.j.t.JMeterThread: Thread started: 多用户下单 2-253
2026-09-11 10:32:07,910 INFO o.a.j.t.JMeterThread: Thread is done: 多用户下单 2-128
2026-09-11 10:32:07,910 INFO o.a.j.t.JMeterThread: Thread finished: 多用户下单 2-128
2026-09-11 10:32:07,910 INFO o.a.j.t.JMeterThread: Thread started: 多用户下单 2-254
2026-09-11 10:32:07,911 INFO o.a.j.t.JMeterThread: Thread is done: 多用户下单 2-134
2026-09-11 10:32:07,911 INFO o.a.j.t.JMeterThread: Thread finished: 多用户下单 2-134
2026-09-11 10:32:07,911 INFO o.a.j.t.JMeterThread: Thread started: 多用户下单 2-255
2026-09-11 10:32:07,911 INFO o.a.j.t.JMeterThread: Thread is done: 多用户下单 2-133
2026-09-11 10:32:07,911 INFO o.a.j.t.JMeterThread: Thread finished: 多用户下单 2-133
2026-09-11 10:32:07,911 INFO o.a.j.t.JMeterThread: Thread started: 多用户下单 2-256
2026-09-11 10:32:07,912 INFO o.a.j.t.JMeterThread: Thread started: 多用户下单 2-257
2026-09-11 10:32:07,913 INFO o.a.j.t.JMeterThread: Thread is done: 多用户下单 2-136
2026-09-11 10:32:07,913 INFO o.a.j.t.JMeterThread: Thread started: 多用户下单 2-258
2026-09-11 10:32:07,913 INFO o.a.j.t.JMeterThread: Thread finished: 多用户下单 2-136
2026-09-11 10:32:07,913 INFO o.a.j.t.JMeterThread: Thread started: 多用户下单 2-259
2026-09-11 10:32:07,914 INFO o.a.j.t.JMeterThread: Thread is done: 多用户下单 2-139
2026-09-11 10:32:07,914 INFO o.a.j.t.JMeterThread: Thread finished: 多用户下单 2-139
2026-09-11 10:32:07,914 INFO o.a.j.t.JMeterThread: Thread started: 多用户下单 2-260
2026-09-11 10:32:07,914 INFO o.a.j.t.JMeterThread: Thread started: 多用户下单 2-261
2026-09-11 10:32:07,915 INFO o.a.j.t.JMeterThread: Thread is done: 多用户下单 2-138
2026-09-11 10:32:07,915 INFO o.a.j.t.JMeterThread: Thread is done: 多用户下单 2-135
2026-09-11 10:32:07,915 INFO o.a.j.t.JMeterThread: Thread finished: 多用户下单 2-138
2026-09-11 10:32:07,915 INFO o.a.j.t.JMeterThread: Thread is done: 多用户下单 2-142
2026-09-11 10:32:07,915 INFO o.a.j.t.JMeterThread: Thread started: 多用户下单 2-262
2026-09-11 10:32:07,915 INFO o.a.j.t.JMeterThread: Thread finished: 多用户下单 2-135
2026-09-11 10:32:07,915 INFO o.a.j.t.JMeterThread: Thread finished: 多用户下单 2-142
2026-09-11 10:32:07,915 INFO o.a.j.t.JMeterThread: Thread started: 多用户下单 2-263
2026-09-11 10:32:07,915 INFO o.a.j.t.JMeterThread: Thread started: 多用户下单 2-264
2026-09-11 10:32:07,916 INFO o.a.j.t.JMeterThread: Thread is done: 多用户下单 2-143
2026-09-11 10:32:07,916 INFO o.a.j.t.JMeterThread: Thread finished: 多用户下单 2-143
2026-09-11 10:32:07,916 INFO o.a.j.t.JMeterThread: Thread is done: 多用户下单 2-140
2026-09-11 10:32:07,916 INFO o.a.j.t.JMeterThread: Thread finished: 多用户下单 2-140
2026-09-11 10:32:07,916 INFO o.a.j.t.JMeterThread: Thread is done: 多用户下单 2-141
2026-09-11 10:32:07,917 INFO o.a.j.t.JMeterThread: Thread finished: 多用户下单 2-141
2026-09-11 10:32:07,917 INFO o.a.j.t.JMeterThread: Thread started: 多用户下单 2-265
2026-09-11 10:32:07,917 INFO o.a.j.t.JMeterThread: Thread is done: 多用户下单 2-144
2026-09-11 10:32:07,917 INFO o.a.j.t.JMeterThread: Thread finished: 多用户下单 2-144
2026-09-11 10:32:07,917 INFO o.a.j.t.JMeterThread: Thread started: 多用户下单 2-266
2026-09-11 10:32:07,918 INFO o.a.j.t.JMeterThread: Thread started: 多用户下单 2-267
2026-09-11 10:32:07,918 INFO o.a.j.t.JMeterThread: Thread is done: 多用户下单 2-146
2026-09-11 10:32:07,918 INFO o.a.j.t.JMeterThread: Thread finished: 多用户下单 2-146
2026-09-11 10:32:07,918 INFO o.a.j.t.JMeterThread: Thread started: 多用户下单 2-268
2026-09-11 10:32:07,919 INFO o.a.j.t.JMeterThread: Thread is done: 多用户下单 2-145
2026-09-11 10:32:07,919 INFO o.a.j.t.JMeterThread: Thread finished: 多用户下单 2-145
2026-09-11 10:32:07,919 INFO o.a.j.t.JMeterThread: Thread started: 多用户下单 2-269
2026-09-11 10:32:07,919 INFO o.a.j.t.JMeterThread: Thread started: 多用户下单 2-270
2026-09-11 10:32:07,920 INFO o.a.j.t.JMeterThread: Thread is done: 多用户下单 2-147
2026-09-11 10:32:07,920 INFO o.a.j.t.JMeterThread: Thread finished: 多用户下单 2-147
2026-09-11 10:32:07,920 INFO o.a.j.t.JMeterThread: Thread started: 多用户下单 2-271
2026-09-11 10:32:07,921 INFO o.a.j.t.JMeterThread: Thread started: 多用户下单 2-272
2026-09-11 10:32:07,921 INFO o.a.j.t.JMeterThread: Thread started: 多用户下单 2-273
2026-09-11 10:32:07,922 INFO o.a.j.t.JMeterThread: Thread is done: 多用户下单 2-148
2026-09-11 10:32:07,922 INFO o.a.j.t.JMeterThread: Thread finished: 多用户下单 2-148
2026-09-11 10:32:07,923 INFO o.a.j.t.JMeterThread: Thread started: 多用户下单 2-274
2026-09-11 10:32:07,923 INFO o.a.j.t.JMeterThread: Thread started: 多用户下单 2-275
2026-09-11 10:32:07,924 INFO o.a.j.t.JMeterThread: Thread started: 多用户下单 2-276
2026-09-11 10:32:07,924 INFO o.a.j.t.JMeterThread: Thread is done: 多用户下单 2-150
2026-09-11 10:32:07,924 INFO o.a.j.t.JMeterThread: Thread started: 多用户下单 2-277
2026-09-11 10:32:07,924 INFO o.a.j.t.JMeterThread: Thread finished: 多用户下单 2-150
2026-09-11 10:32:07,925 INFO o.a.j.t.JMeterThread: Thread is done: 多用户下单 2-149
2026-09-11 10:32:07,925 INFO o.a.j.t.JMeterThread: Thread finished: 多用户下单 2-149
2026-09-11 10:32:07,925 INFO o.a.j.t.JMeterThread: Thread started: 多用户下单 2-278
2026-09-11 10:32:07,926 INFO o.a.j.t.JMeterThread: Thread started: 多用户下单 2-279
2026-09-11 10:32:07,927 INFO o.a.j.t.JMeterThread: Thread started: 多用户下单 2-280
2026-09-11 10:32:07,927 INFO o.a.j.t.JMeterThread: Thread is done: 多用户下单 2-151
2026-09-11 10:32:07,927 INFO o.a.j.t.JMeterThread: Thread finished: 多用户下单 2-151
2026-09-11 10:32:07,927 INFO o.a.j.t.JMeterThread: Thread started: 多用户下单 2-281
2026-09-11 10:32:07,928 INFO o.a.j.t.JMeterThread: Thread started: 多用户下单 2-282
2026-09-11 10:32:07,929 INFO o.a.j.t.JMeterThread: Thread started: 多用户下单 2-283
2026-09-11 10:32:07,930 INFO o.a.j.t.JMeterThread: Thread started: 多用户下单 2-284
2026-09-11 10:32:07,930 INFO o.a.j.t.JMeterThread: Thread started: 多用户下单 2-285
2026-09-11 10:32:07,931 INFO o.a.j.t.JMeterThread: Thread started: 多用户下单 2-286
2026-09-11 10:32:07,931 INFO o.a.j.t.JMeterThread: Thread is done: 多用户下单 2-152
2026-09-11 10:32:07,931 INFO o.a.j.t.JMeterThread: Thread finished: 多用户下单 2-152
2026-09-11 10:32:07,932 INFO o.a.j.t.JMeterThread: Thread started: 多用户下单 2-287
2026-09-11 10:32:07,933 INFO o.a.j.t.JMeterThread: Thread started: 多用户下单 2-288
2026-09-11 10:32:07,933 INFO o.a.j.t.JMeterThread: Thread started: 多用户下单 2-289
2026-09-11 10:32:07,934 INFO o.a.j.t.JMeterThread: Thread started: 多用户下单 2-290
2026-09-11 10:32:07,934 INFO o.a.j.t.JMeterThread: Thread started: 多用户下单 2-291
2026-09-11 10:32:07,935 INFO o.a.j.t.JMeterThread: Thread started: 多用户下单 2-292
2026-09-11 10:32:07,935 INFO o.a.j.t.JMeterThread: Thread started: 多用户下单 2-293
2026-09-11 10:32:07,935 INFO o.a.j.t.JMeterThread: Thread started: 多用户下单 2-294
2026-09-11 10:32:07,935 INFO o.a.j.t.JMeterThread: Thread is done: 多用户下单 2-153
2026-09-11 10:32:07,936 INFO o.a.j.t.JMeterThread: Thread finished: 多用户下单 2-153
2026-09-11 10:32:07,936 INFO o.a.j.t.JMeterThread: Thread started: 多用户下单 2-295
2026-09-11 10:32:07,937 INFO o.a.j.t.JMeterThread: Thread started: 多用户下单 2-296
2026-09-11 10:32:07,938 INFO o.a.j.t.JMeterThread: Thread is done: 多用户下单 2-154
2026-09-11 10:32:07,938 INFO o.a.j.t.JMeterThread: Thread is done: 多用户下单 2-155
2026-09-11 10:32:07,938 INFO o.a.j.t.JMeterThread: Thread finished: 多用户下单 2-154
2026-09-11 10:32:07,938 INFO o.a.j.t.JMeterThread: Thread finished: 多用户下单 2-155
2026-09-11 10:32:07,938 INFO o.a.j.t.JMeterThread: Thread started: 多用户下单 2-297
2026-09-11 10:32:07,939 INFO o.a.j.t.JMeterThread: Thread started: 多用户下单 2-298
2026-09-11 10:32:07,939 INFO o.a.j.t.JMeterThread: Thread is done: 多用户下单 2-160
2026-09-11 10:32:07,939 INFO o.a.j.t.JMeterThread: Thread finished: 多用户下单 2-160
2026-09-11 10:32:07,940 INFO o.a.j.t.JMeterThread: Thread started: 多用户下单 2-299
2026-09-11 10:32:07,940 INFO o.a.j.t.JMeterThread: Thread started: 多用户下单 2-300
2026-09-11 10:32:07,940 INFO o.a.j.t.JMeterThread: Thread is done: 多用户下单 2-156
2026-09-11 10:32:07,941 INFO o.a.j.t.JMeterThread: Thread finished: 多用户下单 2-156
2026-09-11 10:32:07,941 INFO o.a.j.t.JMeterThread: Thread is done: 多用户下单 2-158
2026-09-11 10:32:07,941 INFO o.a.j.t.JMeterThread: Thread finished: 多用户下单 2-158
2026-09-11 10:32:07,941 INFO o.a.j.t.JMeterThread: Thread started: 多用户下单 2-301
2026-09-11 10:32:07,941 INFO o.a.j.t.JMeterThread: Thread is done: 多用户下单 2-162
2026-09-11 10:32:07,941 INFO o.a.j.t.JMeterThread: Thread finished: 多用户下单 2-162
2026-09-11 10:32:07,941 INFO o.a.j.t.JMeterThread: Thread started: 多用户下单 2-302
2026-09-11 10:32:07,942 INFO o.a.j.t.JMeterThread: Thread started: 多用户下单 2-303
2026-09-11 10:32:07,942 INFO o.a.j.t.JMeterThread: Thread started: 多用户下单 2-304
2026-09-11 10:32:07,943 INFO o.a.j.t.JMeterThread: Thread started: 多用户下单 2-305
2026-09-11 10:32:07,943 INFO o.a.j.t.JMeterThread: Thread started: 多用户下单 2-306
2026-09-11 10:32:07,944 INFO o.a.j.t.JMeterThread: Thread started: 多用户下单 2-307
2026-09-11 10:32:07,944 INFO o.a.j.t.JMeterThread: Thread started: 多用户下单 2-308
2026-09-11 10:32:07,945 INFO o.a.j.t.JMeterThread: Thread is done: 多用户下单 2-167
2026-09-11 10:32:07,945 INFO o.a.j.t.JMeterThread: Thread finished: 多用户下单 2-167
2026-09-11 10:32:07,945 INFO o.a.j.t.JMeterThread: Thread is done: 多用户下单 2-164
2026-09-11 10:32:07,945 INFO o.a.j.t.JMeterThread: Thread finished: 多用户下单 2-164
2026-09-11 10:32:07,945 INFO o.a.j.t.JMeterThread: Thread started: 多用户下单 2-309
2026-09-11 10:32:07,945 INFO o.a.j.t.JMeterThread: Thread is done: 多用户下单 2-159
2026-09-11 10:32:07,946 INFO o.a.j.t.JMeterThread: Thread finished: 多用户下单 2-159
2026-09-11 10:32:07,946 INFO o.a.j.t.JMeterThread: Thread started: 多用户下单 2-310
2026-09-11 10:32:07,946 INFO o.a.j.t.JMeterThread: Thread is done: 多用户下单 2-170
2026-09-11 10:32:07,946 INFO o.a.j.t.JMeterThread: Thread finished: 多用户下单 2-170
2026-09-11 10:32:07,946 INFO o.a.j.t.JMeterThread: Thread is done: 多用户下单 2-157
2026-09-11 10:32:07,946 INFO o.a.j.t.JMeterThread: Thread finished: 多用户下单 2-157
2026-09-11 10:32:07,946 INFO o.a.j.t.JMeterThread: Thread started: 多用户下单 2-311
2026-09-11 10:32:07,947 INFO o.a.j.t.JMeterThread: Thread started: 多用户下单 2-312
2026-09-11 10:32:07,947 INFO o.a.j.t.JMeterThread: Thread is done: 多用户下单 2-161
2026-09-11 10:32:07,947 INFO o.a.j.t.JMeterThread: Thread is done: 多用户下单 2-165
2026-09-11 10:32:07,947 INFO o.a.j.t.JMeterThread: Thread finished: 多用户下单 2-161
2026-09-11 10:32:07,947 INFO o.a.j.t.JMeterThread: Thread is done: 多用户下单 2-163
2026-09-11 10:32:07,947 INFO o.a.j.t.JMeterThread: Thread finished: 多用户下单 2-165
2026-09-11 10:32:07,947 INFO o.a.j.t.JMeterThread: Thread finished: 多用户下单 2-163
2026-09-11 10:32:07,948 INFO o.a.j.t.JMeterThread: Thread started: 多用户下单 2-313
2026-09-11 10:32:07,948 INFO o.a.j.t.JMeterThread: Thread started: 多用户下单 2-314
2026-09-11 10:32:07,948 INFO o.a.j.t.JMeterThread: Thread is done: 多用户下单 2-168
2026-09-11 10:32:07,948 INFO o.a.j.t.JMeterThread: Thread finished: 多用户下单 2-168
2026-09-11 10:32:07,949 INFO o.a.j.t.JMeterThread: Thread started: 多用户下单 2-315
2026-09-11 10:32:07,949 INFO o.a.j.t.JMeterThread: Thread started: 多用户下单 2-316
2026-09-11 10:32:07,949 INFO o.a.j.t.JMeterThread: Thread started: 多用户下单 2-317
2026-09-11 10:32:07,950 INFO o.a.j.t.JMeterThread: Thread is done: 多用户下单 2-172
2026-09-11 10:32:07,950 INFO o.a.j.t.JMeterThread: Thread finished: 多用户下单 2-172
2026-09-11 10:32:07,951 INFO o.a.j.t.JMeterThread: Thread started: 多用户下单 2-318
2026-09-11 10:32:07,951 INFO o.a.j.t.JMeterThread: Thread started: 多用户下单 2-319
2026-09-11 10:32:07,951 INFO o.a.j.t.JMeterThread: Thread is done: 多用户下单 2-166
2026-09-11 10:32:07,951 INFO o.a.j.t.JMeterThread: Thread finished: 多用户下单 2-166
2026-09-11 10:32:07,952 INFO o.a.j.t.JMeterThread: Thread is done: 多用户下单 2-169
2026-09-11 10:32:07,952 INFO o.a.j.t.JMeterThread: Thread finished: 多用户下单 2-169
2026-09-11 10:32:07,952 INFO o.a.j.t.JMeterThread: Thread started: 多用户下单 2-320
2026-09-11 10:32:07,952 INFO o.a.j.t.JMeterThread: Thread started: 多用户下单 2-321
2026-09-11 10:32:07,952 INFO o.a.j.t.JMeterThread: Thread started: 多用户下单 2-322
2026-09-11 10:32:07,953 INFO o.a.j.t.JMeterThread: Thread is done: 多用户下单 2-171
2026-09-11 10:32:07,953 INFO o.a.j.t.JMeterThread: Thread finished: 多用户下单 2-171
2026-09-11 10:32:07,953 INFO o.a.j.t.JMeterThread: Thread is done: 多用户下单 2-177
2026-09-11 10:32:07,953 INFO o.a.j.t.JMeterThread: Thread finished: 多用户下单 2-177
2026-09-11 10:32:07,953 INFO o.a.j.t.JMeterThread: Thread is done: 多用户下单 2-174
2026-09-11 10:32:07,953 INFO o.a.j.t.JMeterThread: Thread finished: 多用户下单 2-174
2026-09-11 10:32:07,953 INFO o.a.j.t.JMeterThread: Thread started: 多用户下单 2-323
2026-09-11 10:32:07,954 INFO o.a.j.t.JMeterThread: Thread is done: 多用户下单 2-176
2026-09-11 10:32:07,954 INFO o.a.j.t.JMeterThread: Thread finished: 多用户下单 2-176
2026-09-11 10:32:07,954 INFO o.a.j.t.JMeterThread: Thread started: 多用户下单 2-324
2026-09-11 10:32:07,954 INFO o.a.j.t.JMeterThread: Thread started: 多用户下单 2-325
2026-09-11 10:32:07,955 INFO o.a.j.t.JMeterThread: Thread started: 多用户下单 2-326
2026-09-11 10:32:07,956 INFO o.a.j.t.JMeterThread: Thread is done: 多用户下单 2-182
2026-09-11 10:32:07,956 INFO o.a.j.t.JMeterThread: Thread finished: 多用户下单 2-182
2026-09-11 10:32:07,956 INFO o.a.j.t.JMeterThread: Thread started: 多用户下单 2-327
2026-09-11 10:32:07,956 INFO o.a.j.t.JMeterThread: Thread is done: 多用户下单 2-179
2026-09-11 10:32:07,956 INFO o.a.j.t.JMeterThread: Thread started: 多用户下单 2-328
2026-09-11 10:32:07,956 INFO o.a.j.t.JMeterThread: Thread finished: 多用户下单 2-179
2026-09-11 10:32:07,956 INFO o.a.j.t.JMeterThread: Thread is done: 多用户下单 2-173
2026-09-11 10:32:07,956 INFO o.a.j.t.JMeterThread: Thread started: 多用户下单 2-329
2026-09-11 10:32:07,956 INFO o.a.j.t.JMeterThread: Thread finished: 多用户下单 2-173
2026-09-11 10:32:07,956 INFO o.a.j.t.JMeterThread: Thread is done: 多用户下单 2-175
2026-09-11 10:32:07,957 INFO o.a.j.t.JMeterThread: Thread finished: 多用户下单 2-175
2026-09-11 10:32:07,957 INFO o.a.j.t.JMeterThread: Thread is done: 多用户下单 2-180
2026-09-11 10:32:07,957 INFO o.a.j.t.JMeterThread: Thread finished: 多用户下单 2-180
2026-09-11 10:32:07,957 INFO o.a.j.t.JMeterThread: Thread started: 多用户下单 2-330
2026-09-11 10:32:07,958 INFO o.a.j.t.JMeterThread: Thread is done: 多用户下单 2-185
2026-09-11 10:32:07,958 INFO o.a.j.t.JMeterThread: Thread finished: 多用户下单 2-185
2026-09-11 10:32:07,958 INFO o.a.j.t.JMeterThread: Thread is done: 多用户下单 2-178
2026-09-11 10:32:07,958 INFO o.a.j.t.JMeterThread: Thread finished: 多用户下单 2-178
2026-09-11 10:32:07,958 INFO o.a.j.t.JMeterThread: Thread started: 多用户下单 2-331
2026-09-11 10:32:07,959 INFO o.a.j.t.JMeterThread: Thread started: 多用户下单 2-332
2026-09-11 10:32:07,960 INFO o.a.j.t.JMeterThread: Thread started: 多用户下单 2-333
2026-09-11 10:32:07,960 INFO o.a.j.t.JMeterThread: Thread is done: 多用户下单 2-181
2026-09-11 10:32:07,960 INFO o.a.j.t.JMeterThread: Thread finished: 多用户下单 2-181
2026-09-11 10:32:07,961 INFO o.a.j.t.JMeterThread: Thread started: 多用户下单 2-334
2026-09-11 10:32:07,961 INFO o.a.j.t.JMeterThread: Thread started: 多用户下单 2-335
2026-09-11 10:32:07,962 INFO o.a.j.t.JMeterThread: Thread started: 多用户下单 2-336
2026-09-11 10:32:07,962 INFO o.a.j.t.JMeterThread: Thread is done: 多用户下单 2-187
2026-09-11 10:32:07,962 INFO o.a.j.t.JMeterThread: Thread is done: 多用户下单 2-186
2026-09-11 10:32:07,962 INFO o.a.j.t.JMeterThread: Thread finished: 多用户下单 2-186
2026-09-11 10:32:07,962 INFO o.a.j.t.JMeterThread: Thread finished: 多用户下单 2-187
2026-09-11 10:32:07,962 INFO o.a.j.t.JMeterThread: Thread is done: 多用户下单 2-184
2026-09-11 10:32:07,962 INFO o.a.j.t.JMeterThread: Thread finished: 多用户下单 2-184
2026-09-11 10:32:07,963 INFO o.a.j.t.JMeterThread: Thread is done: 多用户下单 2-183
2026-09-11 10:32:07,962 INFO o.a.j.t.JMeterThread: Thread started: 多用户下单 2-337
2026-09-11 10:32:07,963 INFO o.a.j.t.JMeterThread: Thread finished: 多用户下单 2-183
2026-09-11 10:32:07,963 INFO o.a.j.t.JMeterThread: Thread is done: 多用户下单 2-188
2026-09-11 10:32:07,963 INFO o.a.j.t.JMeterThread: Thread finished: 多用户下单 2-188
2026-09-11 10:32:07,963 INFO o.a.j.t.JMeterThread: Thread started: 多用户下单 2-338
2026-09-11 10:32:07,963 INFO o.a.j.t.JMeterThread: Thread started: 多用户下单 2-339
2026-09-11 10:32:07,964 INFO o.a.j.t.JMeterThread: Thread is done: 多用户下单 2-189
2026-09-11 10:32:07,964 INFO o.a.j.t.JMeterThread: Thread finished: 多用户下单 2-189
2026-09-11 10:32:07,964 INFO o.a.j.t.JMeterThread: Thread started: 多用户下单 2-340
2026-09-11 10:32:07,964 INFO o.a.j.t.JMeterThread: Thread is done: 多用户下单 2-190
2026-09-11 10:32:07,964 INFO o.a.j.t.JMeterThread: Thread finished: 多用户下单 2-190
2026-09-11 10:32:07,966 INFO o.a.j.t.JMeterThread: Thread started: 多用户下单 2-341
2026-09-11 10:32:07,966 INFO o.a.j.t.JMeterThread: Thread started: 多用户下单 2-342
2026-09-11 10:32:07,966 INFO o.a.j.t.JMeterThread: Thread started: 多用户下单 2-343
2026-09-11 10:32:07,967 INFO o.a.j.t.JMeterThread: Thread is done: 多用户下单 2-191
2026-09-11 10:32:07,967 INFO o.a.j.t.JMeterThread: Thread finished: 多用户下单 2-191
2026-09-11 10:32:07,967 INFO o.a.j.t.JMeterThread: Thread started: 多用户下单 2-344
2026-09-11 10:32:07,967 INFO o.a.j.t.JMeterThread: Thread is done: 多用户下单 2-194
2026-09-11 10:32:07,967 INFO o.a.j.t.JMeterThread: Thread finished: 多用户下单 2-194
2026-09-11 10:32:07,967 INFO o.a.j.t.JMeterThread: Thread started: 多用户下单 2-345
2026-09-11 10:32:07,968 INFO o.a.j.t.JMeterThread: Thread is done: 多用户下单 2-195
2026-09-11 10:32:07,968 INFO o.a.j.t.JMeterThread: Thread finished: 多用户下单 2-195
2026-09-11 10:32:07,968 INFO o.a.j.t.JMeterThread: Thread is done: 多用户下单 2-193
2026-09-11 10:32:07,968 INFO o.a.j.t.JMeterThread: Thread finished: 多用户下单 2-193
2026-09-11 10:32:07,968 INFO o.a.j.t.JMeterThread: Thread started: 多用户下单 2-346
2026-09-11 10:32:07,969 INFO o.a.j.t.JMeterThread: Thread started: 多用户下单 2-347
2026-09-11 10:32:07,969 INFO o.a.j.t.JMeterThread: Thread is done: 多用户下单 2-196
2026-09-11 10:32:07,969 INFO o.a.j.t.JMeterThread: Thread finished: 多用户下单 2-196
2026-09-11 10:32:07,969 INFO o.a.j.t.JMeterThread: Thread is done: 多用户下单 2-198
2026-09-11 10:32:07,969 INFO o.a.j.t.JMeterThread: Thread finished: 多用户下单 2-198
2026-09-11 10:32:07,969 INFO o.a.j.t.JMeterThread: Thread started: 多用户下单 2-348
2026-09-11 10:32:07,970 INFO o.a.j.t.JMeterThread: Thread started: 多用户下单 2-349
2026-09-11 10:32:07,970 INFO o.a.j.t.JMeterThread: Thread is done: 多用户下单 2-192
2026-09-11 10:32:07,970 INFO o.a.j.t.JMeterThread: Thread finished: 多用户下单 2-192
2026-09-11 10:32:07,971 INFO o.a.j.t.JMeterThread: Thread is done: 多用户下单 2-199
2026-09-11 10:32:07,971 INFO o.a.j.t.JMeterThread: Thread finished: 多用户下单 2-199
2026-09-11 10:32:07,971 INFO o.a.j.t.JMeterThread: Thread is done: 多用户下单 2-197
2026-09-11 10:32:07,971 INFO o.a.j.t.JMeterThread: Thread finished: 多用户下单 2-197
2026-09-11 10:32:07,971 INFO o.a.j.t.JMeterThread: Thread started: 多用户下单 2-350
2026-09-11 10:32:07,971 INFO o.a.j.t.JMeterThread: Thread started: 多用户下单 2-351
2026-09-11 10:32:07,972 INFO o.a.j.t.JMeterThread: Thread started: 多用户下单 2-352
2026-09-11 10:32:07,972 INFO o.a.j.t.JMeterThread: Thread is done: 多用户下单 2-202
2026-09-11 10:32:07,972 INFO o.a.j.t.JMeterThread: Thread finished: 多用户下单 2-202
2026-09-11 10:32:07,972 INFO o.a.j.t.JMeterThread: Thread is done: 多用户下单 2-200
2026-09-11 10:32:07,972 INFO o.a.j.t.JMeterThread: Thread is done: 多用户下单 2-201
2026-09-11 10:32:07,972 INFO o.a.j.t.JMeterThread: Thread finished: 多用户下单 2-201
2026-09-11 10:32:07,972 INFO o.a.j.t.JMeterThread: Thread finished: 多用户下单 2-200
2026-09-11 10:32:07,972 INFO o.a.j.t.JMeterThread: Thread started: 多用户下单 2-353
2026-09-11 10:32:07,973 INFO o.a.j.t.JMeterThread: Thread started: 多用户下单 2-354
2026-09-11 10:32:07,973 INFO o.a.j.t.JMeterThread: Thread is done: 多用户下单 2-204
2026-09-11 10:32:07,973 INFO o.a.j.t.JMeterThread: Thread finished: 多用户下单 2-204
2026-09-11 10:32:07,974 INFO o.a.j.t.JMeterThread: Thread started: 多用户下单 2-355
2026-09-11 10:32:07,974 INFO o.a.j.t.JMeterThread: Thread is done: 多用户下单 2-205
2026-09-11 10:32:07,974 INFO o.a.j.t.JMeterThread: Thread finished: 多用户下单 2-205
2026-09-11 10:32:07,974 INFO o.a.j.t.JMeterThread: Thread is done: 多用户下单 2-203
2026-09-11 10:32:07,974 INFO o.a.j.t.JMeterThread: Thread started: 多用户下单 2-356
2026-09-11 10:32:07,975 INFO o.a.j.t.JMeterThread: Thread finished: 多用户下单 2-203
2026-09-11 10:32:07,975 INFO o.a.j.t.JMeterThread: Thread started: 多用户下单 2-357
2026-09-11 10:32:07,976 INFO o.a.j.t.JMeterThread: Thread is done: 多用户下单 2-206
2026-09-11 10:32:07,976 INFO o.a.j.t.JMeterThread: Thread finished: 多用户下单 2-206
2026-09-11 10:32:07,976 INFO o.a.j.t.JMeterThread: Thread started: 多用户下单 2-358
2026-09-11 10:32:07,977 INFO o.a.j.t.JMeterThread: Thread started: 多用户下单 2-359
2026-09-11 10:32:07,977 INFO o.a.j.t.JMeterThread: Thread is done: 多用户下单 2-209
2026-09-11 10:32:07,977 INFO o.a.j.t.JMeterThread: Thread finished: 多用户下单 2-209
2026-09-11 10:32:07,978 INFO o.a.j.t.JMeterThread: Thread started: 多用户下单 2-360
2026-09-11 10:32:07,978 INFO o.a.j.t.JMeterThread: Thread is done: 多用户下单 2-207
2026-09-11 10:32:07,978 INFO o.a.j.t.JMeterThread: Thread finished: 多用户下单 2-207
2026-09-11 10:32:07,978 INFO o.a.j.t.JMeterThread: Thread started: 多用户下单 2-361
2026-09-11 10:32:07,978 INFO o.a.j.t.JMeterThread: Thread started: 多用户下单 2-362
2026-09-11 10:32:07,979 INFO o.a.j.t.JMeterThread: Thread is done: 多用户下单 2-208
2026-09-11 10:32:07,979 INFO o.a.j.t.JMeterThread: Thread finished: 多用户下单 2-208
2026-09-11 10:32:07,979 INFO o.a.j.t.JMeterThread: Thread is done: 多用户下单 2-211
2026-09-11 10:32:07,979 INFO o.a.j.t.JMeterThread: Thread finished: 多用户下单 2-211
2026-09-11 10:32:07,979 INFO o.a.j.t.JMeterThread: Thread started: 多用户下单 2-363
2026-09-11 10:32:07,980 INFO o.a.j.t.JMeterThread: Thread started: 多用户下单 2-364
2026-09-11 10:32:07,980 INFO o.a.j.t.JMeterThread: Thread is done: 多用户下单 2-214
2026-09-11 10:32:07,980 INFO o.a.j.t.JMeterThread: Thread finished: 多用户下单 2-214
2026-09-11 10:32:07,981 INFO o.a.j.t.JMeterThread: Thread is done: 多用户下单 2-215
2026-09-11 10:32:07,981 INFO o.a.j.t.JMeterThread: Thread finished: 多用户下单 2-215
2026-09-11 10:32:07,981 INFO o.a.j.t.JMeterThread: Thread started: 多用户下单 2-365
2026-09-11 10:32:07,982 INFO o.a.j.t.JMeterThread: Thread started: 多用户下单 2-366
2026-09-11 10:32:07,982 INFO o.a.j.t.JMeterThread: Thread is done: 多用户下单 2-210
2026-09-11 10:32:07,982 INFO o.a.j.t.JMeterThread: Thread finished: 多用户下单 2-210
2026-09-11 10:32:07,983 INFO o.a.j.t.JMeterThread: Thread started: 多用户下单 2-367
2026-09-11 10:32:07,983 INFO o.a.j.t.JMeterThread: Thread started: 多用户下单 2-368
2026-09-11 10:32:07,983 INFO o.a.j.t.JMeterThread: Thread is done: 多用户下单 2-217
2026-09-11 10:32:07,983 INFO o.a.j.t.JMeterThread: Thread finished: 多用户下单 2-217
2026-09-11 10:32:07,983 INFO o.a.j.t.JMeterThread: Thread is done: 多用户下单 2-216
2026-09-11 10:32:07,983 INFO o.a.j.t.JMeterThread: Thread finished: 多用户下单 2-216
2026-09-11 10:32:07,984 INFO o.a.j.t.JMeterThread: Thread started: 多用户下单 2-369
2026-09-11 10:32:07,984 INFO o.a.j.t.JMeterThread: Thread started: 多用户下单 2-370
2026-09-11 10:32:07,985 INFO o.a.j.t.JMeterThread: Thread is done: 多用户下单 2-212
2026-09-11 10:32:07,985 INFO o.a.j.t.JMeterThread: Thread finished: 多用户下单 2-212
2026-09-11 10:32:07,985 INFO o.a.j.t.JMeterThread: Thread started: 多用户下单 2-371
2026-09-11 10:32:07,985 INFO o.a.j.t.JMeterThread: Thread started: 多用户下单 2-372
2026-09-11 10:32:07,985 INFO o.a.j.t.JMeterThread: Thread is done: 多用户下单 2-213
2026-09-11 10:32:07,986 INFO o.a.j.t.JMeterThread: Thread finished: 多用户下单 2-213
2026-09-11 10:32:07,986 INFO o.a.j.t.JMeterThread: Thread started: 多用户下单 2-373
2026-09-11 10:32:07,986 INFO o.a.j.t.JMeterThread: Thread is done: 多用户下单 2-218
2026-09-11 10:32:07,986 INFO o.a.j.t.JMeterThread: Thread finished: 多用户下单 2-218
2026-09-11 10:32:07,987 INFO o.a.j.t.JMeterThread: Thread started: 多用户下单 2-374
2026-09-11 10:32:07,987 INFO o.a.j.t.JMeterThread: Thread started: 多用户下单 2-375
2026-09-11 10:32:07,988 INFO o.a.j.t.JMeterThread: Thread is done: 多用户下单 2-219
2026-09-11 10:32:07,988 INFO o.a.j.t.JMeterThread: Thread finished: 多用户下单 2-219
2026-09-11 10:32:07,988 INFO o.a.j.t.JMeterThread: Thread started: 多用户下单 2-376
2026-09-11 10:32:07,988 INFO o.a.j.t.JMeterThread: Thread started: 多用户下单 2-377
2026-09-11 10:32:07,989 INFO o.a.j.t.JMeterThread: Thread is done: 多用户下单 2-221
2026-09-11 10:32:07,989 INFO o.a.j.t.JMeterThread: Thread finished: 多用户下单 2-221
2026-09-11 10:32:07,989 INFO o.a.j.t.JMeterThread: Thread is done: 多用户下单 2-222
2026-09-11 10:32:07,989 INFO o.a.j.t.JMeterThread: Thread finished: 多用户下单 2-222
2026-09-11 10:32:07,989 INFO o.a.j.t.JMeterThread: Thread is done: 多用户下单 2-220
2026-09-11 10:32:07,989 INFO o.a.j.t.JMeterThread: Thread finished: 多用户下单 2-220
2026-09-11 10:32:07,989 INFO o.a.j.t.JMeterThread: Thread started: 多用户下单 2-378
2026-09-11 10:32:07,989 INFO o.a.j.t.JMeterThread: Thread started: 多用户下单 2-379
2026-09-11 10:32:07,990 INFO o.a.j.t.JMeterThread: Thread is done: 多用户下单 2-224
2026-09-11 10:32:07,990 INFO o.a.j.t.JMeterThread: Thread finished: 多用户下单 2-224
2026-09-11 10:32:07,990 INFO o.a.j.t.JMeterThread: Thread is done: 多用户下单 2-223
2026-09-11 10:32:07,990 INFO o.a.j.t.JMeterThread: Thread finished: 多用户下单 2-223
2026-09-11 10:32:07,990 INFO o.a.j.t.JMeterThread: Thread started: 多用户下单 2-380
2026-09-11 10:32:07,991 INFO o.a.j.t.JMeterThread: Thread started: 多用户下单 2-381
2026-09-11 10:32:07,992 INFO o.a.j.t.JMeterThread: Thread started: 多用户下单 2-382
2026-09-11 10:32:07,992 INFO o.a.j.t.JMeterThread: Thread is done: 多用户下单 2-226
2026-09-11 10:32:07,992 INFO o.a.j.t.JMeterThread: Thread is done: 多用户下单 2-228
2026-09-11 10:32:07,992 INFO o.a.j.t.JMeterThread: Thread finished: 多用户下单 2-226
2026-09-11 10:32:07,992 INFO o.a.j.t.JMeterThread: Thread finished: 多用户下单 2-228
2026-09-11 10:32:07,992 INFO o.a.j.t.JMeterThread: Thread is done: 多用户下单 2-225
2026-09-11 10:32:07,992 INFO o.a.j.t.JMeterThread: Thread finished: 多用户下单 2-225
2026-09-11 10:32:07,992 INFO o.a.j.t.JMeterThread: Thread started: 多用户下单 2-383
2026-09-11 10:32:07,993 INFO o.a.j.t.JMeterThread: Thread started: 多用户下单 2-384
2026-09-11 10:32:07,993 INFO o.a.j.t.JMeterThread: Thread started: 多用户下单 2-385
2026-09-11 10:32:07,993 INFO o.a.j.t.JMeterThread: Thread is done: 多用户下单 2-227
2026-09-11 10:32:07,994 INFO o.a.j.t.JMeterThread: Thread finished: 多用户下单 2-227
2026-09-11 10:32:07,994 INFO o.a.j.t.JMeterThread: Thread started: 多用户下单 2-386
2026-09-11 10:32:07,994 INFO o.a.j.t.JMeterThread: Thread is done: 多用户下单 2-231
2026-09-11 10:32:07,994 INFO o.a.j.t.JMeterThread: Thread started: 多用户下单 2-387
2026-09-11 10:32:07,994 INFO o.a.j.t.JMeterThread: Thread is done: 多用户下单 2-229
2026-09-11 10:32:07,994 INFO o.a.j.t.JMeterThread: Thread finished: 多用户下单 2-231
2026-09-11 10:32:07,995 INFO o.a.j.t.JMeterThread: Thread finished: 多用户下单 2-229
2026-09-11 10:32:07,995 INFO o.a.j.t.JMeterThread: Thread started: 多用户下单 2-388
2026-09-11 10:32:07,996 INFO o.a.j.t.JMeterThread: Thread started: 多用户下单 2-389
2026-09-11 10:32:07,996 INFO o.a.j.t.JMeterThread: Thread started: 多用户下单 2-390
2026-09-11 10:32:07,996 INFO o.a.j.t.JMeterThread: Thread is done: 多用户下单 2-230
2026-09-11 10:32:07,997 INFO o.a.j.t.JMeterThread: Thread finished: 多用户下单 2-230
2026-09-11 10:32:07,997 INFO o.a.j.t.JMeterThread: Thread started: 多用户下单 2-391
2026-09-11 10:32:07,997 INFO o.a.j.t.JMeterThread: Thread is done: 多用户下单 2-233
2026-09-11 10:32:07,997 INFO o.a.j.t.JMeterThread: Thread finished: 多用户下单 2-233
2026-09-11 10:32:07,997 INFO o.a.j.t.JMeterThread: Thread started: 多用户下单 2-392
2026-09-11 10:32:07,997 INFO o.a.j.t.JMeterThread: Thread is done: 多用户下单 2-232
2026-09-11 10:32:07,997 INFO o.a.j.t.JMeterThread: Thread finished: 多用户下单 2-232
2026-09-11 10:32:07,997 INFO o.a.j.t.JMeterThread: Thread is done: 多用户下单 2-235
2026-09-11 10:32:07,997 INFO o.a.j.t.JMeterThread: Thread finished: 多用户下单 2-235
2026-09-11 10:32:07,998 INFO o.a.j.t.JMeterThread: Thread is done: 多用户下单 2-237
2026-09-11 10:32:07,998 INFO o.a.j.t.JMeterThread: Thread finished: 多用户下单 2-237
2026-09-11 10:32:07,998 INFO o.a.j.t.JMeterThread: Thread started: 多用户下单 2-393
2026-09-11 10:32:07,999 INFO o.a.j.t.JMeterThread: Thread started: 多用户下单 2-394
2026-09-11 10:32:07,999 INFO o.a.j.t.JMeterThread: Thread is done: 多用户下单 2-234
2026-09-11 10:32:07,999 INFO o.a.j.t.JMeterThread: Thread started: 多用户下单 2-395
2026-09-11 10:32:07,999 INFO o.a.j.t.JMeterThread: Thread finished: 多用户下单 2-234
2026-09-11 10:32:08,000 INFO o.a.j.t.JMeterThread: Thread started: 多用户下单 2-396
2026-09-11 10:32:08,000 INFO o.a.j.t.JMeterThread: Thread is done: 多用户下单 2-236
2026-09-11 10:32:08,000 INFO o.a.j.t.JMeterThread: Thread finished: 多用户下单 2-236
2026-09-11 10:32:08,001 INFO o.a.j.t.JMeterThread: Thread started: 多用户下单 2-397
2026-09-11 10:32:08,001 INFO o.a.j.t.JMeterThread: Thread started: 多用户下单 2-398
2026-09-11 10:32:08,002 INFO o.a.j.t.JMeterThread: Thread started: 多用户下单 2-399
2026-09-11 10:32:08,003 INFO o.a.j.t.JMeterThread: Thread started: 多用户下单 2-400
2026-09-11 10:32:08,003 INFO o.a.j.t.JMeterThread: Thread is done: 多用户下单 2-240
2026-09-11 10:32:08,003 INFO o.a.j.t.JMeterThread: Thread finished: 多用户下单 2-240
2026-09-11 10:32:08,003 INFO o.a.j.t.JMeterThread: Thread started: 多用户下单 2-401
2026-09-11 10:32:08,003 INFO o.a.j.t.JMeterThread: Thread started: 多用户下单 2-402
2026-09-11 10:32:08,003 INFO o.a.j.t.JMeterThread: Thread is done: 多用户下单 2-238
2026-09-11 10:32:08,004 INFO o.a.j.t.JMeterThread: Thread finished: 多用户下单 2-238
2026-09-11 10:32:08,004 INFO o.a.j.t.JMeterThread: Thread started: 多用户下单 2-403
2026-09-11 10:32:08,004 INFO o.a.j.t.JMeterThread: Thread is done: 多用户下单 2-239
2026-09-11 10:32:08,004 INFO o.a.j.t.JMeterThread: Thread started: 多用户下单 2-404
2026-09-11 10:32:08,004 INFO o.a.j.t.JMeterThread: Thread finished: 多用户下单 2-239
2026-09-11 10:32:08,004 INFO o.a.j.t.JMeterThread: Thread is done: 多用户下单 2-241
2026-09-11 10:32:08,004 INFO o.a.j.t.JMeterThread: Thread finished: 多用户下单 2-241
2026-09-11 10:32:08,005 INFO o.a.j.t.JMeterThread: Thread started: 多用户下单 2-405
2026-09-11 10:32:08,005 INFO o.a.j.t.JMeterThread: Thread is done: 多用户下单 2-242
2026-09-11 10:32:08,005 INFO o.a.j.t.JMeterThread: Thread finished: 多用户下单 2-242
2026-09-11 10:32:08,006 INFO o.a.j.t.JMeterThread: Thread started: 多用户下单 2-406
2026-09-11 10:32:08,006 INFO o.a.j.t.JMeterThread: Thread started: 多用户下单 2-407
2026-09-11 10:32:08,007 INFO o.a.j.t.JMeterThread: Thread started: 多用户下单 2-408
2026-09-11 10:32:08,007 INFO o.a.j.t.JMeterThread: Thread started: 多用户下单 2-409
2026-09-11 10:32:08,008 INFO o.a.j.t.JMeterThread: Thread is done: 多用户下单 2-245
2026-09-11 10:32:08,008 INFO o.a.j.t.JMeterThread: Thread finished: 多用户下单 2-245
2026-09-11 10:32:08,008 INFO o.a.j.t.JMeterThread: Thread started: 多用户下单 2-410
2026-09-11 10:32:08,008 INFO o.a.j.t.JMeterThread: Thread is done: 多用户下单 2-246
2026-09-11 10:32:08,008 INFO o.a.j.t.JMeterThread: Thread finished: 多用户下单 2-246
2026-09-11 10:32:08,009 INFO o.a.j.t.JMeterThread: Thread is done: 多用户下单 2-243
2026-09-11 10:32:08,009 INFO o.a.j.t.JMeterThread: Thread finished: 多用户下单 2-243
2026-09-11 10:32:08,009 INFO o.a.j.t.JMeterThread: Thread started: 多用户下单 2-411
2026-09-11 10:32:08,009 INFO o.a.j.t.JMeterThread: Thread is done: 多用户下单 2-244
2026-09-11 10:32:08,009 INFO o.a.j.t.JMeterThread: Thread finished: 多用户下单 2-244
2026-09-11 10:32:08,010 INFO o.a.j.t.JMeterThread: Thread started: 多用户下单 2-412
2026-09-11 10:32:08,011 INFO o.a.j.t.JMeterThread: Thread is done: 多用户下单 2-247
2026-09-11 10:32:08,011 INFO o.a.j.t.JMeterThread: Thread started: 多用户下单 2-413
2026-09-11 10:32:08,011 INFO o.a.j.t.JMeterThread: Thread started: 多用户下单 2-414
2026-09-11 10:32:08,011 INFO o.a.j.t.JMeterThread: Thread finished: 多用户下单 2-247
2026-09-11 10:32:08,011 INFO o.a.j.t.JMeterThread: Thread is done: 多用户下单 2-249
2026-09-11 10:32:08,011 INFO o.a.j.t.JMeterThread: Thread finished: 多用户下单 2-249
2026-09-11 10:32:08,011 INFO o.a.j.t.JMeterThread: Thread started: 多用户下单 2-415
2026-09-11 10:32:08,012 INFO o.a.j.t.JMeterThread: Thread started: 多用户下单 2-416
2026-09-11 10:32:08,012 INFO o.a.j.t.JMeterThread: Thread started: 多用户下单 2-417
2026-09-11 10:32:08,013 INFO o.a.j.t.JMeterThread: Thread is done: 多用户下单 2-248
2026-09-11 10:32:08,013 INFO o.a.j.t.JMeterThread: Thread finished: 多用户下单 2-248
2026-09-11 10:32:08,013 INFO o.a.j.t.JMeterThread: Thread is done: 多用户下单 2-250
2026-09-11 10:32:08,013 INFO o.a.j.t.JMeterThread: Thread finished: 多用户下单 2-250
2026-09-11 10:32:08,014 INFO o.a.j.t.JMeterThread: Thread started: 多用户下单 2-418
2026-09-11 10:32:08,014 INFO o.a.j.t.JMeterThread: Thread started: 多用户下单 2-419
2026-09-11 10:32:08,015 INFO o.a.j.t.JMeterThread: Thread is done: 多用户下单 2-251
2026-09-11 10:32:08,015 INFO o.a.j.t.JMeterThread: Thread finished: 多用户下单 2-251
2026-09-11 10:32:08,015 INFO o.a.j.t.JMeterThread: Thread started: 多用户下单 2-420
2026-09-11 10:32:08,016 INFO o.a.j.t.JMeterThread: Thread is done: 多用户下单 2-252
2026-09-11 10:32:08,016 INFO o.a.j.t.JMeterThread: Thread started: 多用户下单 2-421
2026-09-11 10:32:08,016 INFO o.a.j.t.JMeterThread: Thread finished: 多用户下单 2-252
2026-09-11 10:32:08,016 INFO o.a.j.t.JMeterThread: Thread started: 多用户下单 2-422
2026-09-11 10:32:08,017 INFO o.a.j.t.JMeterThread: Thread started: 多用户下单 2-423
2026-09-11 10:32:08,017 INFO o.a.j.t.JMeterThread: Thread is done: 多用户下单 2-253
2026-09-11 10:32:08,017 INFO o.a.j.t.JMeterThread: Thread finished: 多用户下单 2-253
2026-09-11 10:32:08,017 INFO o.a.j.t.JMeterThread: Thread started: 多用户下单 2-424
2026-09-11 10:32:08,017 INFO o.a.j.t.JMeterThread: Thread is done: 多用户下单 2-254
2026-09-11 10:32:08,017 INFO o.a.j.t.JMeterThread: Thread finished: 多用户下单 2-254
2026-09-11 10:32:08,017 INFO o.a.j.t.JMeterThread: Thread started: 多用户下单 2-425
2026-09-11 10:32:08,018 INFO o.a.j.t.JMeterThread: Thread started: 多用户下单 2-426
2026-09-11 10:32:08,018 INFO o.a.j.t.JMeterThread: Thread is done: 多用户下单 2-255
2026-09-11 10:32:08,018 INFO o.a.j.t.JMeterThread: Thread finished: 多用户下单 2-255
2026-09-11 10:32:08,019 INFO o.a.j.t.JMeterThread: Thread started: 多用户下单 2-427
2026-09-11 10:32:08,019 INFO o.a.j.t.JMeterThread: Thread is done: 多用户下单 2-256
2026-09-11 10:32:08,019 INFO o.a.j.t.JMeterThread: Thread is done: 多用户下单 2-257
2026-09-11 10:32:08,019 INFO o.a.j.t.JMeterThread: Thread finished: 多用户下单 2-256
2026-09-11 10:32:08,019 INFO o.a.j.t.JMeterThread: Thread finished: 多用户下单 2-257
2026-09-11 10:32:08,019 INFO o.a.j.t.JMeterThread: Thread started: 多用户下单 2-428
2026-09-11 10:32:08,020 INFO o.a.j.t.JMeterThread: Thread is done: 多用户下单 2-258
2026-09-11 10:32:08,020 INFO o.a.j.t.JMeterThread: Thread finished: 多用户下单 2-258
2026-09-11 10:32:08,020 INFO o.a.j.t.JMeterThread: Thread started: 多用户下单 2-429
2026-09-11 10:32:08,020 INFO o.a.j.t.JMeterThread: Thread is done: 多用户下单 2-259
2026-09-11 10:32:08,020 INFO o.a.j.t.JMeterThread: Thread finished: 多用户下单 2-259
2026-09-11 10:32:08,020 INFO o.a.j.t.JMeterThread: Thread is done: 多用户下单 2-260
2026-09-11 10:32:08,020 INFO o.a.j.t.JMeterThread: Thread finished: 多用户下单 2-260
2026-09-11 10:32:08,020 INFO o.a.j.t.JMeterThread: Thread started: 多用户下单 2-430
2026-09-11 10:32:08,021 INFO o.a.j.t.JMeterThread: Thread started: 多用户下单 2-431
2026-09-11 10:32:08,021 INFO o.a.j.t.JMeterThread: Thread started: 多用户下单 2-432
2026-09-11 10:32:08,022 INFO o.a.j.t.JMeterThread: Thread started: 多用户下单 2-433
2026-09-11 10:32:08,023 INFO o.a.j.t.JMeterThread: Thread started: 多用户下单 2-434
2026-09-11 10:32:08,023 INFO o.a.j.t.JMeterThread: Thread is done: 多用户下单 2-262
2026-09-11 10:32:08,024 INFO o.a.j.t.JMeterThread: Thread finished: 多用户下单 2-262
2026-09-11 10:32:08,024 INFO o.a.j.t.JMeterThread: Thread is done: 多用户下单 2-261
2026-09-11 10:32:08,023 INFO o.a.j.t.JMeterThread: Thread started: 多用户下单 2-435
2026-09-11 10:32:08,024 INFO o.a.j.t.JMeterThread: Thread finished: 多用户下单 2-261
2026-09-11 10:32:08,024 INFO o.a.j.t.JMeterThread: Thread started: 多用户下单 2-436
2026-09-11 10:32:08,025 INFO o.a.j.t.JMeterThread: Thread started: 多用户下单 2-437
2026-09-11 10:32:08,025 INFO o.a.j.t.JMeterThread: Thread started: 多用户下单 2-438
2026-09-11 10:32:08,026 INFO o.a.j.t.JMeterThread: Thread is done: 多用户下单 2-264
2026-09-11 10:32:08,026 INFO o.a.j.t.JMeterThread: Thread is done: 多用户下单 2-263
2026-09-11 10:32:08,026 INFO o.a.j.t.JMeterThread: Thread finished: 多用户下单 2-264
2026-09-11 10:32:08,026 INFO o.a.j.t.JMeterThread: Thread started: 多用户下单 2-439
2026-09-11 10:32:08,026 INFO o.a.j.t.JMeterThread: Thread finished: 多用户下单 2-263
2026-09-11 10:32:08,027 INFO o.a.j.t.JMeterThread: Thread started: 多用户下单 2-440
2026-09-11 10:32:08,027 INFO o.a.j.t.JMeterThread: Thread started: 多用户下单 2-441
2026-09-11 10:32:08,027 INFO o.a.j.t.JMeterThread: Thread started: 多用户下单 2-442
2026-09-11 10:32:08,028 INFO o.a.j.t.JMeterThread: Thread started: 多用户下单 2-443
2026-09-11 10:32:08,029 INFO o.a.j.t.JMeterThread: Thread started: 多用户下单 2-444
2026-09-11 10:32:08,029 INFO o.a.j.t.JMeterThread: Thread is done: 多用户下单 2-267
2026-09-11 10:32:08,029 INFO o.a.j.t.JMeterThread: Thread finished: 多用户下单 2-267
2026-09-11 10:32:08,029 INFO o.a.j.t.JMeterThread: Thread is done: 多用户下单 2-265
2026-09-11 10:32:08,029 INFO o.a.j.t.JMeterThread: Thread finished: 多用户下单 2-265
2026-09-11 10:32:08,029 INFO o.a.j.t.JMeterThread: Thread is done: 多用户下单 2-266
2026-09-11 10:32:08,029 INFO o.a.j.t.JMeterThread: Thread finished: 多用户下单 2-266
2026-09-11 10:32:08,030 INFO o.a.j.t.JMeterThread: Thread started: 多用户下单 2-445
2026-09-11 10:32:08,031 INFO o.a.j.t.JMeterThread: Thread is done: 多用户下单 2-269
2026-09-11 10:32:08,031 INFO o.a.j.t.JMeterThread: Thread finished: 多用户下单 2-269
2026-09-11 10:32:08,031 INFO o.a.j.t.JMeterThread: Thread started: 多用户下单 2-446
2026-09-11 10:32:08,031 INFO o.a.j.t.JMeterThread: Thread started: 多用户下单 2-447
2026-09-11 10:32:08,032 INFO o.a.j.t.JMeterThread: Thread is done: 多用户下单 2-270
2026-09-11 10:32:08,032 INFO o.a.j.t.JMeterThread: Thread finished: 多用户下单 2-270
2026-09-11 10:32:08,032 INFO o.a.j.t.JMeterThread: Thread started: 多用户下单 2-448
2026-09-11 10:32:08,032 INFO o.a.j.t.JMeterThread: Thread is done: 多用户下单 2-268
2026-09-11 10:32:08,032 INFO o.a.j.t.JMeterThread: Thread finished: 多用户下单 2-268
2026-09-11 10:32:08,032 INFO o.a.j.t.JMeterThread: Thread started: 多用户下单 2-449
2026-09-11 10:32:08,033 INFO o.a.j.t.JMeterThread: Thread is done: 多用户下单 2-271
2026-09-11 10:32:08,033 INFO o.a.j.t.JMeterThread: Thread finished: 多用户下单 2-271
2026-09-11 10:32:08,033 INFO o.a.j.t.JMeterThread: Thread is done: 多用户下单 2-273
2026-09-11 10:32:08,033 INFO o.a.j.t.JMeterThread: Thread started: 多用户下单 2-450
2026-09-11 10:32:08,033 INFO o.a.j.t.JMeterThread: Thread is done: 多用户下单 2-272
2026-09-11 10:32:08,033 INFO o.a.j.t.JMeterThread: Thread finished: 多用户下单 2-273
2026-09-11 10:32:08,033 INFO o.a.j.t.JMeterThread: Thread finished: 多用户下单 2-272
2026-09-11 10:32:08,034 INFO o.a.j.t.JMeterThread: Thread started: 多用户下单 2-451
2026-09-11 10:32:08,034 INFO o.a.j.t.JMeterThread: Thread started: 多用户下单 2-452
2026-09-11 10:32:08,035 INFO o.a.j.t.JMeterThread: Thread started: 多用户下单 2-453
2026-09-11 10:32:08,035 INFO o.a.j.t.JMeterThread: Thread started: 多用户下单 2-454
2026-09-11 10:32:08,035 INFO o.a.j.t.JMeterThread: Thread is done: 多用户下单 2-274
2026-09-11 10:32:08,035 INFO o.a.j.t.JMeterThread: Thread is done: 多用户下单 2-275
2026-09-11 10:32:08,035 INFO o.a.j.t.JMeterThread: Thread finished: 多用户下单 2-274
2026-09-11 10:32:08,035 INFO o.a.j.t.JMeterThread: Thread finished: 多用户下单 2-275
2026-09-11 10:32:08,036 INFO o.a.j.t.JMeterThread: Thread started: 多用户下单 2-455
2026-09-11 10:32:08,036 INFO o.a.j.t.JMeterThread: Thread started: 多用户下单 2-456
2026-09-11 10:32:08,037 INFO o.a.j.t.JMeterThread: Thread is done: 多用户下单 2-277
2026-09-11 10:32:08,037 INFO o.a.j.t.JMeterThread: Thread finished: 多用户下单 2-277
2026-09-11 10:32:08,037 INFO o.a.j.t.JMeterThread: Thread started: 多用户下单 2-457
2026-09-11 10:32:08,038 INFO o.a.j.t.JMeterThread: Thread started: 多用户下单 2-458
2026-09-11 10:32:08,039 INFO o.a.j.t.JMeterThread: Thread started: 多用户下单 2-459
2026-09-11 10:32:08,040 INFO o.a.j.t.JMeterThread: Thread started: 多用户下单 2-460
2026-09-11 10:32:08,040 INFO o.a.j.t.JMeterThread: Thread started: 多用户下单 2-461
2026-09-11 10:32:08,040 INFO o.a.j.t.JMeterThread: Thread is done: 多用户下单 2-276
2026-09-11 10:32:08,040 INFO o.a.j.t.JMeterThread: Thread finished: 多用户下单 2-276
2026-09-11 10:32:08,041 INFO o.a.j.t.JMeterThread: Thread started: 多用户下单 2-462
2026-09-11 10:32:08,041 INFO o.a.j.t.JMeterThread: Thread started: 多用户下单 2-463
2026-09-11 10:32:08,042 INFO o.a.j.t.JMeterThread: Thread started: 多用户下单 2-464
2026-09-11 10:32:08,043 INFO o.a.j.t.JMeterThread: Thread started: 多用户下单 2-465
2026-09-11 10:32:08,044 INFO o.a.j.t.JMeterThread: Thread is done: 多用户下单 2-278
2026-09-11 10:32:08,044 INFO o.a.j.t.JMeterThread: Thread finished: 多用户下单 2-278
2026-09-11 10:32:08,044 INFO o.a.j.t.JMeterThread: Thread is done: 多用户下单 2-280
2026-09-11 10:32:08,044 INFO o.a.j.t.JMeterThread: Thread finished: 多用户下单 2-280
2026-09-11 10:32:08,045 INFO o.a.j.t.JMeterThread: Thread is done: 多用户下单 2-281
2026-09-11 10:32:08,045 INFO o.a.j.t.JMeterThread: Thread finished: 多用户下单 2-281
2026-09-11 10:32:08,045 INFO o.a.j.t.JMeterThread: Thread started: 多用户下单 2-466
2026-09-11 10:32:08,045 INFO o.a.j.t.JMeterThread: Thread started: 多用户下单 2-467
2026-09-11 10:32:08,046 INFO o.a.j.t.JMeterThread: Thread started: 多用户下单 2-468
2026-09-11 10:32:08,047 INFO o.a.j.t.JMeterThread: Thread started: 多用户下单 2-469
2026-09-11 10:32:08,047 INFO o.a.j.t.JMeterThread: Thread started: 多用户下单 2-470
2026-09-11 10:32:08,047 INFO o.a.j.t.JMeterThread: Thread is done: 多用户下单 2-279
2026-09-11 10:32:08,047 INFO o.a.j.t.JMeterThread: Thread finished: 多用户下单 2-279
2026-09-11 10:32:08,047 INFO o.a.j.t.JMeterThread: Thread started: 多用户下单 2-471
2026-09-11 10:32:08,048 INFO o.a.j.t.JMeterThread: Thread started: 多用户下单 2-472
2026-09-11 10:32:08,048 INFO o.a.j.t.JMeterThread: Thread started: 多用户下单 2-473
2026-09-11 10:32:08,048 INFO o.a.j.t.JMeterThread: Thread started: 多用户下单 2-474
2026-09-11 10:32:08,049 INFO o.a.j.t.JMeterThread: Thread started: 多用户下单 2-475
2026-09-11 10:32:08,049 INFO o.a.j.t.JMeterThread: Thread is done: 多用户下单 2-283
2026-09-11 10:32:08,049 INFO o.a.j.t.JMeterThread: Thread finished: 多用户下单 2-283
2026-09-11 10:32:08,050 INFO o.a.j.t.JMeterThread: Thread started: 多用户下单 2-476
2026-09-11 10:32:08,050 INFO o.a.j.t.JMeterThread: Thread started: 多用户下单 2-477
2026-09-11 10:32:08,051 INFO o.a.j.t.JMeterThread: Thread is done: 多用户下单 2-282
2026-09-11 10:32:08,051 INFO o.a.j.t.JMeterThread: Thread finished: 多用户下单 2-282
2026-09-11 10:32:08,051 INFO o.a.j.t.JMeterThread: Thread started: 多用户下单 2-478
2026-09-11 10:32:08,052 INFO o.a.j.t.JMeterThread: Thread is done: 多用户下单 2-284
2026-09-11 10:32:08,052 INFO o.a.j.t.JMeterThread: Thread finished: 多用户下单 2-284
2026-09-11 10:32:08,052 INFO o.a.j.t.JMeterThread: Thread started: 多用户下单 2-479
2026-09-11 10:32:08,052 INFO o.a.j.t.JMeterThread: Thread is done: 多用户下单 2-290
2026-09-11 10:32:08,052 INFO o.a.j.t.JMeterThread: Thread finished: 多用户下单 2-290
2026-09-11 10:32:08,052 INFO o.a.j.t.JMeterThread: Thread is done: 多用户下单 2-288
2026-09-11 10:32:08,052 INFO o.a.j.t.JMeterThread: Thread finished: 多用户下单 2-288
2026-09-11 10:32:08,053 INFO o.a.j.t.JMeterThread: Thread started: 多用户下单 2-480
2026-09-11 10:32:08,053 INFO o.a.j.t.JMeterThread: Thread is done: 多用户下单 2-289
2026-09-11 10:32:08,053 INFO o.a.j.t.JMeterThread: Thread finished: 多用户下单 2-289
2026-09-11 10:32:08,053 INFO o.a.j.t.JMeterThread: Thread started: 多用户下单 2-481
2026-09-11 10:32:08,054 INFO o.a.j.t.JMeterThread: Thread is done: 多用户下单 2-287
2026-09-11 10:32:08,054 INFO o.a.j.t.JMeterThread: Thread finished: 多用户下单 2-287
2026-09-11 10:32:08,054 INFO o.a.j.t.JMeterThread: Thread started: 多用户下单 2-482
2026-09-11 10:32:08,054 INFO o.a.j.t.JMeterThread: Thread started: 多用户下单 2-483
2026-09-11 10:32:08,055 INFO o.a.j.t.JMeterThread: Thread is done: 多用户下单 2-286
2026-09-11 10:32:08,055 INFO o.a.j.t.JMeterThread: Thread finished: 多用户下单 2-286
2026-09-11 10:32:08,055 INFO o.a.j.t.JMeterThread: Thread started: 多用户下单 2-484
2026-09-11 10:32:08,055 INFO o.a.j.t.JMeterThread: Thread is done: 多用户下单 2-291
2026-09-11 10:32:08,055 INFO o.a.j.t.JMeterThread: Thread finished: 多用户下单 2-291
2026-09-11 10:32:08,055 INFO o.a.j.t.JMeterThread: Thread started: 多用户下单 2-485
2026-09-11 10:32:08,055 INFO o.a.j.t.JMeterThread: Thread is done: 多用户下单 2-292
2026-09-11 10:32:08,056 INFO o.a.j.t.JMeterThread: Thread finished: 多用户下单 2-292
2026-09-11 10:32:08,056 INFO o.a.j.t.JMeterThread: Thread is done: 多用户下单 2-285
2026-09-11 10:32:08,056 INFO o.a.j.t.JMeterThread: Thread finished: 多用户下单 2-285
2026-09-11 10:32:08,056 INFO o.a.j.t.JMeterThread: Thread started: 多用户下单 2-486
2026-09-11 10:32:08,056 INFO o.a.j.t.JMeterThread: Thread started: 多用户下单 2-487
2026-09-11 10:32:08,056 INFO o.a.j.t.JMeterThread: Thread is done: 多用户下单 2-294
2026-09-11 10:32:08,056 INFO o.a.j.t.JMeterThread: Thread is done: 多用户下单 2-293
2026-09-11 10:32:08,056 INFO o.a.j.t.JMeterThread: Thread finished: 多用户下单 2-294
2026-09-11 10:32:08,056 INFO o.a.j.t.JMeterThread: Thread finished: 多用户下单 2-293
2026-09-11 10:32:08,056 INFO o.a.j.t.JMeterThread: Thread is done: 多用户下单 2-295
2026-09-11 10:32:08,057 INFO o.a.j.t.JMeterThread: Thread finished: 多用户下单 2-295
2026-09-11 10:32:08,057 INFO o.a.j.t.JMeterThread: Thread started: 多用户下单 2-488
2026-09-11 10:32:08,058 INFO o.a.j.t.JMeterThread: Thread started: 多用户下单 2-489
2026-09-11 10:32:08,059 INFO o.a.j.t.JMeterThread: Thread is done: 多用户下单 2-296
2026-09-11 10:32:08,059 INFO o.a.j.t.JMeterThread: Thread finished: 多用户下单 2-296
2026-09-11 10:32:08,059 INFO o.a.j.t.JMeterThread: Thread is done: 多用户下单 2-298
2026-09-11 10:32:08,059 INFO o.a.j.t.JMeterThread: Thread finished: 多用户下单 2-298
2026-09-11 10:32:08,059 INFO o.a.j.t.JMeterThread: Thread started: 多用户下单 2-490
2026-09-11 10:32:08,059 INFO o.a.j.t.JMeterThread: Thread started: 多用户下单 2-491
2026-09-11 10:32:08,059 INFO o.a.j.t.JMeterThread: Thread is done: 多用户下单 2-299
2026-09-11 10:32:08,059 INFO o.a.j.t.JMeterThread: Thread finished: 多用户下单 2-299
2026-09-11 10:32:08,059 INFO o.a.j.t.JMeterThread: Thread is done: 多用户下单 2-297
2026-09-11 10:32:08,059 INFO o.a.j.t.JMeterThread: Thread started: 多用户下单 2-492
2026-09-11 10:32:08,059 INFO o.a.j.t.JMeterThread: Thread finished: 多用户下单 2-297
2026-09-11 10:32:08,060 INFO o.a.j.t.JMeterThread: Thread started: 多用户下单 2-493
2026-09-11 10:32:08,061 INFO o.a.j.t.JMeterThread: Thread started: 多用户下单 2-494
2026-09-11 10:32:08,061 INFO o.a.j.t.JMeterThread: Thread started: 多用户下单 2-495
2026-09-11 10:32:08,061 INFO o.a.j.t.JMeterThread: Thread is done: 多用户下单 2-302
2026-09-11 10:32:08,061 INFO o.a.j.t.JMeterThread: Thread finished: 多用户下单 2-302
2026-09-11 10:32:08,062 INFO o.a.j.t.JMeterThread: Thread started: 多用户下单 2-496
2026-09-11 10:32:08,062 INFO o.a.j.t.JMeterThread: Thread started: 多用户下单 2-497
2026-09-11 10:32:08,063 INFO o.a.j.t.JMeterThread: Thread is done: 多用户下单 2-303
2026-09-11 10:32:08,063 INFO o.a.j.t.JMeterThread: Thread finished: 多用户下单 2-303
2026-09-11 10:32:08,063 INFO o.a.j.t.JMeterThread: Thread started: 多用户下单 2-498
2026-09-11 10:32:08,064 INFO o.a.j.t.JMeterThread: Thread is done: 多用户下单 2-300
2026-09-11 10:32:08,064 INFO o.a.j.t.JMeterThread: Thread finished: 多用户下单 2-300
2026-09-11 10:32:08,064 INFO o.a.j.t.JMeterThread: Thread is done: 多用户下单 2-301
2026-09-11 10:32:08,064 INFO o.a.j.t.JMeterThread: Thread finished: 多用户下单 2-301
2026-09-11 10:32:08,064 INFO o.a.j.t.JMeterThread: Thread started: 多用户下单 2-499
2026-09-11 10:32:08,064 INFO o.a.j.t.JMeterThread: Thread is done: 多用户下单 2-304
2026-09-11 10:32:08,064 INFO o.a.j.t.JMeterThread: Thread finished: 多用户下单 2-304
2026-09-11 10:32:08,066 INFO o.a.j.t.JMeterThread: Thread started: 多用户下单 2-500
2026-09-11 10:32:08,066 INFO o.a.j.t.JMeterThread: Thread started: 多用户下单 2-501
2026-09-11 10:32:08,066 INFO o.a.j.t.JMeterThread: Thread started: 多用户下单 2-502
2026-09-11 10:32:08,067 INFO o.a.j.t.JMeterThread: Thread started: 多用户下单 2-503
2026-09-11 10:32:08,067 INFO o.a.j.t.JMeterThread: Thread is done: 多用户下单 2-306
2026-09-11 10:32:08,067 INFO o.a.j.t.JMeterThread: Thread finished: 多用户下单 2-306
2026-09-11 10:32:08,068 INFO o.a.j.t.JMeterThread: Thread is done: 多用户下单 2-309
2026-09-11 10:32:08,068 INFO o.a.j.t.JMeterThread: Thread finished: 多用户下单 2-309
2026-09-11 10:32:08,068 INFO o.a.j.t.JMeterThread: Thread started: 多用户下单 2-504
2026-09-11 10:32:08,068 INFO o.a.j.t.JMeterThread: Thread is done: 多用户下单 2-308
2026-09-11 10:32:08,069 INFO o.a.j.t.JMeterThread: Thread finished: 多用户下单 2-308
2026-09-11 10:32:08,069 INFO o.a.j.t.JMeterThread: Thread started: 多用户下单 2-505
2026-09-11 10:32:08,069 INFO o.a.j.t.JMeterThread: Thread is done: 多用户下单 2-305
2026-09-11 10:32:08,069 INFO o.a.j.t.JMeterThread: Thread finished: 多用户下单 2-305
2026-09-11 10:32:08,069 INFO o.a.j.t.JMeterThread: Thread started: 多用户下单 2-506
2026-09-11 10:32:08,070 INFO o.a.j.t.JMeterThread: Thread is done: 多用户下单 2-307
2026-09-11 10:32:08,070 INFO o.a.j.t.JMeterThread: Thread finished: 多用户下单 2-307
2026-09-11 10:32:08,071 INFO o.a.j.t.JMeterThread: Thread started: 多用户下单 2-507
2026-09-11 10:32:08,072 INFO o.a.j.t.JMeterThread: Thread started: 多用户下单 2-509
2026-09-11 10:32:08,072 INFO o.a.j.t.JMeterThread: Thread started: 多用户下单 2-508
2026-09-11 10:32:08,073 INFO o.a.j.t.JMeterThread: Thread started: 多用户下单 2-510
2026-09-11 10:32:08,074 INFO o.a.j.t.JMeterThread: Thread started: 多用户下单 2-511
2026-09-11 10:32:08,074 INFO o.a.j.t.JMeterThread: Thread started: 多用户下单 2-512
2026-09-11 10:32:08,075 INFO o.a.j.t.JMeterThread: Thread started: 多用户下单 2-513
2026-09-11 10:32:08,075 INFO o.a.j.t.JMeterThread: Thread started: 多用户下单 2-514
2026-09-11 10:32:08,075 INFO o.a.j.t.JMeterThread: Thread started: 多用户下单 2-515
2026-09-11 10:32:08,075 INFO o.a.j.t.JMeterThread: Thread started: 多用户下单 2-516
2026-09-11 10:32:08,076 INFO o.a.j.t.JMeterThread: Thread started: 多用户下单 2-517
2026-09-11 10:32:08,076 INFO o.a.j.t.JMeterThread: Thread started: 多用户下单 2-518
2026-09-11 10:32:08,077 INFO o.a.j.t.JMeterThread: Thread is done: 多用户下单 2-311
2026-09-11 10:32:08,077 INFO o.a.j.t.JMeterThread: Thread is done: 多用户下单 2-310
2026-09-11 10:32:08,077 INFO o.a.j.t.JMeterThread: Thread is done: 多用户下单 2-312
2026-09-11 10:32:08,077 INFO o.a.j.t.JMeterThread: Thread started: 多用户下单 2-519
2026-09-11 10:32:08,077 INFO o.a.j.t.JMeterThread: Thread finished: 多用户下单 2-310
2026-09-11 10:32:08,077 INFO o.a.j.t.JMeterThread: Thread finished: 多用户下单 2-311
2026-09-11 10:32:08,078 INFO o.a.j.t.JMeterThread: Thread finished: 多用户下单 2-312
2026-09-11 10:32:08,078 INFO o.a.j.t.JMeterThread: Thread started: 多用户下单 2-520
2026-09-11 10:32:08,079 INFO o.a.j.t.JMeterThread: Thread started: 多用户下单 2-521
2026-09-11 10:32:08,079 INFO o.a.j.t.JMeterThread: Thread started: 多用户下单 2-522
2026-09-11 10:32:08,080 INFO o.a.j.t.JMeterThread: Thread is done: 多用户下单 2-314
2026-09-11 10:32:08,080 INFO o.a.j.t.JMeterThread: Thread finished: 多用户下单 2-314
2026-09-11 10:32:08,080 INFO o.a.j.t.JMeterThread: Thread started: 多用户下单 2-523
2026-09-11 10:32:08,080 INFO o.a.j.t.JMeterThread: Thread is done: 多用户下单 2-313
2026-09-11 10:32:08,080 INFO o.a.j.t.JMeterThread: Thread finished: 多用户下单 2-313
2026-09-11 10:32:08,080 INFO o.a.j.t.JMeterThread: Thread is done: 多用户下单 2-316
2026-09-11 10:32:08,080 INFO o.a.j.t.JMeterThread: Thread finished: 多用户下单 2-316
2026-09-11 10:32:08,081 INFO o.a.j.t.JMeterThread: Thread started: 多用户下单 2-524
2026-09-11 10:32:08,081 INFO o.a.j.t.JMeterThread: Thread started: 多用户下单 2-525
2026-09-11 10:32:08,082 INFO o.a.j.t.JMeterThread: Thread is done: 多用户下单 2-315
2026-09-11 10:32:08,082 INFO o.a.j.t.JMeterThread: Thread finished: 多用户下单 2-315
2026-09-11 10:32:08,082 INFO o.a.j.t.JMeterThread: Thread started: 多用户下单 2-526
2026-09-11 10:32:08,083 INFO o.a.j.t.JMeterThread: Thread started: 多用户下单 2-527
2026-09-11 10:32:08,083 INFO o.a.j.t.JMeterThread: Thread started: 多用户下单 2-528
2026-09-11 10:32:08,084 INFO o.a.j.t.JMeterThread: Thread started: 多用户下单 2-529
2026-09-11 10:32:08,084 INFO o.a.j.t.JMeterThread: Thread is done: 多用户下单 2-319
2026-09-11 10:32:08,084 INFO o.a.j.t.JMeterThread: Thread is done: 多用户下单 2-318
2026-09-11 10:32:08,085 INFO o.a.j.t.JMeterThread: Thread finished: 多用户下单 2-319
2026-09-11 10:32:08,085 INFO o.a.j.t.JMeterThread: Thread finished: 多用户下单 2-318
2026-09-11 10:32:08,085 INFO o.a.j.t.JMeterThread: Thread started: 多用户下单 2-530
2026-09-11 10:32:08,085 INFO o.a.j.t.JMeterThread: Thread is done: 多用户下单 2-320
2026-09-11 10:32:08,085 INFO o.a.j.t.JMeterThread: Thread started: 多用户下单 2-531
2026-09-11 10:32:08,085 INFO o.a.j.t.JMeterThread: Thread finished: 多用户下单 2-320
2026-09-11 10:32:08,086 INFO o.a.j.t.JMeterThread: Thread is done: 多用户下单 2-321
2026-09-11 10:32:08,086 INFO o.a.j.t.JMeterThread: Thread started: 多用户下单 2-532
2026-09-11 10:32:08,086 INFO o.a.j.t.JMeterThread: Thread finished: 多用户下单 2-321
2026-09-11 10:32:08,086 INFO o.a.j.t.JMeterThread: Thread started: 多用户下单 2-533
2026-09-11 10:32:08,086 INFO o.a.j.t.JMeterThread: Thread is done: 多用户下单 2-317
2026-09-11 10:32:08,087 INFO o.a.j.t.JMeterThread: Thread finished: 多用户下单 2-317
2026-09-11 10:32:08,087 INFO o.a.j.t.JMeterThread: Thread started: 多用户下单 2-534
2026-09-11 10:32:08,087 INFO o.a.j.t.JMeterThread: Thread started: 多用户下单 2-535
2026-09-11 10:32:08,087 INFO o.a.j.t.JMeterThread: Thread is done: 多用户下单 2-322
2026-09-11 10:32:08,087 INFO o.a.j.t.JMeterThread: Thread finished: 多用户下单 2-322
2026-09-11 10:32:08,088 INFO o.a.j.t.JMeterThread: Thread started: 多用户下单 2-536
2026-09-11 10:32:08,088 INFO o.a.j.t.JMeterThread: Thread is done: 多用户下单 2-324
2026-09-11 10:32:08,088 INFO o.a.j.t.JMeterThread: Thread finished: 多用户下单 2-324
2026-09-11 10:32:08,089 INFO o.a.j.t.JMeterThread: Thread started: 多用户下单 2-537
2026-09-11 10:32:08,089 INFO o.a.j.t.JMeterThread: Thread is done: 多用户下单 2-323
2026-09-11 10:32:08,089 INFO o.a.j.t.JMeterThread: Thread finished: 多用户下单 2-323
2026-09-11 10:32:08,089 INFO o.a.j.t.JMeterThread: Thread started: 多用户下单 2-538
2026-09-11 10:32:08,089 INFO o.a.j.t.JMeterThread: Thread is done: 多用户下单 2-327
2026-09-11 10:32:08,089 INFO o.a.j.t.JMeterThread: Thread finished: 多用户下单 2-327
2026-09-11 10:32:08,090 INFO o.a.j.t.JMeterThread: Thread started: 多用户下单 2-539
2026-09-11 10:32:08,090 INFO o.a.j.t.JMeterThread: Thread is done: 多用户下单 2-328
2026-09-11 10:32:08,090 INFO o.a.j.t.JMeterThread: Thread is done: 多用户下单 2-330
2026-09-11 10:32:08,090 INFO o.a.j.t.JMeterThread: Thread finished: 多用户下单 2-328
2026-09-11 10:32:08,090 INFO o.a.j.t.JMeterThread: Thread finished: 多用户下单 2-330
2026-09-11 10:32:08,090 INFO o.a.j.t.JMeterThread: Thread started: 多用户下单 2-540
2026-09-11 10:32:08,091 INFO o.a.j.t.JMeterThread: Thread started: 多用户下单 2-541
2026-09-11 10:32:08,091 INFO o.a.j.t.JMeterThread: Thread is done: 多用户下单 2-326
2026-09-11 10:32:08,091 INFO o.a.j.t.JMeterThread: Thread finished: 多用户下单 2-326
2026-09-11 10:32:08,092 INFO o.a.j.t.JMeterThread: Thread started: 多用户下单 2-542
2026-09-11 10:32:08,092 INFO o.a.j.t.JMeterThread: Thread is done: 多用户下单 2-325
2026-09-11 10:32:08,092 INFO o.a.j.t.JMeterThread: Thread finished: 多用户下单 2-325
2026-09-11 10:32:08,093 INFO o.a.j.t.JMeterThread: Thread started: 多用户下单 2-543
2026-09-11 10:32:08,093 INFO o.a.j.t.JMeterThread: Thread started: 多用户下单 2-544
2026-09-11 10:32:08,093 INFO o.a.j.t.JMeterThread: Thread started: 多用户下单 2-545
2026-09-11 10:32:08,094 INFO o.a.j.t.JMeterThread: Thread is done: 多用户下单 2-329
2026-09-11 10:32:08,094 INFO o.a.j.t.JMeterThread: Thread finished: 多用户下单 2-329
2026-09-11 10:32:08,094 INFO o.a.j.t.JMeterThread: Thread started: 多用户下单 2-546
2026-09-11 10:32:08,094 INFO o.a.j.t.JMeterThread: Thread is done: 多用户下单 2-331
2026-09-11 10:32:08,094 INFO o.a.j.t.JMeterThread: Thread finished: 多用户下单 2-331
2026-09-11 10:32:08,094 INFO o.a.j.t.JMeterThread: Thread started: 多用户下单 2-547
2026-09-11 10:32:08,095 INFO o.a.j.t.JMeterThread: Thread started: 多用户下单 2-548
2026-09-11 10:32:08,096 INFO o.a.j.t.JMeterThread: Thread is done: 多用户下单 2-333
2026-09-11 10:32:08,096 INFO o.a.j.t.JMeterThread: Thread finished: 多用户下单 2-333
2026-09-11 10:32:08,096 INFO o.a.j.t.JMeterThread: Thread started: 多用户下单 2-549
2026-09-11 10:32:08,096 INFO o.a.j.t.JMeterThread: Thread is done: 多用户下单 2-332
2026-09-11 10:32:08,096 INFO o.a.j.t.JMeterThread: Thread finished: 多用户下单 2-332
2026-09-11 10:32:08,096 INFO o.a.j.t.JMeterThread: Thread started: 多用户下单 2-550
2026-09-11 10:32:08,097 INFO o.a.j.t.JMeterThread: Thread is done: 多用户下单 2-337
2026-09-11 10:32:08,097 INFO o.a.j.t.JMeterThread: Thread finished: 多用户下单 2-337
2026-09-11 10:32:08,097 INFO o.a.j.t.JMeterThread: Thread started: 多用户下单 2-551
2026-09-11 10:32:08,097 INFO o.a.j.t.JMeterThread: Thread is done: 多用户下单 2-334
2026-09-11 10:32:08,097 INFO o.a.j.t.JMeterThread: Thread finished: 多用户下单 2-334
2026-09-11 10:32:08,098 INFO o.a.j.t.JMeterThread: Thread started: 多用户下单 2-552
2026-09-11 10:32:08,098 INFO o.a.j.t.JMeterThread: Thread started: 多用户下单 2-553
2026-09-11 10:32:08,099 INFO o.a.j.t.JMeterThread: Thread started: 多用户下单 2-554
2026-09-11 10:32:08,099 INFO o.a.j.t.JMeterThread: Thread is done: 多用户下单 2-338
2026-09-11 10:32:08,099 INFO o.a.j.t.JMeterThread: Thread finished: 多用户下单 2-338
2026-09-11 10:32:08,099 INFO o.a.j.t.JMeterThread: Thread is done: 多用户下单 2-336
2026-09-11 10:32:08,099 INFO o.a.j.t.JMeterThread: Thread finished: 多用户下单 2-336
2026-09-11 10:32:08,099 INFO o.a.j.t.JMeterThread: Thread started: 多用户下单 2-555
2026-09-11 10:32:08,100 INFO o.a.j.t.JMeterThread: Thread is done: 多用户下单 2-335
2026-09-11 10:32:08,100 INFO o.a.j.t.JMeterThread: Thread finished: 多用户下单 2-335
2026-09-11 10:32:08,100 INFO o.a.j.t.JMeterThread: Thread started: 多用户下单 2-556
2026-09-11 10:32:08,101 INFO o.a.j.t.JMeterThread: Thread is done: 多用户下单 2-339
2026-09-11 10:32:08,101 INFO o.a.j.t.JMeterThread: Thread finished: 多用户下单 2-339
2026-09-11 10:32:08,101 INFO o.a.j.t.JMeterThread: Thread started: 多用户下单 2-557
2026-09-11 10:32:08,102 INFO o.a.j.t.JMeterThread: Thread started: 多用户下单 2-558
2026-09-11 10:32:08,102 INFO o.a.j.t.JMeterThread: Thread started: 多用户下单 2-559
2026-09-11 10:32:08,103 INFO o.a.j.t.JMeterThread: Thread started: 多用户下单 2-560
2026-09-11 10:32:08,103 INFO o.a.j.t.JMeterThread: Thread is done: 多用户下单 2-340
2026-09-11 10:32:08,103 INFO o.a.j.t.JMeterThread: Thread finished: 多用户下单 2-340
2026-09-11 10:32:08,104 INFO o.a.j.t.JMeterThread: Thread is done: 多用户下单 2-341
2026-09-11 10:32:08,104 INFO o.a.j.t.JMeterThread: Thread started: 多用户下单 2-561
2026-09-11 10:32:08,104 INFO o.a.j.t.JMeterThread: Thread finished: 多用户下单 2-341
2026-09-11 10:32:08,105 INFO o.a.j.t.JMeterThread: Thread is done: 多用户下单 2-342
2026-09-11 10:32:08,105 INFO o.a.j.t.JMeterThread: Thread finished: 多用户下单 2-342
2026-09-11 10:32:08,105 INFO o.a.j.t.JMeterThread: Thread started: 多用户下单 2-562
2026-09-11 10:32:08,105 INFO o.a.j.t.JMeterThread: Thread is done: 多用户下单 2-343
2026-09-11 10:32:08,105 INFO o.a.j.t.JMeterThread: Thread finished: 多用户下单 2-343
2026-09-11 10:32:08,105 INFO o.a.j.t.JMeterThread: Thread started: 多用户下单 2-563
2026-09-11 10:32:08,106 INFO o.a.j.t.JMeterThread: Thread started: 多用户下单 2-564
2026-09-11 10:32:08,106 INFO o.a.j.t.JMeterThread: Thread started: 多用户下单 2-565
2026-09-11 10:32:08,107 INFO o.a.j.t.JMeterThread: Thread is done: 多用户下单 2-344
2026-09-11 10:32:08,107 INFO o.a.j.t.JMeterThread: Thread finished: 多用户下单 2-344
2026-09-11 10:32:08,107 INFO o.a.j.t.JMeterThread: Thread started: 多用户下单 2-566
2026-09-11 10:32:08,108 INFO o.a.j.t.JMeterThread: Thread started: 多用户下单 2-567
2026-09-11 10:32:08,108 INFO o.a.j.t.JMeterThread: Thread is done: 多用户下单 2-345
2026-09-11 10:32:08,108 INFO o.a.j.t.JMeterThread: Thread finished: 多用户下单 2-345
2026-09-11 10:32:08,108 INFO o.a.j.t.JMeterThread: Thread started: 多用户下单 2-568
2026-09-11 10:32:08,109 INFO o.a.j.t.JMeterThread: Thread is done: 多用户下单 2-346
2026-09-11 10:32:08,109 INFO o.a.j.t.JMeterThread: Thread finished: 多用户下单 2-346
2026-09-11 10:32:08,109 INFO o.a.j.t.JMeterThread: Thread is done: 多用户下单 2-347
2026-09-11 10:32:08,109 INFO o.a.j.t.JMeterThread: Thread finished: 多用户下单 2-347
2026-09-11 10:32:08,109 INFO o.a.j.t.JMeterThread: Thread started: 多用户下单 2-569
2026-09-11 10:32:08,110 INFO o.a.j.t.JMeterThread: Thread is done: 多用户下单 2-348
2026-09-11 10:32:08,110 INFO o.a.j.t.JMeterThread: Thread finished: 多用户下单 2-348
2026-09-11 10:32:08,110 INFO o.a.j.t.JMeterThread: Thread started: 多用户下单 2-570
2026-09-11 10:32:08,111 INFO o.a.j.t.JMeterThread: Thread started: 多用户下单 2-571
2026-09-11 10:32:08,111 INFO o.a.j.t.JMeterThread: Thread is done: 多用户下单 2-349
2026-09-11 10:32:08,111 INFO o.a.j.t.JMeterThread: Thread started: 多用户下单 2-572
2026-09-11 10:32:08,111 INFO o.a.j.t.JMeterThread: Thread finished: 多用户下单 2-349
2026-09-11 10:32:08,111 INFO o.a.j.t.JMeterThread: Thread is done: 多用户下单 2-350
2026-09-11 10:32:08,112 INFO o.a.j.t.JMeterThread: Thread finished: 多用户下单 2-350
2026-09-11 10:32:08,112 INFO o.a.j.t.JMeterThread: Thread started: 多用户下单 2-573
2026-09-11 10:32:08,113 INFO o.a.j.t.JMeterThread: Thread started: 多用户下单 2-574
2026-09-11 10:32:08,113 INFO o.a.j.t.JMeterThread: Thread started: 多用户下单 2-575
2026-09-11 10:32:08,113 INFO o.a.j.t.JMeterThread: Thread started: 多用户下单 2-576
2026-09-11 10:32:08,113 INFO o.a.j.t.JMeterThread: Thread is done: 多用户下单 2-352
2026-09-11 10:32:08,113 INFO o.a.j.t.JMeterThread: Thread started: 多用户下单 2-577
2026-09-11 10:32:08,114 INFO o.a.j.t.JMeterThread: Thread is done: 多用户下单 2-354
2026-09-11 10:32:08,114 INFO o.a.j.t.JMeterThread: Thread finished: 多用户下单 2-352
2026-09-11 10:32:08,114 INFO o.a.j.t.JMeterThread: Thread finished: 多用户下单 2-354
2026-09-11 10:32:08,114 INFO o.a.j.t.JMeterThread: Thread started: 多用户下单 2-578
2026-09-11 10:32:08,114 INFO o.a.j.t.JMeterThread: Thread is done: 多用户下单 2-351
2026-09-11 10:32:08,114 INFO o.a.j.t.JMeterThread: Thread finished: 多用户下单 2-351
2026-09-11 10:32:08,115 INFO o.a.j.t.JMeterThread: Thread started: 多用户下单 2-579
2026-09-11 10:32:08,116 INFO o.a.j.t.JMeterThread: Thread started: 多用户下单 2-580
2026-09-11 10:32:08,116 INFO o.a.j.t.JMeterThread: Thread is done: 多用户下单 2-356
2026-09-11 10:32:08,116 INFO o.a.j.t.JMeterThread: Thread finished: 多用户下单 2-356
2026-09-11 10:32:08,116 INFO o.a.j.t.JMeterThread: Thread started: 多用户下单 2-581
2026-09-11 10:32:08,117 INFO o.a.j.t.JMeterThread: Thread is done: 多用户下单 2-355
2026-09-11 10:32:08,117 INFO o.a.j.t.JMeterThread: Thread finished: 多用户下单 2-355
2026-09-11 10:32:08,117 INFO o.a.j.t.JMeterThread: Thread started: 多用户下单 2-582
2026-09-11 10:32:08,117 INFO o.a.j.t.JMeterThread: Thread is done: 多用户下单 2-353
2026-09-11 10:32:08,117 INFO o.a.j.t.JMeterThread: Thread finished: 多用户下单 2-353
2026-09-11 10:32:08,117 INFO o.a.j.t.JMeterThread: Thread started: 多用户下单 2-583
2026-09-11 10:32:08,118 INFO o.a.j.t.JMeterThread: Thread is done: 多用户下单 2-357
2026-09-11 10:32:08,118 INFO o.a.j.t.JMeterThread: Thread finished: 多用户下单 2-357
2026-09-11 10:32:08,118 INFO o.a.j.t.JMeterThread: Thread started: 多用户下单 2-584
2026-09-11 10:32:08,120 INFO o.a.j.t.JMeterThread: Thread is done: 多用户下单 2-359
2026-09-11 10:32:08,120 INFO o.a.j.t.JMeterThread: Thread started: 多用户下单 2-585
2026-09-11 10:32:08,120 INFO o.a.j.t.JMeterThread: Thread finished: 多用户下单 2-359
2026-09-11 10:32:08,120 INFO o.a.j.t.JMeterThread: Thread started: 多用户下单 2-586
2026-09-11 10:32:08,120 INFO o.a.j.t.JMeterThread: Thread is done: 多用户下单 2-363
2026-09-11 10:32:08,120 INFO o.a.j.t.JMeterThread: Thread is done: 多用户下单 2-360
2026-09-11 10:32:08,120 INFO o.a.j.t.JMeterThread: Thread finished: 多用户下单 2-363
2026-09-11 10:32:08,121 INFO o.a.j.t.JMeterThread: Thread finished: 多用户下单 2-360
2026-09-11 10:32:08,121 INFO o.a.j.t.JMeterThread: Thread is done: 多用户下单 2-361
2026-09-11 10:32:08,121 INFO o.a.j.t.JMeterThread: Thread finished: 多用户下单 2-361
2026-09-11 10:32:08,121 INFO o.a.j.t.JMeterThread: Thread is done: 多用户下单 2-366
2026-09-11 10:32:08,121 INFO o.a.j.t.JMeterThread: Thread finished: 多用户下单 2-366
2026-09-11 10:32:08,121 INFO o.a.j.t.JMeterThread: Thread is done: 多用户下单 2-358
2026-09-11 10:32:08,121 INFO o.a.j.t.JMeterThread: Thread finished: 多用户下单 2-358
2026-09-11 10:32:08,122 INFO o.a.j.t.JMeterThread: Thread is done: 多用户下单 2-362
2026-09-11 10:32:08,122 INFO o.a.j.t.JMeterThread: Thread finished: 多用户下单 2-362
2026-09-11 10:32:08,122 INFO o.a.j.t.JMeterThread: Thread started: 多用户下单 2-587
2026-09-11 10:32:08,123 INFO o.a.j.t.JMeterThread: Thread is done: 多用户下单 2-364
2026-09-11 10:32:08,123 INFO o.a.j.t.JMeterThread: Thread finished: 多用户下单 2-364
2026-09-11 10:32:08,124 INFO o.a.j.t.JMeterThread: Thread started: 多用户下单 2-588
2026-09-11 10:32:08,124 INFO o.a.j.t.JMeterThread: Thread started: 多用户下单 2-589
2026-09-11 10:32:08,125 INFO o.a.j.t.JMeterThread: Thread is done: 多用户下单 2-367
2026-09-11 10:32:08,125 INFO o.a.j.t.JMeterThread: Thread finished: 多用户下单 2-367
2026-09-11 10:32:08,126 INFO o.a.j.t.JMeterThread: Thread started: 多用户下单 2-590
2026-09-11 10:32:08,127 INFO o.a.j.t.JMeterThread: Thread is done: 多用户下单 2-365
2026-09-11 10:32:08,127 INFO o.a.j.t.JMeterThread: Thread finished: 多用户下单 2-365
2026-09-11 10:32:08,128 INFO o.a.j.t.JMeterThread: Thread started: 多用户下单 2-592
2026-09-11 10:32:08,128 INFO o.a.j.t.JMeterThread: Thread is done: 多用户下单 2-369
2026-09-11 10:32:08,128 INFO o.a.j.t.JMeterThread: Thread finished: 多用户下单 2-369
2026-09-11 10:32:08,129 INFO o.a.j.t.JMeterThread: Thread started: 多用户下单 2-591
2026-09-11 10:32:08,129 INFO o.a.j.t.JMeterThread: Thread is done: 多用户下单 2-370
2026-09-11 10:32:08,129 INFO o.a.j.t.JMeterThread: Thread finished: 多用户下单 2-370
2026-09-11 10:32:08,131 INFO o.a.j.t.JMeterThread: Thread is done: 多用户下单 2-371
2026-09-11 10:32:08,131 INFO o.a.j.t.JMeterThread: Thread finished: 多用户下单 2-371
2026-09-11 10:32:08,131 INFO o.a.j.t.JMeterThread: Thread started: 多用户下单 2-593
2026-09-11 10:32:08,131 INFO o.a.j.t.JMeterThread: Thread started: 多用户下单 2-594
2026-09-11 10:32:08,131 INFO o.a.j.t.JMeterThread: Thread is done: 多用户下单 2-372
2026-09-11 10:32:08,131 INFO o.a.j.t.JMeterThread: Thread finished: 多用户下单 2-372
2026-09-11 10:32:08,132 INFO o.a.j.t.JMeterThread: Thread started: 多用户下单 2-595
2026-09-11 10:32:08,132 INFO o.a.j.t.JMeterThread: Thread is done: 多用户下单 2-368
2026-09-11 10:32:08,132 INFO o.a.j.t.JMeterThread: Thread finished: 多用户下单 2-368
2026-09-11 10:32:08,132 INFO o.a.j.t.JMeterThread: Thread started: 多用户下单 2-596
2026-09-11 10:32:08,133 INFO o.a.j.t.JMeterThread: Thread is done: 多用户下单 2-574
2026-09-11 10:32:08,133 INFO o.a.j.t.JMeterThread: Thread is done: 多用户下单 2-581
2026-09-11 10:32:08,133 INFO o.a.j.t.JMeterThread: Thread is done: 多用户下单 2-575
2026-09-11 10:32:08,133 INFO o.a.j.t.JMeterThread: Thread is done: 多用户下单 2-582
2026-09-11 10:32:08,133 INFO o.a.j.t.JMeterThread: Thread is done: 多用户下单 2-577
2026-09-11 10:32:08,133 INFO o.a.j.t.JMeterThread: Thread is done: 多用户下单 2-572
2026-09-11 10:32:08,133 INFO o.a.j.t.JMeterThread: Thread is done: 多用户下单 2-584
2026-09-11 10:32:08,133 INFO o.a.j.t.JMeterThread: Thread is done: 多用户下单 2-583
2026-09-11 10:32:08,133 INFO o.a.j.t.JMeterThread: Thread finished: 多用户下单 2-584
2026-09-11 10:32:08,133 INFO o.a.j.t.JMeterThread: Thread is done: 多用户下单 2-573
2026-09-11 10:32:08,133 INFO o.a.j.t.JMeterThread: Thread is done: 多用户下单 2-585
2026-09-11 10:32:08,133 INFO o.a.j.t.JMeterThread: Thread finished: 多用户下单 2-583
2026-09-11 10:32:08,133 INFO o.a.j.t.JMeterThread: Thread finished: 多用户下单 2-585
2026-09-11 10:32:08,133 INFO o.a.j.t.JMeterThread: Thread finished: 多用户下单 2-574
2026-09-11 10:32:08,133 INFO o.a.j.t.JMeterThread: Thread is done: 多用户下单 2-587
2026-09-11 10:32:08,133 INFO o.a.j.t.JMeterThread: Thread is done: 多用户下单 2-590
2026-09-11 10:32:08,133 INFO o.a.j.t.JMeterThread: Thread is done: 多用户下单 2-589
2026-09-11 10:32:08,133 INFO o.a.j.t.JMeterThread: Thread finished: 多用户下单 2-590
2026-09-11 10:32:08,133 INFO o.a.j.t.JMeterThread: Thread finished: 多用户下单 2-582
2026-09-11 10:32:08,133 INFO o.a.j.t.JMeterThread: Thread is done: 多用户下单 2-586
2026-09-11 10:32:08,133 INFO o.a.j.t.JMeterThread: Thread is done: 多用户下单 2-580
2026-09-11 10:32:08,133 INFO o.a.j.t.JMeterThread: Thread started: 多用户下单 2-597
2026-09-11 10:32:08,134 INFO o.a.j.t.JMeterThread: Thread is done: 多用户下单 2-592
2026-09-11 10:32:08,134 INFO o.a.j.t.JMeterThread: Thread finished: 多用户下单 2-592
2026-09-11 10:32:08,133 INFO o.a.j.t.JMeterThread: Thread finished: 多用户下单 2-575
2026-09-11 10:32:08,133 INFO o.a.j.t.JMeterThread: Thread finished: 多用户下单 2-581
2026-09-11 10:32:08,133 INFO o.a.j.t.JMeterThread: Thread is done: 多用户下单 2-576
2026-09-11 10:32:08,133 INFO o.a.j.t.JMeterThread: Thread is done: 多用户下单 2-579
2026-09-11 10:32:08,133 INFO o.a.j.t.JMeterThread: Thread is done: 多用户下单 2-578
2026-09-11 10:32:08,134 INFO o.a.j.t.JMeterThread: Thread finished: 多用户下单 2-576
2026-09-11 10:32:08,134 INFO o.a.j.t.JMeterThread: Thread finished: 多用户下单 2-577
2026-09-11 10:32:08,134 INFO o.a.j.t.JMeterThread: Thread finished: 多用户下单 2-572
2026-09-11 10:32:08,133 INFO o.a.j.t.JMeterThread: Thread finished: 多用户下单 2-586
2026-09-11 10:32:08,134 INFO o.a.j.t.JMeterThread: Thread finished: 多用户下单 2-580
2026-09-11 10:32:08,134 INFO o.a.j.t.JMeterThread: Thread started: 多用户下单 2-598
2026-09-11 10:32:08,133 INFO o.a.j.t.JMeterThread: Thread is done: 多用户下单 2-588
2026-09-11 10:32:08,134 INFO o.a.j.t.JMeterThread: Thread finished: 多用户下单 2-588
2026-09-11 10:32:08,134 INFO o.a.j.t.JMeterThread: Thread finished: 多用户下单 2-587
2026-09-11 10:32:08,133 INFO o.a.j.t.JMeterThread: Thread finished: 多用户下单 2-573
2026-09-11 10:32:08,134 INFO o.a.j.t.JMeterThread: Thread finished: 多用户下单 2-589
2026-09-11 10:32:08,134 INFO o.a.j.t.JMeterThread: Thread finished: 多用户下单 2-578
2026-09-11 10:32:08,134 INFO o.a.j.t.JMeterThread: Thread finished: 多用户下单 2-579
2026-09-11 10:32:08,135 INFO o.a.j.t.JMeterThread: Thread started: 多用户下单 2-599
2026-09-11 10:32:08,135 INFO o.a.j.t.JMeterThread: Thread started: 多用户下单 2-600
2026-09-11 10:32:08,136 INFO o.a.j.t.JMeterThread: Thread started: 多用户下单 2-601
2026-09-11 10:32:08,136 INFO o.a.j.t.JMeterThread: Thread is done: 多用户下单 2-373
2026-09-11 10:32:08,136 INFO o.a.j.t.JMeterThread: Thread finished: 多用户下单 2-373
2026-09-11 10:32:08,136 INFO o.a.j.t.JMeterThread: Thread started: 多用户下单 2-602
2026-09-11 10:32:08,136 INFO o.a.j.t.JMeterThread: Thread is done: 多用户下单 2-377
2026-09-11 10:32:08,136 INFO o.a.j.t.JMeterThread: Thread finished: 多用户下单 2-377
2026-09-11 10:32:08,137 INFO o.a.j.t.JMeterThread: Thread is done: 多用户下单 2-594
2026-09-11 10:32:08,137 INFO o.a.j.t.JMeterThread: Thread finished: 多用户下单 2-594
2026-09-11 10:32:08,137 INFO o.a.j.t.JMeterThread: Thread is done: 多用户下单 2-593
2026-09-11 10:32:08,137 INFO o.a.j.t.JMeterThread: Thread finished: 多用户下单 2-593
2026-09-11 10:32:08,137 INFO o.a.j.t.JMeterThread: Thread is done: 多用户下单 2-375
2026-09-11 10:32:08,138 INFO o.a.j.t.JMeterThread: Thread finished: 多用户下单 2-375
2026-09-11 10:32:08,138 INFO o.a.j.t.JMeterThread: Thread is done: 多用户下单 2-379
2026-09-11 10:32:08,138 INFO o.a.j.t.JMeterThread: Thread finished: 多用户下单 2-379
2026-09-11 10:32:08,138 INFO o.a.j.t.JMeterThread: Thread is done: 多用户下单 2-591
2026-09-11 10:32:08,138 INFO o.a.j.t.JMeterThread: Thread finished: 多用户下单 2-591
2026-09-11 10:32:08,138 INFO o.a.j.t.JMeterThread: Thread started: 多用户下单 2-603
2026-09-11 10:32:08,138 INFO o.a.j.t.JMeterThread: Thread is done: 多用户下单 2-595
2026-09-11 10:32:08,139 INFO o.a.j.t.JMeterThread: Thread finished: 多用户下单 2-595
2026-09-11 10:32:08,139 INFO o.a.j.t.JMeterThread: Thread is done: 多用户下单 2-376
2026-09-11 10:32:08,139 INFO o.a.j.t.JMeterThread: Thread finished: 多用户下单 2-376
2026-09-11 10:32:08,139 INFO o.a.j.t.JMeterThread: Thread is done: 多用户下单 2-596
2026-09-11 10:32:08,139 INFO o.a.j.t.JMeterThread: Thread finished: 多用户下单 2-596
2026-09-11 10:32:08,139 INFO o.a.j.t.JMeterThread: Thread is done: 多用户下单 2-597
2026-09-11 10:32:08,139 INFO o.a.j.t.JMeterThread: Thread finished: 多用户下单 2-597
2026-09-11 10:32:08,139 INFO o.a.j.t.JMeterThread: Thread started: 多用户下单 2-604
2026-09-11 10:32:08,139 INFO o.a.j.t.JMeterThread: Thread is done: 多用户下单 2-598
2026-09-11 10:32:08,139 INFO o.a.j.t.JMeterThread: Thread finished: 多用户下单 2-598
2026-09-11 10:32:08,139 INFO o.a.j.t.JMeterThread: Thread started: 多用户下单 2-605
2026-09-11 10:32:08,139 INFO o.a.j.t.JMeterThread: Thread is done: 多用户下单 2-599
2026-09-11 10:32:08,140 INFO o.a.j.t.JMeterThread: Thread finished: 多用户下单 2-599
2026-09-11 10:32:08,140 INFO o.a.j.t.JMeterThread: Thread is done: 多用户下单 2-374
2026-09-11 10:32:08,140 INFO o.a.j.t.JMeterThread: Thread finished: 多用户下单 2-374
2026-09-11 10:32:08,140 INFO o.a.j.t.JMeterThread: Thread is done: 多用户下单 2-600
2026-09-11 10:32:08,140 INFO o.a.j.t.JMeterThread: Thread is done: 多用户下单 2-378
2026-09-11 10:32:08,140 INFO o.a.j.t.JMeterThread: Thread finished: 多用户下单 2-600
2026-09-11 10:32:08,140 INFO o.a.j.t.JMeterThread: Thread finished: 多用户下单 2-378
2026-09-11 10:32:08,140 INFO o.a.j.t.JMeterThread: Thread started: 多用户下单 2-606
2026-09-11 10:32:08,141 INFO o.a.j.t.JMeterThread: Thread is done: 多用户下单 2-602
2026-09-11 10:32:08,141 INFO o.a.j.t.JMeterThread: Thread finished: 多用户下单 2-602
2026-09-11 10:32:08,141 INFO o.a.j.t.JMeterThread: Thread is done: 多用户下单 2-601
2026-09-11 10:32:08,141 INFO o.a.j.t.JMeterThread: Thread started: 多用户下单 2-607
2026-09-11 10:32:08,141 INFO o.a.j.t.JMeterThread: Thread finished: 多用户下单 2-601
2026-09-11 10:32:08,142 INFO o.a.j.t.JMeterThread: Thread started: 多用户下单 2-608
2026-09-11 10:32:08,143 INFO o.a.j.t.JMeterThread: Thread started: 多用户下单 2-609
2026-09-11 10:32:08,143 INFO o.a.j.t.JMeterThread: Thread is done: 多用户下单 2-604
2026-09-11 10:32:08,143 INFO o.a.j.t.JMeterThread: Thread finished: 多用户下单 2-604
2026-09-11 10:32:08,143 INFO o.a.j.t.JMeterThread: Thread started: 多用户下单 2-610
2026-09-11 10:32:08,144 INFO o.a.j.t.JMeterThread: Thread is done: 多用户下单 2-380
2026-09-11 10:32:08,144 INFO o.a.j.t.JMeterThread: Thread finished: 多用户下单 2-380
2026-09-11 10:32:08,144 INFO o.a.j.t.JMeterThread: Thread started: 多用户下单 2-611
2026-09-11 10:32:08,145 INFO o.a.j.t.JMeterThread: Thread is done: 多用户下单 2-605
2026-09-11 10:32:08,145 INFO o.a.j.t.JMeterThread: Thread finished: 多用户下单 2-605
2026-09-11 10:32:08,145 INFO o.a.j.t.JMeterThread: Thread is done: 多用户下单 2-603
2026-09-11 10:32:08,145 INFO o.a.j.t.JMeterThread: Thread is done: 多用户下单 2-382
2026-09-11 10:32:08,145 INFO o.a.j.t.JMeterThread: Thread finished: 多用户下单 2-603
2026-09-11 10:32:08,145 INFO o.a.j.t.JMeterThread: Thread started: 多用户下单 2-612
2026-09-11 10:32:08,145 INFO o.a.j.t.JMeterThread: Thread finished: 多用户下单 2-382
2026-09-11 10:32:08,145 INFO o.a.j.t.JMeterThread: Thread is done: 多用户下单 2-606
2026-09-11 10:32:08,145 INFO o.a.j.t.JMeterThread: Thread finished: 多用户下单 2-606
2026-09-11 10:32:08,145 INFO o.a.j.t.JMeterThread: Thread is done: 多用户下单 2-607
2026-09-11 10:32:08,146 INFO o.a.j.t.JMeterThread: Thread finished: 多用户下单 2-607
2026-09-11 10:32:08,146 INFO o.a.j.t.JMeterThread: Thread is done: 多用户下单 2-381
2026-09-11 10:32:08,146 INFO o.a.j.t.JMeterThread: Thread finished: 多用户下单 2-381
2026-09-11 10:32:08,146 INFO o.a.j.t.JMeterThread: Thread started: 多用户下单 2-613
2026-09-11 10:32:08,146 INFO o.a.j.t.JMeterThread: Thread is done: 多用户下单 2-384
2026-09-11 10:32:08,146 INFO o.a.j.t.JMeterThread: Thread finished: 多用户下单 2-384
2026-09-11 10:32:08,146 INFO o.a.j.t.JMeterThread: Thread started: 多用户下单 2-614
2026-09-11 10:32:08,147 INFO o.a.j.t.JMeterThread: Thread is done: 多用户下单 2-386
2026-09-11 10:32:08,147 INFO o.a.j.t.JMeterThread: Thread finished: 多用户下单 2-386
2026-09-11 10:32:08,147 INFO o.a.j.t.JMeterThread: Thread is done: 多用户下单 2-388
2026-09-11 10:32:08,147 INFO o.a.j.t.JMeterThread: Thread finished: 多用户下单 2-388
2026-09-11 10:32:08,147 INFO o.a.j.t.JMeterThread: Thread is done: 多用户下单 2-383
2026-09-11 10:32:08,147 INFO o.a.j.t.JMeterThread: Thread is done: 多用户下单 2-392
2026-09-11 10:32:08,147 INFO o.a.j.t.JMeterThread: Thread finished: 多用户下单 2-383
2026-09-11 10:32:08,147 INFO o.a.j.t.JMeterThread: Thread finished: 多用户下单 2-392
2026-09-11 10:32:08,147 INFO o.a.j.t.JMeterThread: Thread is done: 多用户下单 2-608
2026-09-11 10:32:08,147 INFO o.a.j.t.JMeterThread: Thread started: 多用户下单 2-615
2026-09-11 10:32:08,147 INFO o.a.j.t.JMeterThread: Thread finished: 多用户下单 2-608
2026-09-11 10:32:08,148 INFO o.a.j.t.JMeterThread: Thread is done: 多用户下单 2-609
2026-09-11 10:32:08,148 INFO o.a.j.t.JMeterThread: Thread finished: 多用户下单 2-609
2026-09-11 10:32:08,148 INFO o.a.j.t.JMeterThread: Thread is done: 多用户下单 2-391
2026-09-11 10:32:08,148 INFO o.a.j.t.JMeterThread: Thread finished: 多用户下单 2-391
2026-09-11 10:32:08,148 INFO o.a.j.t.JMeterThread: Thread is done: 多用户下单 2-385
2026-09-11 10:32:08,148 INFO o.a.j.t.JMeterThread: Thread finished: 多用户下单 2-385
2026-09-11 10:32:08,148 INFO o.a.j.t.JMeterThread: Thread started: 多用户下单 2-616
2026-09-11 10:32:08,148 INFO o.a.j.t.JMeterThread: Thread is done: 多用户下单 2-387
2026-09-11 10:32:08,148 INFO o.a.j.t.JMeterThread: Thread finished: 多用户下单 2-387
2026-09-11 10:32:08,149 INFO o.a.j.t.JMeterThread: Thread is done: 多用户下单 2-611
2026-09-11 10:32:08,149 INFO o.a.j.t.JMeterThread: Thread finished: 多用户下单 2-611
2026-09-11 10:32:08,149 INFO o.a.j.t.JMeterThread: Thread is done: 多用户下单 2-395
2026-09-11 10:32:08,149 INFO o.a.j.t.JMeterThread: Thread finished: 多用户下单 2-395
2026-09-11 10:32:08,149 INFO o.a.j.t.JMeterThread: Thread is done: 多用户下单 2-393
2026-09-11 10:32:08,149 INFO o.a.j.t.JMeterThread: Thread finished: 多用户下单 2-393
2026-09-11 10:32:08,149 INFO o.a.j.t.JMeterThread: Thread is done: 多用户下单 2-610
2026-09-11 10:32:08,149 INFO o.a.j.t.JMeterThread: Thread started: 多用户下单 2-617
2026-09-11 10:32:08,149 INFO o.a.j.t.JMeterThread: Thread finished: 多用户下单 2-610
2026-09-11 10:32:08,149 INFO o.a.j.t.JMeterThread: Thread is done: 多用户下单 2-390
2026-09-11 10:32:08,149 INFO o.a.j.t.JMeterThread: Thread finished: 多用户下单 2-390
2026-09-11 10:32:08,149 INFO o.a.j.t.JMeterThread: Thread is done: 多用户下单 2-389
2026-09-11 10:32:08,149 INFO o.a.j.t.JMeterThread: Thread finished: 多用户下单 2-389
2026-09-11 10:32:08,150 INFO o.a.j.t.JMeterThread: Thread is done: 多用户下单 2-612
2026-09-11 10:32:08,150 INFO o.a.j.t.JMeterThread: Thread finished: 多用户下单 2-612
2026-09-11 10:32:08,150 INFO o.a.j.t.JMeterThread: Thread started: 多用户下单 2-618
2026-09-11 10:32:08,150 INFO o.a.j.t.JMeterThread: Thread is done: 多用户下单 2-613
2026-09-11 10:32:08,150 INFO o.a.j.t.JMeterThread: Thread started: 多用户下单 2-619
2026-09-11 10:32:08,150 INFO o.a.j.t.JMeterThread: Thread finished: 多用户下单 2-613
2026-09-11 10:32:08,150 INFO o.a.j.t.JMeterThread: Thread is done: 多用户下单 2-394
2026-09-11 10:32:08,150 INFO o.a.j.t.JMeterThread: Thread finished: 多用户下单 2-394
2026-09-11 10:32:08,150 INFO o.a.j.t.JMeterThread: Thread is done: 多用户下单 2-396
2026-09-11 10:32:08,150 INFO o.a.j.t.JMeterThread: Thread finished: 多用户下单 2-396
2026-09-11 10:32:08,151 INFO o.a.j.t.JMeterThread: Thread is done: 多用户下单 2-397
2026-09-11 10:32:08,151 INFO o.a.j.t.JMeterThread: Thread is done: 多用户下单 2-399
2026-09-11 10:32:08,151 INFO o.a.j.t.JMeterThread: Thread finished: 多用户下单 2-397
2026-09-11 10:32:08,151 INFO o.a.j.t.JMeterThread: Thread finished: 多用户下单 2-399
2026-09-11 10:32:08,151 INFO o.a.j.t.JMeterThread: Thread is done: 多用户下单 2-614
2026-09-11 10:32:08,151 INFO o.a.j.t.JMeterThread: Thread finished: 多用户下单 2-614
2026-09-11 10:32:08,151 INFO o.a.j.t.JMeterThread: Thread started: 多用户下单 2-620
2026-09-11 10:32:08,151 INFO o.a.j.t.JMeterThread: Thread is done: 多用户下单 2-398
2026-09-11 10:32:08,151 INFO o.a.j.t.JMeterThread: Thread finished: 多用户下单 2-398
2026-09-11 10:32:08,151 INFO o.a.j.t.JMeterThread: Thread is done: 多用户下单 2-615
2026-09-11 10:32:08,151 INFO o.a.j.t.JMeterThread: Thread finished: 多用户下单 2-615
2026-09-11 10:32:08,151 INFO o.a.j.t.JMeterThread: Thread started: 多用户下单 2-621
2026-09-11 10:32:08,151 INFO o.a.j.t.JMeterThread: Thread is done: 多用户下单 2-400
2026-09-11 10:32:08,151 INFO o.a.j.t.JMeterThread: Thread finished: 多用户下单 2-400
2026-09-11 10:32:08,152 INFO o.a.j.t.JMeterThread: Thread started: 多用户下单 2-622
2026-09-11 10:32:08,153 INFO o.a.j.t.JMeterThread: Thread is done: 多用户下单 2-401
2026-09-11 10:32:08,153 INFO o.a.j.t.JMeterThread: Thread finished: 多用户下单 2-401
2026-09-11 10:32:08,153 INFO o.a.j.t.JMeterThread: Thread started: 多用户下单 2-623
2026-09-11 10:32:08,154 INFO o.a.j.t.JMeterThread: Thread is done: 多用户下单 2-402
2026-09-11 10:32:08,154 INFO o.a.j.t.JMeterThread: Thread is done: 多用户下单 2-404
2026-09-11 10:32:08,154 INFO o.a.j.t.JMeterThread: Thread finished: 多用户下单 2-402
2026-09-11 10:32:08,154 INFO o.a.j.t.JMeterThread: Thread started: 多用户下单 2-624
2026-09-11 10:32:08,154 INFO o.a.j.t.JMeterThread: Thread finished: 多用户下单 2-404
2026-09-11 10:32:08,155 INFO o.a.j.t.JMeterThread: Thread started: 多用户下单 2-625
2026-09-11 10:32:08,155 INFO o.a.j.t.JMeterThread: Thread started: 多用户下单 2-626
2026-09-11 10:32:08,155 INFO o.a.j.t.JMeterThread: Thread started: 多用户下单 2-627
2026-09-11 10:32:08,156 INFO o.a.j.t.JMeterThread: Thread started: 多用户下单 2-628
2026-09-11 10:32:08,158 INFO o.a.j.t.JMeterThread: Thread started: 多用户下单 2-629
2026-09-11 10:32:08,158 INFO o.a.j.t.JMeterThread: Thread started: 多用户下单 2-630
2026-09-11 10:32:08,159 INFO o.a.j.t.JMeterThread: Thread started: 多用户下单 2-631
2026-09-11 10:32:08,160 INFO o.a.j.t.JMeterThread: Thread started: 多用户下单 2-632
2026-09-11 10:32:08,160 INFO o.a.j.t.JMeterThread: Thread started: 多用户下单 2-633
2026-09-11 10:32:08,161 INFO o.a.j.t.JMeterThread: Thread is done: 多用户下单 2-403
2026-09-11 10:32:08,161 INFO o.a.j.t.JMeterThread: Thread finished: 多用户下单 2-403
2026-09-11 10:32:08,162 INFO o.a.j.t.JMeterThread: Thread started: 多用户下单 2-635
2026-09-11 10:32:08,162 INFO o.a.j.t.JMeterThread: Thread started: 多用户下单 2-634
2026-09-11 10:32:08,162 INFO o.a.j.t.JMeterThread: Thread started: 多用户下单 2-636
2026-09-11 10:32:08,162 INFO o.a.j.t.JMeterThread: Thread started: 多用户下单 2-637
2026-09-11 10:32:08,163 INFO o.a.j.t.JMeterThread: Thread started: 多用户下单 2-638
2026-09-11 10:32:08,164 INFO o.a.j.t.JMeterThread: Thread started: 多用户下单 2-639
2026-09-11 10:32:08,165 INFO o.a.j.t.JMeterThread: Thread started: 多用户下单 2-640
2026-09-11 10:32:08,165 INFO o.a.j.t.JMeterThread: Thread is done: 多用户下单 2-405
2026-09-11 10:32:08,165 INFO o.a.j.t.JMeterThread: Thread finished: 多用户下单 2-405
2026-09-11 10:32:08,166 INFO o.a.j.t.JMeterThread: Thread started: 多用户下单 2-641
2026-09-11 10:32:08,166 INFO o.a.j.t.JMeterThread: Thread started: 多用户下单 2-642
2026-09-11 10:32:08,166 INFO o.a.j.t.JMeterThread: Thread started: 多用户下单 2-643
2026-09-11 10:32:08,167 INFO o.a.j.t.JMeterThread: Thread is done: 多用户下单 2-406
2026-09-11 10:32:08,167 INFO o.a.j.t.JMeterThread: Thread started: 多用户下单 2-644
2026-09-11 10:32:08,167 INFO o.a.j.t.JMeterThread: Thread finished: 多用户下单 2-406
2026-09-11 10:32:08,168 INFO o.a.j.t.JMeterThread: Thread started: 多用户下单 2-645
2026-09-11 10:32:08,168 INFO o.a.j.t.JMeterThread: Thread started: 多用户下单 2-646
2026-09-11 10:32:08,168 INFO o.a.j.t.JMeterThread: Thread is done: 多用户下单 2-407
2026-09-11 10:32:08,168 INFO o.a.j.t.JMeterThread: Thread is done: 多用户下单 2-409
2026-09-11 10:32:08,168 INFO o.a.j.t.JMeterThread: Thread finished: 多用户下单 2-407
2026-09-11 10:32:08,168 INFO o.a.j.t.JMeterThread: Thread finished: 多用户下单 2-409
2026-09-11 10:32:08,168 INFO o.a.j.t.JMeterThread: Thread started: 多用户下单 2-647
2026-09-11 10:32:08,169 INFO o.a.j.t.JMeterThread: Thread is done: 多用户下单 2-408
2026-09-11 10:32:08,169 INFO o.a.j.t.JMeterThread: Thread started: 多用户下单 2-648
2026-09-11 10:32:08,169 INFO o.a.j.t.JMeterThread: Thread finished: 多用户下单 2-408
2026-09-11 10:32:08,170 INFO o.a.j.t.JMeterThread: Thread started: 多用户下单 2-649
2026-09-11 10:32:08,170 INFO o.a.j.t.JMeterThread: Thread started: 多用户下单 2-650
2026-09-11 10:32:08,171 INFO o.a.j.t.JMeterThread: Thread started: 多用户下单 2-651
2026-09-11 10:32:08,173 INFO o.a.j.t.JMeterThread: Thread started: 多用户下单 2-652
2026-09-11 10:32:08,173 INFO o.a.j.t.JMeterThread: Thread started: 多用户下单 2-653
2026-09-11 10:32:08,174 INFO o.a.j.t.JMeterThread: Thread started: 多用户下单 2-654
2026-09-11 10:32:08,175 INFO o.a.j.t.JMeterThread: Thread started: 多用户下单 2-655
2026-09-11 10:32:08,175 INFO o.a.j.t.JMeterThread: Thread is done: 多用户下单 2-410
2026-09-11 10:32:08,175 INFO o.a.j.t.JMeterThread: Thread finished: 多用户下单 2-410
2026-09-11 10:32:08,175 INFO o.a.j.t.JMeterThread: Thread started: 多用户下单 2-656
2026-09-11 10:32:08,175 INFO o.a.j.t.JMeterThread: Thread started: 多用户下单 2-657
2026-09-11 10:32:08,176 INFO o.a.j.t.JMeterThread: Thread started: 多用户下单 2-658
2026-09-11 10:32:08,177 INFO o.a.j.t.JMeterThread: Thread started: 多用户下单 2-659
2026-09-11 10:32:08,177 INFO o.a.j.t.JMeterThread: Thread started: 多用户下单 2-660
2026-09-11 10:32:08,178 INFO o.a.j.t.JMeterThread: Thread is done: 多用户下单 2-411
2026-09-11 10:32:08,179 INFO o.a.j.t.JMeterThread: Thread finished: 多用户下单 2-411
2026-09-11 10:32:08,178 INFO o.a.j.t.JMeterThread: Thread started: 多用户下单 2-661
2026-09-11 10:32:08,179 INFO o.a.j.t.JMeterThread: Thread started: 多用户下单 2-662
2026-09-11 10:32:08,179 INFO o.a.j.t.JMeterThread: Thread started: 多用户下单 2-663
2026-09-11 10:32:08,180 INFO o.a.j.t.JMeterThread: Thread started: 多用户下单 2-664
2026-09-11 10:32:08,181 INFO o.a.j.t.JMeterThread: Thread is done: 多用户下单 2-416
2026-09-11 10:32:08,181 INFO o.a.j.t.JMeterThread: Thread finished: 多用户下单 2-416
2026-09-11 10:32:08,181 INFO o.a.j.t.JMeterThread: Thread started: 多用户下单 2-665
2026-09-11 10:32:08,182 INFO o.a.j.t.JMeterThread: Thread is done: 多用户下单 2-414
2026-09-11 10:32:08,182 INFO o.a.j.t.JMeterThread: Thread finished: 多用户下单 2-414
2026-09-11 10:32:08,182 INFO o.a.j.t.JMeterThread: Thread started: 多用户下单 2-666
2026-09-11 10:32:08,182 INFO o.a.j.t.JMeterThread: Thread is done: 多用户下单 2-413
2026-09-11 10:32:08,182 INFO o.a.j.t.JMeterThread: Thread finished: 多用户下单 2-413
2026-09-11 10:32:08,182 INFO o.a.j.t.JMeterThread: Thread started: 多用户下单 2-667
2026-09-11 10:32:08,183 INFO o.a.j.t.JMeterThread: Thread started: 多用户下单 2-668
2026-09-11 10:32:08,183 INFO o.a.j.t.JMeterThread: Thread is done: 多用户下单 2-412
2026-09-11 10:32:08,184 INFO o.a.j.t.JMeterThread: Thread finished: 多用户下单 2-412
2026-09-11 10:32:08,184 INFO o.a.j.t.JMeterThread: Thread started: 多用户下单 2-669
2026-09-11 10:32:08,184 INFO o.a.j.t.JMeterThread: Thread started: 多用户下单 2-670
2026-09-11 10:32:08,185 INFO o.a.j.t.JMeterThread: Thread started: 多用户下单 2-671
2026-09-11 10:32:08,185 INFO o.a.j.t.JMeterThread: Thread is done: 多用户下单 2-417
2026-09-11 10:32:08,185 INFO o.a.j.t.JMeterThread: Thread finished: 多用户下单 2-417
2026-09-11 10:32:08,185 INFO o.a.j.t.JMeterThread: Thread started: 多用户下单 2-672
2026-09-11 10:32:08,186 INFO o.a.j.t.JMeterThread: Thread is done: 多用户下单 2-415
2026-09-11 10:32:08,186 INFO o.a.j.t.JMeterThread: Thread finished: 多用户下单 2-415
2026-09-11 10:32:08,186 INFO o.a.j.t.JMeterThread: Thread started: 多用户下单 2-673
2026-09-11 10:32:08,187 INFO o.a.j.t.JMeterThread: Thread is done: 多用户下单 2-418
2026-09-11 10:32:08,187 INFO o.a.j.t.JMeterThread: Thread finished: 多用户下单 2-418
2026-09-11 10:32:08,187 INFO o.a.j.t.JMeterThread: Thread started: 多用户下单 2-674
2026-09-11 10:32:08,188 INFO o.a.j.t.JMeterThread: Thread started: 多用户下单 2-675
2026-09-11 10:32:08,188 INFO o.a.j.t.JMeterThread: Thread is done: 多用户下单 2-428
2026-09-11 10:32:08,188 INFO o.a.j.t.JMeterThread: Thread is done: 多用户下单 2-421
2026-09-11 10:32:08,188 INFO o.a.j.t.JMeterThread: Thread finished: 多用户下单 2-428
2026-09-11 10:32:08,188 INFO o.a.j.t.JMeterThread: Thread finished: 多用户下单 2-421
2026-09-11 10:32:08,188 INFO o.a.j.t.JMeterThread: Thread started: 多用户下单 2-676
2026-09-11 10:32:08,189 INFO o.a.j.t.JMeterThread: Thread is done: 多用户下单 2-423
2026-09-11 10:32:08,189 INFO o.a.j.t.JMeterThread: Thread finished: 多用户下单 2-423
2026-09-11 10:32:08,189 INFO o.a.j.t.JMeterThread: Thread started: 多用户下单 2-677
2026-09-11 10:32:08,189 INFO o.a.j.t.JMeterThread: Thread is done: 多用户下单 2-419
2026-09-11 10:32:08,189 INFO o.a.j.t.JMeterThread: Thread started: 多用户下单 2-678
2026-09-11 10:32:08,189 INFO o.a.j.t.JMeterThread: Thread finished: 多用户下单 2-419
2026-09-11 10:32:08,189 INFO o.a.j.t.JMeterThread: Thread is done: 多用户下单 2-424
2026-09-11 10:32:08,189 INFO o.a.j.t.JMeterThread: Thread finished: 多用户下单 2-424
2026-09-11 10:32:08,190 INFO o.a.j.t.JMeterThread: Thread started: 多用户下单 2-679
2026-09-11 10:32:08,190 INFO o.a.j.t.JMeterThread: Thread is done: 多用户下单 2-422
2026-09-11 10:32:08,190 INFO o.a.j.t.JMeterThread: Thread finished: 多用户下单 2-422
2026-09-11 10:32:08,191 INFO o.a.j.t.JMeterThread: Thread started: 多用户下单 2-680
2026-09-11 10:32:08,191 INFO o.a.j.t.JMeterThread: Thread is done: 多用户下单 2-425
2026-09-11 10:32:08,191 INFO o.a.j.t.JMeterThread: Thread started: 多用户下单 2-681
2026-09-11 10:32:08,191 INFO o.a.j.t.JMeterThread: Thread is done: 多用户下单 2-426
2026-09-11 10:32:08,191 INFO o.a.j.t.JMeterThread: Thread finished: 多用户下单 2-426
2026-09-11 10:32:08,191 INFO o.a.j.t.JMeterThread: Thread is done: 多用户下单 2-420
2026-09-11 10:32:08,191 INFO o.a.j.t.JMeterThread: Thread finished: 多用户下单 2-420
2026-09-11 10:32:08,191 INFO o.a.j.t.JMeterThread: Thread finished: 多用户下单 2-425
2026-09-11 10:32:08,191 INFO o.a.j.t.JMeterThread: Thread is done: 多用户下单 2-427
2026-09-11 10:32:08,191 INFO o.a.j.t.JMeterThread: Thread finished: 多用户下单 2-427
2026-09-11 10:32:08,191 INFO o.a.j.t.JMeterThread: Thread started: 多用户下单 2-682
2026-09-11 10:32:08,192 INFO o.a.j.t.JMeterThread: Thread is done: 多用户下单 2-429
2026-09-11 10:32:08,192 INFO o.a.j.t.JMeterThread: Thread started: 多用户下单 2-683
2026-09-11 10:32:08,192 INFO o.a.j.t.JMeterThread: Thread is done: 多用户下单 2-430
2026-09-11 10:32:08,192 INFO o.a.j.t.JMeterThread: Thread finished: 多用户下单 2-429
2026-09-11 10:32:08,192 INFO o.a.j.t.JMeterThread: Thread finished: 多用户下单 2-430
2026-09-11 10:32:08,193 INFO o.a.j.t.JMeterThread: Thread is done: 多用户下单 2-431
2026-09-11 10:32:08,193 INFO o.a.j.t.JMeterThread: Thread finished: 多用户下单 2-431
2026-09-11 10:32:08,193 INFO o.a.j.t.JMeterThread: Thread is done: 多用户下单 2-432
2026-09-11 10:32:08,193 INFO o.a.j.t.JMeterThread: Thread started: 多用户下单 2-684
2026-09-11 10:32:08,193 INFO o.a.j.t.JMeterThread: Thread finished: 多用户下单 2-432
2026-09-11 10:32:08,194 INFO o.a.j.t.JMeterThread: Thread is done: 多用户下单 2-434
2026-09-11 10:32:08,194 INFO o.a.j.t.JMeterThread: Thread started: 多用户下单 2-685
2026-09-11 10:32:08,194 INFO o.a.j.t.JMeterThread: Thread finished: 多用户下单 2-434
2026-09-11 10:32:08,194 INFO o.a.j.t.JMeterThread: Thread is done: 多用户下单 2-433
2026-09-11 10:32:08,194 INFO o.a.j.t.JMeterThread: Thread finished: 多用户下单 2-433
2026-09-11 10:32:08,194 INFO o.a.j.t.JMeterThread: Thread started: 多用户下单 2-686
2026-09-11 10:32:08,195 INFO o.a.j.t.JMeterThread: Thread is done: 多用户下单 2-435
2026-09-11 10:32:08,195 INFO o.a.j.t.JMeterThread: Thread finished: 多用户下单 2-435
2026-09-11 10:32:08,195 INFO o.a.j.t.JMeterThread: Thread is done: 多用户下单 2-436
2026-09-11 10:32:08,195 INFO o.a.j.t.JMeterThread: Thread finished: 多用户下单 2-436
2026-09-11 10:32:08,195 INFO o.a.j.t.JMeterThread: Thread started: 多用户下单 2-687
2026-09-11 10:32:08,196 INFO o.a.j.t.JMeterThread: Thread started: 多用户下单 2-688
2026-09-11 10:32:08,196 INFO o.a.j.t.JMeterThread: Thread is done: 多用户下单 2-437
2026-09-11 10:32:08,196 INFO o.a.j.t.JMeterThread: Thread finished: 多用户下单 2-437
2026-09-11 10:32:08,196 INFO o.a.j.t.JMeterThread: Thread started: 多用户下单 2-689
2026-09-11 10:32:08,196 INFO o.a.j.t.JMeterThread: Thread is done: 多用户下单 2-439
2026-09-11 10:32:08,196 INFO o.a.j.t.JMeterThread: Thread finished: 多用户下单 2-439
2026-09-11 10:32:08,197 INFO o.a.j.t.JMeterThread: Thread started: 多用户下单 2-690
2026-09-11 10:32:08,197 INFO o.a.j.t.JMeterThread: Thread is done: 多用户下单 2-438
2026-09-11 10:32:08,197 INFO o.a.j.t.JMeterThread: Thread finished: 多用户下单 2-438
2026-09-11 10:32:08,198 INFO o.a.j.t.JMeterThread: Thread started: 多用户下单 2-691
2026-09-11 10:32:08,198 INFO o.a.j.t.JMeterThread: Thread is done: 多用户下单 2-442
2026-09-11 10:32:08,198 INFO o.a.j.t.JMeterThread: Thread finished: 多用户下单 2-442
2026-09-11 10:32:08,198 INFO o.a.j.t.JMeterThread: Thread started: 多用户下单 2-692
2026-09-11 10:32:08,199 INFO o.a.j.t.JMeterThread: Thread started: 多用户下单 2-693
2026-09-11 10:32:08,199 INFO o.a.j.t.JMeterThread: Thread is done: 多用户下单 2-440
2026-09-11 10:32:08,199 INFO o.a.j.t.JMeterThread: Thread finished: 多用户下单 2-440
2026-09-11 10:32:08,199 INFO o.a.j.t.JMeterThread: Thread started: 多用户下单 2-694
2026-09-11 10:32:08,199 INFO o.a.j.t.JMeterThread: Thread is done: 多用户下单 2-441
2026-09-11 10:32:08,199 INFO o.a.j.t.JMeterThread: Thread finished: 多用户下单 2-441
2026-09-11 10:32:08,200 INFO o.a.j.t.JMeterThread: Thread started: 多用户下单 2-695
2026-09-11 10:32:08,200 INFO o.a.j.t.JMeterThread: Thread is done: 多用户下单 2-443
2026-09-11 10:32:08,200 INFO o.a.j.t.JMeterThread: Thread finished: 多用户下单 2-443
2026-09-11 10:32:08,200 INFO o.a.j.t.JMeterThread: Thread started: 多用户下单 2-696
2026-09-11 10:32:08,201 INFO o.a.j.t.JMeterThread: Thread is done: 多用户下单 2-444
2026-09-11 10:32:08,201 INFO o.a.j.t.JMeterThread: Thread finished: 多用户下单 2-444
2026-09-11 10:32:08,201 INFO o.a.j.t.JMeterThread: Thread started: 多用户下单 2-697
2026-09-11 10:32:08,202 INFO o.a.j.t.JMeterThread: Thread started: 多用户下单 2-698
2026-09-11 10:32:08,202 INFO o.a.j.t.JMeterThread: Thread started: 多用户下单 2-699
2026-09-11 10:32:08,203 INFO o.a.j.t.JMeterThread: Thread started: 多用户下单 2-700
2026-09-11 10:32:08,204 INFO o.a.j.t.JMeterThread: Thread started: 多用户下单 2-701
2026-09-11 10:32:08,204 INFO o.a.j.t.JMeterThread: Thread is done: 多用户下单 2-445
2026-09-11 10:32:08,204 INFO o.a.j.t.JMeterThread: Thread finished: 多用户下单 2-445
2026-09-11 10:32:08,204 INFO o.a.j.t.JMeterThread: Thread started: 多用户下单 2-702
2026-09-11 10:32:08,204 INFO o.a.j.t.JMeterThread: Thread is done: 多用户下单 2-446
2026-09-11 10:32:08,204 INFO o.a.j.t.JMeterThread: Thread finished: 多用户下单 2-446
2026-09-11 10:32:08,205 INFO o.a.j.t.JMeterThread: Thread is done: 多用户下单 2-447
2026-09-11 10:32:08,205 INFO o.a.j.t.JMeterThread: Thread finished: 多用户下单 2-447
2026-09-11 10:32:08,205 INFO o.a.j.t.JMeterThread: Thread started: 多用户下单 2-703
2026-09-11 10:32:08,205 INFO o.a.j.t.JMeterThread: Thread started: 多用户下单 2-704
2026-09-11 10:32:08,206 INFO o.a.j.t.JMeterThread: Thread is done: 多用户下单 2-448
2026-09-11 10:32:08,206 INFO o.a.j.t.JMeterThread: Thread finished: 多用户下单 2-448
2026-09-11 10:32:08,206 INFO o.a.j.t.JMeterThread: Thread started: 多用户下单 2-705
2026-09-11 10:32:08,206 INFO o.a.j.t.JMeterThread: Thread started: 多用户下单 2-706
2026-09-11 10:32:08,207 INFO o.a.j.t.JMeterThread: Thread is done: 多用户下单 2-449
2026-09-11 10:32:08,207 INFO o.a.j.t.JMeterThread: Thread started: 多用户下单 2-707
2026-09-11 10:32:08,207 INFO o.a.j.t.JMeterThread: Thread is done: 多用户下单 2-450
2026-09-11 10:32:08,207 INFO o.a.j.t.JMeterThread: Thread finished: 多用户下单 2-449
2026-09-11 10:32:08,208 INFO o.a.j.t.JMeterThread: Thread finished: 多用户下单 2-450
2026-09-11 10:32:08,207 INFO o.a.j.t.JMeterThread: Thread is done: 多用户下单 2-454
2026-09-11 10:32:08,208 INFO o.a.j.t.JMeterThread: Thread is done: 多用户下单 2-451
2026-09-11 10:32:08,208 INFO o.a.j.t.JMeterThread: Thread finished: 多用户下单 2-451
2026-09-11 10:32:08,208 INFO o.a.j.t.JMeterThread: Thread finished: 多用户下单 2-454
2026-09-11 10:32:08,208 INFO o.a.j.t.JMeterThread: Thread started: 多用户下单 2-708
2026-09-11 10:32:08,208 INFO o.a.j.t.JMeterThread: Thread started: 多用户下单 2-709
2026-09-11 10:32:08,209 INFO o.a.j.t.JMeterThread: Thread is done: 多用户下单 2-455
2026-09-11 10:32:08,209 INFO o.a.j.t.JMeterThread: Thread is done: 多用户下单 2-453
2026-09-11 10:32:08,209 INFO o.a.j.t.JMeterThread: Thread finished: 多用户下单 2-455
2026-09-11 10:32:08,209 INFO o.a.j.t.JMeterThread: Thread started: 多用户下单 2-710
2026-09-11 10:32:08,209 INFO o.a.j.t.JMeterThread: Thread finished: 多用户下单 2-453
2026-09-11 10:32:08,209 INFO o.a.j.t.JMeterThread: Thread is done: 多用户下单 2-452
2026-09-11 10:32:08,209 INFO o.a.j.t.JMeterThread: Thread finished: 多用户下单 2-452
2026-09-11 10:32:08,209 INFO o.a.j.t.JMeterThread: Thread started: 多用户下单 2-711
2026-09-11 10:32:08,210 INFO o.a.j.t.JMeterThread: Thread started: 多用户下单 2-712
2026-09-11 10:32:08,211 INFO o.a.j.t.JMeterThread: Thread is done: 多用户下单 2-456
2026-09-11 10:32:08,211 INFO o.a.j.t.JMeterThread: Thread started: 多用户下单 2-713
2026-09-11 10:32:08,211 INFO o.a.j.t.JMeterThread: Thread finished: 多用户下单 2-456
2026-09-11 10:32:08,211 INFO o.a.j.t.JMeterThread: Thread is done: 多用户下单 2-457
2026-09-11 10:32:08,211 INFO o.a.j.t.JMeterThread: Thread finished: 多用户下单 2-457
2026-09-11 10:32:08,211 INFO o.a.j.t.JMeterThread: Thread started: 多用户下单 2-714
2026-09-11 10:32:08,211 INFO o.a.j.t.JMeterThread: Thread started: 多用户下单 2-715
2026-09-11 10:32:08,213 INFO o.a.j.t.JMeterThread: Thread started: 多用户下单 2-716
2026-09-11 10:32:08,213 INFO o.a.j.t.JMeterThread: Thread is done: 多用户下单 2-459
2026-09-11 10:32:08,213 INFO o.a.j.t.JMeterThread: Thread finished: 多用户下单 2-459
2026-09-11 10:32:08,213 INFO o.a.j.t.JMeterThread: Thread is done: 多用户下单 2-458
2026-09-11 10:32:08,213 INFO o.a.j.t.JMeterThread: Thread finished: 多用户下单 2-458
2026-09-11 10:32:08,213 INFO o.a.j.t.JMeterThread: Thread started: 多用户下单 2-717
2026-09-11 10:32:08,213 INFO o.a.j.t.JMeterThread: Thread is done: 多用户下单 2-460
2026-09-11 10:32:08,213 INFO o.a.j.t.JMeterThread: Thread finished: 多用户下单 2-460
2026-09-11 10:32:08,213 INFO o.a.j.t.JMeterThread: Thread started: 多用户下单 2-718
2026-09-11 10:32:08,214 INFO o.a.j.t.JMeterThread: Thread started: 多用户下单 2-719
2026-09-11 10:32:08,214 INFO o.a.j.t.JMeterThread: Thread started: 多用户下单 2-720
2026-09-11 10:32:08,215 INFO o.a.j.t.JMeterThread: Thread is done: 多用户下单 2-461
2026-09-11 10:32:08,215 INFO o.a.j.t.JMeterThread: Thread finished: 多用户下单 2-461
2026-09-11 10:32:08,215 INFO o.a.j.t.JMeterThread: Thread started: 多用户下单 2-721
2026-09-11 10:32:08,216 INFO o.a.j.t.JMeterThread: Thread started: 多用户下单 2-722
2026-09-11 10:32:08,216 INFO o.a.j.t.JMeterThread: Thread is done: 多用户下单 2-462
2026-09-11 10:32:08,216 INFO o.a.j.t.JMeterThread: Thread finished: 多用户下单 2-462
2026-09-11 10:32:08,217 INFO o.a.j.t.JMeterThread: Thread started: 多用户下单 2-723
2026-09-11 10:32:08,217 INFO o.a.j.t.JMeterThread: Thread is done: 多用户下单 2-463
2026-09-11 10:32:08,217 INFO o.a.j.t.JMeterThread: Thread finished: 多用户下单 2-463
2026-09-11 10:32:08,232 INFO o.a.j.t.JMeterThread: Thread started: 多用户下单 2-725
2026-09-11 10:32:08,232 INFO o.a.j.t.JMeterThread: Thread started: 多用户下单 2-724
2026-09-11 10:32:08,233 INFO o.a.j.t.JMeterThread: Thread is done: 多用户下单 2-465
2026-09-11 10:32:08,233 INFO o.a.j.t.JMeterThread: Thread is done: 多用户下单 2-466
2026-09-11 10:32:08,233 INFO o.a.j.t.JMeterThread: Thread is done: 多用户下单 2-469
2026-09-11 10:32:08,233 INFO o.a.j.t.JMeterThread: Thread finished: 多用户下单 2-466
2026-09-11 10:32:08,233 INFO o.a.j.t.JMeterThread: Thread is done: 多用户下单 2-464
2026-09-11 10:32:08,233 INFO o.a.j.t.JMeterThread: Thread finished: 多用户下单 2-469
2026-09-11 10:32:08,233 INFO o.a.j.t.JMeterThread: Thread is done: 多用户下单 2-470
2026-09-11 10:32:08,233 INFO o.a.j.t.JMeterThread: Thread finished: 多用户下单 2-470
2026-09-11 10:32:08,233 INFO o.a.j.t.JMeterThread: Thread is done: 多用户下单 2-479
2026-09-11 10:32:08,233 INFO o.a.j.t.JMeterThread: Thread is done: 多用户下单 2-472
2026-09-11 10:32:08,233 INFO o.a.j.t.JMeterThread: Thread finished: 多用户下单 2-479
2026-09-11 10:32:08,233 INFO o.a.j.t.JMeterThread: Thread finished: 多用户下单 2-472
2026-09-11 10:32:08,233 INFO o.a.j.t.JMeterThread: Thread is done: 多用户下单 2-468
2026-09-11 10:32:08,233 INFO o.a.j.t.JMeterThread: Thread is done: 多用户下单 2-474
2026-09-11 10:32:08,233 INFO o.a.j.t.JMeterThread: Thread is done: 多用户下单 2-467
2026-09-11 10:32:08,233 INFO o.a.j.t.JMeterThread: Thread is done: 多用户下单 2-471
2026-09-11 10:32:08,233 INFO o.a.j.t.JMeterThread: Thread finished: 多用户下单 2-467
2026-09-11 10:32:08,233 INFO o.a.j.t.JMeterThread: Thread finished: 多用户下单 2-474
2026-09-11 10:32:08,233 INFO o.a.j.t.JMeterThread: Thread is done: 多用户下单 2-475
2026-09-11 10:32:08,233 INFO o.a.j.t.JMeterThread: Thread started: 多用户下单 2-726
2026-09-11 10:32:08,233 INFO o.a.j.t.JMeterThread: Thread is done: 多用户下单 2-477
2026-09-11 10:32:08,233 INFO o.a.j.t.JMeterThread: Thread is done: 多用户下单 2-473
2026-09-11 10:32:08,233 INFO o.a.j.t.JMeterThread: Thread is done: 多用户下单 2-478
2026-09-11 10:32:08,233 INFO o.a.j.t.JMeterThread: Thread is done: 多用户下单 2-476
2026-09-11 10:32:08,233 INFO o.a.j.t.JMeterThread: Thread finished: 多用户下单 2-478
2026-09-11 10:32:08,233 INFO o.a.j.t.JMeterThread: Thread finished: 多用户下单 2-465
2026-09-11 10:32:08,233 INFO o.a.j.t.JMeterThread: Thread is done: 多用户下单 2-483
2026-09-11 10:32:08,233 INFO o.a.j.t.JMeterThread: Thread finished: 多用户下单 2-476
2026-09-11 10:32:08,233 INFO o.a.j.t.JMeterThread: Thread finished: 多用户下单 2-464
2026-09-11 10:32:08,233 INFO o.a.j.t.JMeterThread: Thread started: 多用户下单 2-727
2026-09-11 10:32:08,233 INFO o.a.j.t.JMeterThread: Thread is done: 多用户下单 2-482
2026-09-11 10:32:08,233 INFO o.a.j.t.JMeterThread: Thread finished: 多用户下单 2-473
2026-09-11 10:32:08,234 INFO o.a.j.t.JMeterThread: Thread finished: 多用户下单 2-482
2026-09-11 10:32:08,233 INFO o.a.j.t.JMeterThread: Thread finished: 多用户下单 2-477
2026-09-11 10:32:08,233 INFO o.a.j.t.JMeterThread: Thread is done: 多用户下单 2-481
2026-09-11 10:32:08,234 INFO o.a.j.t.JMeterThread: Thread finished: 多用户下单 2-481
2026-09-11 10:32:08,234 INFO o.a.j.t.JMeterThread: Thread finished: 多用户下单 2-475
2026-09-11 10:32:08,233 INFO o.a.j.t.JMeterThread: Thread finished: 多用户下单 2-468
2026-09-11 10:32:08,235 INFO o.a.j.t.JMeterThread: Thread finished: 多用户下单 2-471
2026-09-11 10:32:08,234 INFO o.a.j.t.JMeterThread: Thread is done: 多用户下单 2-480
2026-09-11 10:32:08,234 INFO o.a.j.t.JMeterThread: Thread finished: 多用户下单 2-483
2026-09-11 10:32:08,235 INFO o.a.j.t.JMeterThread: Thread finished: 多用户下单 2-480
2026-09-11 10:32:08,235 INFO o.a.j.t.JMeterThread: Thread started: 多用户下单 2-728
2026-09-11 10:32:08,235 INFO o.a.j.t.JMeterThread: Thread is done: 多用户下单 2-484
2026-09-11 10:32:08,235 INFO o.a.j.t.JMeterThread: Thread finished: 多用户下单 2-484
2026-09-11 10:32:08,237 INFO o.a.j.t.JMeterThread: Thread started: 多用户下单 2-729
2026-09-11 10:32:08,237 INFO o.a.j.t.JMeterThread: Thread started: 多用户下单 2-730
2026-09-11 10:32:08,238 INFO o.a.j.t.JMeterThread: Thread started: 多用户下单 2-731
2026-09-11 10:32:08,239 INFO o.a.j.t.JMeterThread: Thread started: 多用户下单 2-732
2026-09-11 10:32:08,239 INFO o.a.j.t.JMeterThread: Thread is done: 多用户下单 2-485
2026-09-11 10:32:08,239 INFO o.a.j.t.JMeterThread: Thread finished: 多用户下单 2-485
2026-09-11 10:32:08,240 INFO o.a.j.t.JMeterThread: Thread started: 多用户下单 2-733
2026-09-11 10:32:08,240 INFO o.a.j.t.JMeterThread: Thread started: 多用户下单 2-734
2026-09-11 10:32:08,241 INFO o.a.j.t.JMeterThread: Thread started: 多用户下单 2-735
2026-09-11 10:32:08,241 INFO o.a.j.t.JMeterThread: Thread is done: 多用户下单 2-489
2026-09-11 10:32:08,241 INFO o.a.j.t.JMeterThread: Thread finished: 多用户下单 2-489
2026-09-11 10:32:08,241 INFO o.a.j.t.JMeterThread: Thread is done: 多用户下单 2-487
2026-09-11 10:32:08,241 INFO o.a.j.t.JMeterThread: Thread finished: 多用户下单 2-487
2026-09-11 10:32:08,241 INFO o.a.j.t.JMeterThread: Thread started: 多用户下单 2-736
2026-09-11 10:32:08,242 INFO o.a.j.t.JMeterThread: Thread started: 多用户下单 2-737
2026-09-11 10:32:08,242 INFO o.a.j.t.JMeterThread: Thread started: 多用户下单 2-738
2026-09-11 10:32:08,243 INFO o.a.j.t.JMeterThread: Thread started: 多用户下单 2-739
2026-09-11 10:32:08,244 INFO o.a.j.t.JMeterThread: Thread is done: 多用户下单 2-486
2026-09-11 10:32:08,244 INFO o.a.j.t.JMeterThread: Thread started: 多用户下单 2-740
2026-09-11 10:32:08,244 INFO o.a.j.t.JMeterThread: Thread finished: 多用户下单 2-486
2026-09-11 10:32:08,244 INFO o.a.j.t.JMeterThread: Thread is done: 多用户下单 2-488
2026-09-11 10:32:08,244 INFO o.a.j.t.JMeterThread: Thread finished: 多用户下单 2-488
2026-09-11 10:32:08,245 INFO o.a.j.t.JMeterThread: Thread started: 多用户下单 2-741
2026-09-11 10:32:08,245 INFO o.a.j.t.JMeterThread: Thread started: 多用户下单 2-742
2026-09-11 10:32:08,245 INFO o.a.j.t.JMeterThread: Thread is done: 多用户下单 2-495
2026-09-11 10:32:08,245 INFO o.a.j.t.JMeterThread: Thread finished: 多用户下单 2-495
2026-09-11 10:32:08,245 INFO o.a.j.t.JMeterThread: Thread is done: 多用户下单 2-493
2026-09-11 10:32:08,245 INFO o.a.j.t.JMeterThread: Thread finished: 多用户下单 2-493
2026-09-11 10:32:08,246 INFO o.a.j.t.JMeterThread: Thread is done: 多用户下单 2-490
2026-09-11 10:32:08,246 INFO o.a.j.t.JMeterThread: Thread finished: 多用户下单 2-490
2026-09-11 10:32:08,246 INFO o.a.j.t.JMeterThread: Thread started: 多用户下单 2-743
2026-09-11 10:32:08,246 INFO o.a.j.t.JMeterThread: Thread is done: 多用户下单 2-491
2026-09-11 10:32:08,246 INFO o.a.j.t.JMeterThread: Thread finished: 多用户下单 2-491
2026-09-11 10:32:08,246 INFO o.a.j.t.JMeterThread: Thread is done: 多用户下单 2-492
2026-09-11 10:32:08,246 INFO o.a.j.t.JMeterThread: Thread finished: 多用户下单 2-492
2026-09-11 10:32:08,246 INFO o.a.j.t.JMeterThread: Thread started: 多用户下单 2-744
2026-09-11 10:32:08,246 INFO o.a.j.t.JMeterThread: Thread is done: 多用户下单 2-494
2026-09-11 10:32:08,246 INFO o.a.j.t.JMeterThread: Thread finished: 多用户下单 2-494
2026-09-11 10:32:08,247 INFO o.a.j.t.JMeterThread: Thread is done: 多用户下单 2-497
2026-09-11 10:32:08,247 INFO o.a.j.t.JMeterThread: Thread finished: 多用户下单 2-497
2026-09-11 10:32:08,247 INFO o.a.j.t.JMeterThread: Thread started: 多用户下单 2-745
2026-09-11 10:32:08,247 INFO o.a.j.t.JMeterThread: Thread is done: 多用户下单 2-496
2026-09-11 10:32:08,248 INFO o.a.j.t.JMeterThread: Thread finished: 多用户下单 2-496
2026-09-11 10:32:08,248 INFO o.a.j.t.JMeterThread: Thread started: 多用户下单 2-746
2026-09-11 10:32:08,249 INFO o.a.j.t.JMeterThread: Thread is done: 多用户下单 2-498
2026-09-11 10:32:08,249 INFO o.a.j.t.JMeterThread: Thread is done: 多用户下单 2-499
2026-09-11 10:32:08,249 INFO o.a.j.t.JMeterThread: Thread finished: 多用户下单 2-498
2026-09-11 10:32:08,249 INFO o.a.j.t.JMeterThread: Thread finished: 多用户下单 2-499
2026-09-11 10:32:08,249 INFO o.a.j.t.JMeterThread: Thread started: 多用户下单 2-747
2026-09-11 10:32:08,249 INFO o.a.j.t.JMeterThread: Thread started: 多用户下单 2-748
2026-09-11 10:32:08,250 INFO o.a.j.t.JMeterThread: Thread started: 多用户下单 2-749
2026-09-11 10:32:08,250 INFO o.a.j.t.JMeterThread: Thread is done: 多用户下单 2-502
2026-09-11 10:32:08,250 INFO o.a.j.t.JMeterThread: Thread finished: 多用户下单 2-502
2026-09-11 10:32:08,251 INFO o.a.j.t.JMeterThread: Thread started: 多用户下单 2-750
2026-09-11 10:32:08,251 INFO o.a.j.t.JMeterThread: Thread started: 多用户下单 2-751
2026-09-11 10:32:08,252 INFO o.a.j.t.JMeterThread: Thread started: 多用户下单 2-752
2026-09-11 10:32:08,253 INFO o.a.j.t.JMeterThread: Thread is done: 多用户下单 2-500
2026-09-11 10:32:08,253 INFO o.a.j.t.JMeterThread: Thread finished: 多用户下单 2-500
2026-09-11 10:32:08,253 INFO o.a.j.t.JMeterThread: Thread started: 多用户下单 2-753
2026-09-11 10:32:08,253 INFO o.a.j.t.JMeterThread: Thread started: 多用户下单 2-754
2026-09-11 10:32:08,253 INFO o.a.j.t.JMeterThread: Thread is done: 多用户下单 2-501
2026-09-11 10:32:08,253 INFO o.a.j.t.JMeterThread: Thread finished: 多用户下单 2-501
2026-09-11 10:32:08,254 INFO o.a.j.t.JMeterThread: Thread started: 多用户下单 2-755
2026-09-11 10:32:08,254 INFO o.a.j.t.JMeterThread: Thread started: 多用户下单 2-756
2026-09-11 10:32:08,255 INFO o.a.j.t.JMeterThread: Thread started: 多用户下单 2-757
2026-09-11 10:32:08,255 INFO o.a.j.t.JMeterThread: Thread started: 多用户下单 2-758
2026-09-11 10:32:08,256 INFO o.a.j.t.JMeterThread: Thread started: 多用户下单 2-759
2026-09-11 10:32:08,256 INFO o.a.j.t.JMeterThread: Thread started: 多用户下单 2-760
2026-09-11 10:32:08,257 INFO o.a.j.t.JMeterThread: Thread is done: 多用户下单 2-505
2026-09-11 10:32:08,257 INFO o.a.j.t.JMeterThread: Thread is done: 多用户下单 2-503
2026-09-11 10:32:08,257 INFO o.a.j.t.JMeterThread: Thread finished: 多用户下单 2-505
2026-09-11 10:32:08,257 INFO o.a.j.t.JMeterThread: Thread finished: 多用户下单 2-503
2026-09-11 10:32:08,257 INFO o.a.j.t.JMeterThread: Thread is done: 多用户下单 2-504
2026-09-11 10:32:08,257 INFO o.a.j.t.JMeterThread: Thread finished: 多用户下单 2-504
2026-09-11 10:32:08,257 INFO o.a.j.t.JMeterThread: Thread started: 多用户下单 2-761
2026-09-11 10:32:08,258 INFO o.a.j.t.JMeterThread: Thread is done: 多用户下单 2-506
2026-09-11 10:32:08,258 INFO o.a.j.t.JMeterThread: Thread finished: 多用户下单 2-506
2026-09-11 10:32:08,259 INFO o.a.j.t.JMeterThread: Thread started: 多用户下单 2-762
2026-09-11 10:32:08,259 INFO o.a.j.t.JMeterThread: Thread started: 多用户下单 2-763
2026-09-11 10:32:08,259 INFO o.a.j.t.JMeterThread: Thread is done: 多用户下单 2-507
2026-09-11 10:32:08,259 INFO o.a.j.t.JMeterThread: Thread finished: 多用户下单 2-507
2026-09-11 10:32:08,259 INFO o.a.j.t.JMeterThread: Thread is done: 多用户下单 2-509
2026-09-11 10:32:08,259 INFO o.a.j.t.JMeterThread: Thread started: 多用户下单 2-764
2026-09-11 10:32:08,260 INFO o.a.j.t.JMeterThread: Thread finished: 多用户下单 2-509
2026-09-11 10:32:08,260 INFO o.a.j.t.JMeterThread: Thread started: 多用户下单 2-765
2026-09-11 10:32:08,261 INFO o.a.j.t.JMeterThread: Thread started: 多用户下单 2-766
2026-09-11 10:32:08,262 INFO o.a.j.t.JMeterThread: Thread started: 多用户下单 2-767
2026-09-11 10:32:08,262 INFO o.a.j.t.JMeterThread: Thread is done: 多用户下单 2-512
2026-09-11 10:32:08,262 INFO o.a.j.t.JMeterThread: Thread finished: 多用户下单 2-512
2026-09-11 10:32:08,263 INFO o.a.j.t.JMeterThread: Thread started: 多用户下单 2-768
2026-09-11 10:32:08,263 INFO o.a.j.t.JMeterThread: Thread started: 多用户下单 2-769
2026-09-11 10:32:08,263 INFO o.a.j.t.JMeterThread: Thread is done: 多用户下单 2-508
2026-09-11 10:32:08,263 INFO o.a.j.t.JMeterThread: Thread finished: 多用户下单 2-508
2026-09-11 10:32:08,263 INFO o.a.j.t.JMeterThread: Thread is done: 多用户下单 2-510
2026-09-11 10:32:08,263 INFO o.a.j.t.JMeterThread: Thread finished: 多用户下单 2-510
2026-09-11 10:32:08,263 INFO o.a.j.t.JMeterThread: Thread started: 多用户下单 2-770
2026-09-11 10:32:08,264 INFO o.a.j.t.JMeterThread: Thread is done: 多用户下单 2-511
2026-09-11 10:32:08,264 INFO o.a.j.t.JMeterThread: Thread finished: 多用户下单 2-511
2026-09-11 10:32:08,264 INFO o.a.j.t.JMeterThread: Thread started: 多用户下单 2-771
2026-09-11 10:32:08,265 INFO o.a.j.t.JMeterThread: Thread is done: 多用户下单 2-514
2026-09-11 10:32:08,265 INFO o.a.j.t.JMeterThread: Thread finished: 多用户下单 2-514
2026-09-11 10:32:08,265 INFO o.a.j.t.JMeterThread: Thread started: 多用户下单 2-772
2026-09-11 10:32:08,265 INFO o.a.j.t.JMeterThread: Thread is done: 多用户下单 2-515
2026-09-11 10:32:08,265 INFO o.a.j.t.JMeterThread: Thread finished: 多用户下单 2-515
2026-09-11 10:32:08,265 INFO o.a.j.t.JMeterThread: Thread is done: 多用户下单 2-513
2026-09-11 10:32:08,265 INFO o.a.j.t.JMeterThread: Thread finished: 多用户下单 2-513
2026-09-11 10:32:08,266 INFO o.a.j.t.JMeterThread: Thread started: 多用户下单 2-773
2026-09-11 10:32:08,266 INFO o.a.j.t.JMeterThread: Thread started: 多用户下单 2-774
2026-09-11 10:32:08,266 INFO o.a.j.t.JMeterThread: Thread is done: 多用户下单 2-517
2026-09-11 10:32:08,266 INFO o.a.j.t.JMeterThread: Thread finished: 多用户下单 2-517
2026-09-11 10:32:08,266 INFO o.a.j.t.JMeterThread: Thread is done: 多用户下单 2-516
2026-09-11 10:32:08,267 INFO o.a.j.t.JMeterThread: Thread finished: 多用户下单 2-516
2026-09-11 10:32:08,267 INFO o.a.j.t.JMeterThread: Thread started: 多用户下单 2-775
2026-09-11 10:32:08,267 INFO o.a.j.t.JMeterThread: Thread started: 多用户下单 2-776
2026-09-11 10:32:08,267 INFO o.a.j.t.JMeterThread: Thread is done: 多用户下单 2-518
2026-09-11 10:32:08,267 INFO o.a.j.t.JMeterThread: Thread finished: 多用户下单 2-518
2026-09-11 10:32:08,268 INFO o.a.j.t.JMeterThread: Thread started: 多用户下单 2-777
2026-09-11 10:32:08,268 INFO o.a.j.t.JMeterThread: Thread is done: 多用户下单 2-519
2026-09-11 10:32:08,268 INFO o.a.j.t.JMeterThread: Thread finished: 多用户下单 2-519
2026-09-11 10:32:08,268 INFO o.a.j.t.JMeterThread: Thread is done: 多用户下单 2-520
2026-09-11 10:32:08,269 INFO o.a.j.t.JMeterThread: Thread finished: 多用户下单 2-520
2026-09-11 10:32:08,269 INFO o.a.j.t.JMeterThread: Thread started: 多用户下单 2-778
2026-09-11 10:32:08,269 INFO o.a.j.t.JMeterThread: Thread is done: 多用户下单 2-521
2026-09-11 10:32:08,269 INFO o.a.j.t.JMeterThread: Thread started: 多用户下单 2-779
2026-09-11 10:32:08,269 INFO o.a.j.t.JMeterThread: Thread finished: 多用户下单 2-521
2026-09-11 10:32:08,269 INFO o.a.j.t.JMeterThread: Thread is done: 多用户下单 2-523
2026-09-11 10:32:08,269 INFO o.a.j.t.JMeterThread: Thread finished: 多用户下单 2-523
2026-09-11 10:32:08,269 INFO o.a.j.t.JMeterThread: Thread is done: 多用户下单 2-522
2026-09-11 10:32:08,270 INFO o.a.j.t.JMeterThread: Thread started: 多用户下单 2-780
2026-09-11 10:32:08,270 INFO o.a.j.t.JMeterThread: Thread finished: 多用户下单 2-522
2026-09-11 10:32:08,270 INFO o.a.j.t.JMeterThread: Thread started: 多用户下单 2-781
2026-09-11 10:32:08,271 INFO o.a.j.t.JMeterThread: Thread is done: 多用户下单 2-524
2026-09-11 10:32:08,271 INFO o.a.j.t.JMeterThread: Thread finished: 多用户下单 2-524
2026-09-11 10:32:08,271 INFO o.a.j.t.JMeterThread: Thread started: 多用户下单 2-782
2026-09-11 10:32:08,271 INFO o.a.j.t.JMeterThread: Thread started: 多用户下单 2-783
2026-09-11 10:32:08,271 INFO o.a.j.t.JMeterThread: Thread started: 多用户下单 2-784
2026-09-11 10:32:08,272 INFO o.a.j.t.JMeterThread: Thread started: 多用户下单 2-785
2026-09-11 10:32:08,273 INFO o.a.j.t.JMeterThread: Thread started: 多用户下单 2-786
2026-09-11 10:32:08,273 INFO o.a.j.t.JMeterThread: Thread is done: 多用户下单 2-526
2026-09-11 10:32:08,273 INFO o.a.j.t.JMeterThread: Thread finished: 多用户下单 2-526
2026-09-11 10:32:08,274 INFO o.a.j.t.JMeterThread: Thread started: 多用户下单 2-787
2026-09-11 10:32:08,274 INFO o.a.j.t.JMeterThread: Thread is done: 多用户下单 2-527
2026-09-11 10:32:08,274 INFO o.a.j.t.JMeterThread: Thread is done: 多用户下单 2-525
2026-09-11 10:32:08,274 INFO o.a.j.t.JMeterThread: Thread finished: 多用户下单 2-527
2026-09-11 10:32:08,274 INFO o.a.j.t.JMeterThread: Thread finished: 多用户下单 2-525
2026-09-11 10:32:08,274 INFO o.a.j.t.JMeterThread: Thread is done: 多用户下单 2-528
2026-09-11 10:32:08,275 INFO o.a.j.t.JMeterThread: Thread finished: 多用户下单 2-528
2026-09-11 10:32:08,275 INFO o.a.j.t.JMeterThread: Thread started: 多用户下单 2-788
2026-09-11 10:32:08,275 INFO o.a.j.t.JMeterThread: Thread started: 多用户下单 2-789
2026-09-11 10:32:08,275 INFO o.a.j.t.JMeterThread: Thread is done: 多用户下单 2-530
2026-09-11 10:32:08,275 INFO o.a.j.t.JMeterThread: Thread finished: 多用户下单 2-530
2026-09-11 10:32:08,276 INFO o.a.j.t.JMeterThread: Thread started: 多用户下单 2-790
2026-09-11 10:32:08,276 INFO o.a.j.t.JMeterThread: Thread is done: 多用户下单 2-529
2026-09-11 10:32:08,276 INFO o.a.j.t.JMeterThread: Thread finished: 多用户下单 2-529
2026-09-11 10:32:08,276 INFO o.a.j.t.JMeterThread: Thread started: 多用户下单 2-791
2026-09-11 10:32:08,276 INFO o.a.j.t.JMeterThread: Thread is done: 多用户下单 2-531
2026-09-11 10:32:08,276 INFO o.a.j.t.JMeterThread: Thread finished: 多用户下单 2-531
2026-09-11 10:32:08,277 INFO o.a.j.t.JMeterThread: Thread started: 多用户下单 2-792
2026-09-11 10:32:08,277 INFO o.a.j.t.JMeterThread: Thread is done: 多用户下单 2-533
2026-09-11 10:32:08,277 INFO o.a.j.t.JMeterThread: Thread finished: 多用户下单 2-533
2026-09-11 10:32:08,277 INFO o.a.j.t.JMeterThread: Thread started: 多用户下单 2-793
2026-09-11 10:32:08,278 INFO o.a.j.t.JMeterThread: Thread is done: 多用户下单 2-532
2026-09-11 10:32:08,278 INFO o.a.j.t.JMeterThread: Thread finished: 多用户下单 2-532
2026-09-11 10:32:08,278 INFO o.a.j.t.JMeterThread: Thread is done: 多用户下单 2-535
2026-09-11 10:32:08,278 INFO o.a.j.t.JMeterThread: Thread finished: 多用户下单 2-535
2026-09-11 10:32:08,278 INFO o.a.j.t.JMeterThread: Thread started: 多用户下单 2-794
2026-09-11 10:32:08,278 INFO o.a.j.t.JMeterThread: Thread is done: 多用户下单 2-534
2026-09-11 10:32:08,278 INFO o.a.j.t.JMeterThread: Thread finished: 多用户下单 2-534
2026-09-11 10:32:08,278 INFO o.a.j.t.JMeterThread: Thread started: 多用户下单 2-795
2026-09-11 10:32:08,279 INFO o.a.j.t.JMeterThread: Thread is done: 多用户下单 2-790
2026-09-11 10:32:08,279 INFO o.a.j.t.JMeterThread: Thread is done: 多用户下单 2-791
2026-09-11 10:32:08,279 INFO o.a.j.t.JMeterThread: Thread finished: 多用户下单 2-790
2026-09-11 10:32:08,279 INFO o.a.j.t.JMeterThread: Thread finished: 多用户下单 2-791
2026-09-11 10:32:08,280 INFO o.a.j.t.JMeterThread: Thread is done: 多用户下单 2-536
2026-09-11 10:32:08,280 INFO o.a.j.t.JMeterThread: Thread is done: 多用户下单 2-537
2026-09-11 10:32:08,280 INFO o.a.j.t.JMeterThread: Thread finished: 多用户下单 2-536
2026-09-11 10:32:08,280 INFO o.a.j.t.JMeterThread: Thread finished: 多用户下单 2-537
2026-09-11 10:32:08,280 INFO o.a.j.t.JMeterThread: Thread started: 多用户下单 2-796
2026-09-11 10:32:08,280 INFO o.a.j.t.JMeterThread: Thread is done: 多用户下单 2-792
2026-09-11 10:32:08,280 INFO o.a.j.t.JMeterThread: Thread finished: 多用户下单 2-792
2026-09-11 10:32:08,280 INFO o.a.j.t.JMeterThread: Thread is done: 多用户下单 2-539
2026-09-11 10:32:08,280 INFO o.a.j.t.JMeterThread: Thread finished: 多用户下单 2-539
2026-09-11 10:32:08,280 INFO o.a.j.t.JMeterThread: Thread is done: 多用户下单 2-793
2026-09-11 10:32:08,280 INFO o.a.j.t.JMeterThread: Thread started: 多用户下单 2-797
2026-09-11 10:32:08,280 INFO o.a.j.t.JMeterThread: Thread finished: 多用户下单 2-793
2026-09-11 10:32:08,281 INFO o.a.j.t.JMeterThread: Thread started: 多用户下单 2-798
2026-09-11 10:32:08,282 INFO o.a.j.t.JMeterThread: Thread is done: 多用户下单 2-794
2026-09-11 10:32:08,282 INFO o.a.j.t.JMeterThread: Thread finished: 多用户下单 2-794
2026-09-11 10:32:08,282 INFO o.a.j.t.JMeterThread: Thread is done: 多用户下单 2-538
2026-09-11 10:32:08,282 INFO o.a.j.t.JMeterThread: Thread finished: 多用户下单 2-538
2026-09-11 10:32:08,282 INFO o.a.j.t.JMeterThread: Thread started: 多用户下单 2-799
2026-09-11 10:32:08,282 INFO o.a.j.t.JMeterThread: Thread is done: 多用户下单 2-795
2026-09-11 10:32:08,282 INFO o.a.j.t.JMeterThread: Thread is done: 多用户下单 2-541
2026-09-11 10:32:08,282 INFO o.a.j.t.JMeterThread: Thread finished: 多用户下单 2-541
2026-09-11 10:32:08,282 INFO o.a.j.t.JMeterThread: Thread finished: 多用户下单 2-795
2026-09-11 10:32:08,283 INFO o.a.j.t.JMeterThread: Thread started: 多用户下单 2-800
2026-09-11 10:32:08,283 INFO o.a.j.t.JMeterThread: Thread is done: 多用户下单 2-540
2026-09-11 10:32:08,283 INFO o.a.j.t.JMeterThread: Thread finished: 多用户下单 2-540
2026-09-11 10:32:08,283 INFO o.a.j.t.JMeterThread: Thread is done: 多用户下单 2-542
2026-09-11 10:32:08,283 INFO o.a.j.t.JMeterThread: Thread finished: 多用户下单 2-542
2026-09-11 10:32:08,283 INFO o.a.j.t.JMeterThread: Thread started: 多用户下单 2-801
2026-09-11 10:32:08,283 INFO o.a.j.t.JMeterThread: Thread is done: 多用户下单 2-544
2026-09-11 10:32:08,283 INFO o.a.j.t.JMeterThread: Thread finished: 多用户下单 2-544
2026-09-11 10:32:08,283 INFO o.a.j.t.JMeterThread: Thread is done: 多用户下单 2-796
2026-09-11 10:32:08,283 INFO o.a.j.t.JMeterThread: Thread finished: 多用户下单 2-796
2026-09-11 10:32:08,284 INFO o.a.j.t.JMeterThread: Thread is done: 多用户下单 2-797
2026-09-11 10:32:08,284 INFO o.a.j.t.JMeterThread: Thread finished: 多用户下单 2-797
2026-09-11 10:32:08,284 INFO o.a.j.t.JMeterThread: Thread started: 多用户下单 2-802
2026-09-11 10:32:08,284 INFO o.a.j.t.JMeterThread: Thread is done: 多用户下单 2-543
2026-09-11 10:32:08,284 INFO o.a.j.t.JMeterThread: Thread finished: 多用户下单 2-543
2026-09-11 10:32:08,285 INFO o.a.j.t.JMeterThread: Thread is done: 多用户下单 2-798
2026-09-11 10:32:08,285 INFO o.a.j.t.JMeterThread: Thread finished: 多用户下单 2-798
2026-09-11 10:32:08,285 INFO o.a.j.t.JMeterThread: Thread started: 多用户下单 2-803
2026-09-11 10:32:08,285 INFO o.a.j.t.JMeterThread: Thread is done: 多用户下单 2-799
2026-09-11 10:32:08,285 INFO o.a.j.t.JMeterThread: Thread finished: 多用户下单 2-799
2026-09-11 10:32:08,286 INFO o.a.j.t.JMeterThread: Thread is done: 多用户下单 2-800
2026-09-11 10:32:08,286 INFO o.a.j.t.JMeterThread: Thread is done: 多用户下单 2-547
2026-09-11 10:32:08,286 INFO o.a.j.t.JMeterThread: Thread is done: 多用户下单 2-545
2026-09-11 10:32:08,286 INFO o.a.j.t.JMeterThread: Thread finished: 多用户下单 2-547
2026-09-11 10:32:08,286 INFO o.a.j.t.JMeterThread: Thread started: 多用户下单 2-804
2026-09-11 10:32:08,286 INFO o.a.j.t.JMeterThread: Thread finished: 多用户下单 2-800
2026-09-11 10:32:08,286 INFO o.a.j.t.JMeterThread: Thread is done: 多用户下单 2-548
2026-09-11 10:32:08,286 INFO o.a.j.t.JMeterThread: Thread finished: 多用户下单 2-545
2026-09-11 10:32:08,286 INFO o.a.j.t.JMeterThread: Thread finished: 多用户下单 2-548
2026-09-11 10:32:08,286 INFO o.a.j.t.JMeterThread: Thread is done: 多用户下单 2-801
2026-09-11 10:32:08,286 INFO o.a.j.t.JMeterThread: Thread finished: 多用户下单 2-801
2026-09-11 10:32:08,286 INFO o.a.j.t.JMeterThread: Thread started: 多用户下单 2-805
2026-09-11 10:32:08,286 INFO o.a.j.t.JMeterThread: Thread is done: 多用户下单 2-546
2026-09-11 10:32:08,286 INFO o.a.j.t.JMeterThread: Thread finished: 多用户下单 2-546
2026-09-11 10:32:08,287 INFO o.a.j.t.JMeterThread: Thread is done: 多用户下单 2-802
2026-09-11 10:32:08,287 INFO o.a.j.t.JMeterThread: Thread finished: 多用户下单 2-802
2026-09-11 10:32:08,287 INFO o.a.j.t.JMeterThread: Thread started: 多用户下单 2-806
2026-09-11 10:32:08,288 INFO o.a.j.t.JMeterThread: Thread started: 多用户下单 2-807
2026-09-11 10:32:08,288 INFO o.a.j.t.JMeterThread: Thread is done: 多用户下单 2-803
2026-09-11 10:32:08,288 INFO o.a.j.t.JMeterThread: Thread finished: 多用户下单 2-803
2026-09-11 10:32:08,289 INFO o.a.j.t.JMeterThread: Thread started: 多用户下单 2-808
2026-09-11 10:32:08,289 INFO o.a.j.t.JMeterThread: Thread is done: 多用户下单 2-550
2026-09-11 10:32:08,289 INFO o.a.j.t.JMeterThread: Thread finished: 多用户下单 2-550
2026-09-11 10:32:08,289 INFO o.a.j.t.JMeterThread: Thread is done: 多用户下单 2-804
2026-09-11 10:32:08,289 INFO o.a.j.t.JMeterThread: Thread started: 多用户下单 2-809
2026-09-11 10:32:08,289 INFO o.a.j.t.JMeterThread: Thread finished: 多用户下单 2-804
2026-09-11 10:32:08,289 INFO o.a.j.t.JMeterThread: Thread is done: 多用户下单 2-805
2026-09-11 10:32:08,289 INFO o.a.j.t.JMeterThread: Thread finished: 多用户下单 2-805
2026-09-11 10:32:08,290 INFO o.a.j.t.JMeterThread: Thread started: 多用户下单 2-810
2026-09-11 10:32:08,290 INFO o.a.j.t.JMeterThread: Thread is done: 多用户下单 2-806
2026-09-11 10:32:08,290 INFO o.a.j.t.JMeterThread: Thread is done: 多用户下单 2-552
2026-09-11 10:32:08,290 INFO o.a.j.t.JMeterThread: Thread finished: 多用户下单 2-806
2026-09-11 10:32:08,290 INFO o.a.j.t.JMeterThread: Thread is done: 多用户下单 2-549
2026-09-11 10:32:08,290 INFO o.a.j.t.JMeterThread: Thread finished: 多用户下单 2-552
2026-09-11 10:32:08,290 INFO o.a.j.t.JMeterThread: Thread finished: 多用户下单 2-549
2026-09-11 10:32:08,290 INFO o.a.j.t.JMeterThread: Thread started: 多用户下单 2-811
2026-09-11 10:32:08,290 INFO o.a.j.t.JMeterThread: Thread is done: 多用户下单 2-807
2026-09-11 10:32:08,290 INFO o.a.j.t.JMeterThread: Thread finished: 多用户下单 2-807
2026-09-11 10:32:08,290 INFO o.a.j.t.JMeterThread: Thread is done: 多用户下单 2-556
2026-09-11 10:32:08,291 INFO o.a.j.t.JMeterThread: Thread finished: 多用户下单 2-556
2026-09-11 10:32:08,291 INFO o.a.j.t.JMeterThread: Thread is done: 多用户下单 2-553
2026-09-11 10:32:08,291 INFO o.a.j.t.JMeterThread: Thread is done: 多用户下单 2-551
2026-09-11 10:32:08,291 INFO o.a.j.t.JMeterThread: Thread finished: 多用户下单 2-553
2026-09-11 10:32:08,291 INFO o.a.j.t.JMeterThread: Thread started: 多用户下单 2-812
2026-09-11 10:32:08,291 INFO o.a.j.t.JMeterThread: Thread finished: 多用户下单 2-551
2026-09-11 10:32:08,292 INFO o.a.j.t.JMeterThread: Thread is done: 多用户下单 2-554
2026-09-11 10:32:08,292 INFO o.a.j.t.JMeterThread: Thread finished: 多用户下单 2-554
2026-09-11 10:32:08,292 INFO o.a.j.t.JMeterThread: Thread started: 多用户下单 2-813
2026-09-11 10:32:08,292 INFO o.a.j.t.JMeterThread: Thread is done: 多用户下单 2-809
2026-09-11 10:32:08,292 INFO o.a.j.t.JMeterThread: Thread is done: 多用户下单 2-808
2026-09-11 10:32:08,292 INFO o.a.j.t.JMeterThread: Thread finished: 多用户下单 2-809
2026-09-11 10:32:08,292 INFO o.a.j.t.JMeterThread: Thread finished: 多用户下单 2-808
2026-09-11 10:32:08,292 INFO o.a.j.t.JMeterThread: Thread started: 多用户下单 2-814
2026-09-11 10:32:08,293 INFO o.a.j.t.JMeterThread: Thread is done: 多用户下单 2-810
2026-09-11 10:32:08,293 INFO o.a.j.t.JMeterThread: Thread finished: 多用户下单 2-810
2026-09-11 10:32:08,293 INFO o.a.j.t.JMeterThread: Thread started: 多用户下单 2-815
2026-09-11 10:32:08,293 INFO o.a.j.t.JMeterThread: Thread is done: 多用户下单 2-811
2026-09-11 10:32:08,293 INFO o.a.j.t.JMeterThread: Thread finished: 多用户下单 2-811
2026-09-11 10:32:08,293 INFO o.a.j.t.JMeterThread: Thread started: 多用户下单 2-816
2026-09-11 10:32:08,293 INFO o.a.j.t.JMeterThread: Thread is done: 多用户下单 2-812
2026-09-11 10:32:08,294 INFO o.a.j.t.JMeterThread: Thread finished: 多用户下单 2-812
2026-09-11 10:32:08,294 INFO o.a.j.t.JMeterThread: Thread is done: 多用户下单 2-558
2026-09-11 10:32:08,294 INFO o.a.j.t.JMeterThread: Thread is done: 多用户下单 2-555
2026-09-11 10:32:08,294 INFO o.a.j.t.JMeterThread: Thread finished: 多用户下单 2-558
2026-09-11 10:32:08,294 INFO o.a.j.t.JMeterThread: Thread finished: 多用户下单 2-555
2026-09-11 10:32:08,294 INFO o.a.j.t.JMeterThread: Thread started: 多用户下单 2-817
2026-09-11 10:32:08,295 INFO o.a.j.t.JMeterThread: Thread started: 多用户下单 2-818
2026-09-11 10:32:08,295 INFO o.a.j.t.JMeterThread: Thread is done: 多用户下单 2-813
2026-09-11 10:32:08,295 INFO o.a.j.t.JMeterThread: Thread finished: 多用户下单 2-813
2026-09-11 10:32:08,295 INFO o.a.j.t.JMeterThread: Thread is done: 多用户下单 2-557
2026-09-11 10:32:08,295 INFO o.a.j.t.JMeterThread: Thread finished: 多用户下单 2-557
2026-09-11 10:32:08,295 INFO o.a.j.t.JMeterThread: Thread started: 多用户下单 2-819
2026-09-11 10:32:08,296 INFO o.a.j.t.JMeterThread: Thread is done: 多用户下单 2-814
2026-09-11 10:32:08,296 INFO o.a.j.t.JMeterThread: Thread is done: 多用户下单 2-815
2026-09-11 10:32:08,296 INFO o.a.j.t.JMeterThread: Thread finished: 多用户下单 2-814
2026-09-11 10:32:08,296 INFO o.a.j.t.JMeterThread: Thread finished: 多用户下单 2-815
2026-09-11 10:32:08,296 INFO o.a.j.t.JMeterThread: Thread is done: 多用户下单 2-562
2026-09-11 10:32:08,296 INFO o.a.j.t.JMeterThread: Thread started: 多用户下单 2-820
2026-09-11 10:32:08,296 INFO o.a.j.t.JMeterThread: Thread finished: 多用户下单 2-562
2026-09-11 10:32:08,297 INFO o.a.j.t.JMeterThread: Thread is done: 多用户下单 2-816
2026-09-11 10:32:08,297 INFO o.a.j.t.JMeterThread: Thread finished: 多用户下单 2-816
2026-09-11 10:32:08,297 INFO o.a.j.t.JMeterThread: Thread started: 多用户下单 2-821
2026-09-11 10:32:08,297 INFO o.a.j.t.JMeterThread: Thread is done: 多用户下单 2-561
2026-09-11 10:32:08,297 INFO o.a.j.t.JMeterThread: Thread is done: 多用户下单 2-817
2026-09-11 10:32:08,297 INFO o.a.j.t.JMeterThread: Thread is done: 多用户下单 2-560
2026-09-11 10:32:08,297 INFO o.a.j.t.JMeterThread: Thread is done: 多用户下单 2-559
2026-09-11 10:32:08,297 INFO o.a.j.t.JMeterThread: Thread finished: 多用户下单 2-561
2026-09-11 10:32:08,297 INFO o.a.j.t.JMeterThread: Thread finished: 多用户下单 2-559
2026-09-11 10:32:08,297 INFO o.a.j.t.JMeterThread: Thread finished: 多用户下单 2-817
2026-09-11 10:32:08,297 INFO o.a.j.t.JMeterThread: Thread finished: 多用户下单 2-560
2026-09-11 10:32:08,297 INFO o.a.j.t.JMeterThread: Thread started: 多用户下单 2-822
2026-09-11 10:32:08,298 INFO o.a.j.t.JMeterThread: Thread is done: 多用户下单 2-564
2026-09-11 10:32:08,298 INFO o.a.j.t.JMeterThread: Thread finished: 多用户下单 2-564
2026-09-11 10:32:08,298 INFO o.a.j.t.JMeterThread: Thread started: 多用户下单 2-823
2026-09-11 10:32:08,298 INFO o.a.j.t.JMeterThread: Thread is done: 多用户下单 2-818
2026-09-11 10:32:08,299 INFO o.a.j.t.JMeterThread: Thread finished: 多用户下单 2-818
2026-09-11 10:32:08,300 INFO o.a.j.t.JMeterThread: Thread is done: 多用户下单 2-566
2026-09-11 10:32:08,300 INFO o.a.j.t.JMeterThread: Thread is done: 多用户下单 2-819
2026-09-11 10:32:08,300 INFO o.a.j.t.JMeterThread: Thread is done: 多用户下单 2-820
2026-09-11 10:32:08,299 INFO o.a.j.t.JMeterThread: Thread started: 多用户下单 2-824
2026-09-11 10:32:08,300 INFO o.a.j.t.JMeterThread: Thread finished: 多用户下单 2-820
2026-09-11 10:32:08,300 INFO o.a.j.t.JMeterThread: Thread finished: 多用户下单 2-819
2026-09-11 10:32:08,300 INFO o.a.j.t.JMeterThread: Thread is done: 多用户下单 2-568
2026-09-11 10:32:08,300 INFO o.a.j.t.JMeterThread: Thread is done: 多用户下单 2-563
2026-09-11 10:32:08,300 INFO o.a.j.t.JMeterThread: Thread is done: 多用户下单 2-565
2026-09-11 10:32:08,300 INFO o.a.j.t.JMeterThread: Thread finished: 多用户下单 2-566
2026-09-11 10:32:08,300 INFO o.a.j.t.JMeterThread: Thread finished: 多用户下单 2-563
2026-09-11 10:32:08,300 INFO o.a.j.t.JMeterThread: Thread finished: 多用户下单 2-568
2026-09-11 10:32:08,300 INFO o.a.j.t.JMeterThread: Thread is done: 多用户下单 2-821
2026-09-11 10:32:08,300 INFO o.a.j.t.JMeterThread: Thread finished: 多用户下单 2-565
2026-09-11 10:32:08,300 INFO o.a.j.t.JMeterThread: Thread finished: 多用户下单 2-821
2026-09-11 10:32:08,300 INFO o.a.j.t.JMeterThread: Thread started: 多用户下单 2-825
2026-09-11 10:32:08,301 INFO o.a.j.t.JMeterThread: Thread is done: 多用户下单 2-567
2026-09-11 10:32:08,301 INFO o.a.j.t.JMeterThread: Thread finished: 多用户下单 2-567
2026-09-11 10:32:08,301 INFO o.a.j.t.JMeterThread: Thread started: 多用户下单 2-826
2026-09-11 10:32:08,301 INFO o.a.j.t.JMeterThread: Thread started: 多用户下单 2-827
2026-09-11 10:32:08,301 INFO o.a.j.t.JMeterThread: Thread is done: 多用户下单 2-823
2026-09-11 10:32:08,301 INFO o.a.j.t.JMeterThread: Thread finished: 多用户下单 2-823
2026-09-11 10:32:08,302 INFO o.a.j.t.JMeterThread: Thread is done: 多用户下单 2-822
2026-09-11 10:32:08,302 INFO o.a.j.t.JMeterThread: Thread finished: 多用户下单 2-822
2026-09-11 10:32:08,302 INFO o.a.j.t.JMeterThread: Thread is done: 多用户下单 2-569
2026-09-11 10:32:08,302 INFO o.a.j.t.JMeterThread: Thread started: 多用户下单 2-828
2026-09-11 10:32:08,302 INFO o.a.j.t.JMeterThread: Thread finished: 多用户下单 2-569
2026-09-11 10:32:08,302 INFO o.a.j.t.JMeterThread: Thread is done: 多用户下单 2-571
2026-09-11 10:32:08,302 INFO o.a.j.t.JMeterThread: Thread finished: 多用户下单 2-571
2026-09-11 10:32:08,302 INFO o.a.j.t.JMeterThread: Thread is done: 多用户下单 2-570
2026-09-11 10:32:08,302 INFO o.a.j.t.JMeterThread: Thread finished: 多用户下单 2-570
2026-09-11 10:32:08,302 INFO o.a.j.t.JMeterThread: Thread started: 多用户下单 2-829
2026-09-11 10:32:08,303 INFO o.a.j.t.JMeterThread: Thread is done: 多用户下单 2-824
2026-09-11 10:32:08,303 INFO o.a.j.t.JMeterThread: Thread finished: 多用户下单 2-824
2026-09-11 10:32:08,303 INFO o.a.j.t.JMeterThread: Thread is done: 多用户下单 2-825
2026-09-11 10:32:08,303 INFO o.a.j.t.JMeterThread: Thread started: 多用户下单 2-830
2026-09-11 10:32:08,303 INFO o.a.j.t.JMeterThread: Thread finished: 多用户下单 2-825
2026-09-11 10:32:08,304 INFO o.a.j.t.JMeterThread: Thread is done: 多用户下单 2-616
2026-09-11 10:32:08,304 INFO o.a.j.t.JMeterThread: Thread finished: 多用户下单 2-616
2026-09-11 10:32:08,304 INFO o.a.j.t.JMeterThread: Thread is done: 多用户下单 2-618
2026-09-11 10:32:08,304 INFO o.a.j.t.JMeterThread: Thread finished: 多用户下单 2-618
2026-09-11 10:32:08,304 INFO o.a.j.t.JMeterThread: Thread started: 多用户下单 2-831
2026-09-11 10:32:08,305 INFO o.a.j.t.JMeterThread: Thread is done: 多用户下单 2-827
2026-09-11 10:32:08,305 INFO o.a.j.t.JMeterThread: Thread is done: 多用户下单 2-620
2026-09-11 10:32:08,305 INFO o.a.j.t.JMeterThread: Thread is done: 多用户下单 2-617
2026-09-11 10:32:08,305 INFO o.a.j.t.JMeterThread: Thread is done: 多用户下单 2-826
2026-09-11 10:32:08,305 INFO o.a.j.t.JMeterThread: Thread finished: 多用户下单 2-827
2026-09-11 10:32:08,305 INFO o.a.j.t.JMeterThread: Thread started: 多用户下单 2-832
2026-09-11 10:32:08,305 INFO o.a.j.t.JMeterThread: Thread finished: 多用户下单 2-617
2026-09-11 10:32:08,305 INFO o.a.j.t.JMeterThread: Thread finished: 多用户下单 2-620
2026-09-11 10:32:08,305 INFO o.a.j.t.JMeterThread: Thread finished: 多用户下单 2-826
2026-09-11 10:32:08,306 INFO o.a.j.t.JMeterThread: Thread started: 多用户下单 2-833
2026-09-11 10:32:08,306 INFO o.a.j.t.JMeterThread: Thread is done: 多用户下单 2-829
2026-09-11 10:32:08,306 INFO o.a.j.t.JMeterThread: Thread finished: 多用户下单 2-829
2026-09-11 10:32:08,306 INFO o.a.j.t.JMeterThread: Thread is done: 多用户下单 2-828
2026-09-11 10:32:08,306 INFO o.a.j.t.JMeterThread: Thread is done: 多用户下单 2-619
2026-09-11 10:32:08,306 INFO o.a.j.t.JMeterThread: Thread finished: 多用户下单 2-828
2026-09-11 10:32:08,306 INFO o.a.j.t.JMeterThread: Thread finished: 多用户下单 2-619
2026-09-11 10:32:08,306 INFO o.a.j.t.JMeterThread: Thread started: 多用户下单 2-834
2026-09-11 10:32:08,307 INFO o.a.j.t.JMeterThread: Thread is done: 多用户下单 2-621
2026-09-11 10:32:08,307 INFO o.a.j.t.JMeterThread: Thread finished: 多用户下单 2-621
2026-09-11 10:32:08,307 INFO o.a.j.t.JMeterThread: Thread is done: 多用户下单 2-622
2026-09-11 10:32:08,307 INFO o.a.j.t.JMeterThread: Thread finished: 多用户下单 2-622
2026-09-11 10:32:08,307 INFO o.a.j.t.JMeterThread: Thread started: 多用户下单 2-835
2026-09-11 10:32:08,307 INFO o.a.j.t.JMeterThread: Thread started: 多用户下单 2-836
2026-09-11 10:32:08,309 INFO o.a.j.t.JMeterThread: Thread started: 多用户下单 2-837
2026-09-11 10:32:08,309 INFO o.a.j.t.JMeterThread: Thread is done: 多用户下单 2-623
2026-09-11 10:32:08,309 INFO o.a.j.t.JMeterThread: Thread finished: 多用户下单 2-623
2026-09-11 10:32:08,309 INFO o.a.j.t.JMeterThread: Thread started: 多用户下单 2-838
2026-09-11 10:32:08,309 INFO o.a.j.t.JMeterThread: Thread is done: 多用户下单 2-625
2026-09-11 10:32:08,310 INFO o.a.j.t.JMeterThread: Thread finished: 多用户下单 2-625
2026-09-11 10:32:08,310 INFO o.a.j.t.JMeterThread: Thread started: 多用户下单 2-839
2026-09-11 10:32:08,311 INFO o.a.j.t.JMeterThread: Thread is done: 多用户下单 2-626
2026-09-11 10:32:08,311 INFO o.a.j.t.JMeterThread: Thread finished: 多用户下单 2-626
2026-09-11 10:32:08,311 INFO o.a.j.t.JMeterThread: Thread started: 多用户下单 2-840
2026-09-11 10:32:08,311 INFO o.a.j.t.JMeterThread: Thread is done: 多用户下单 2-624
2026-09-11 10:32:08,311 INFO o.a.j.t.JMeterThread: Thread finished: 多用户下单 2-624
2026-09-11 10:32:08,311 INFO o.a.j.t.JMeterThread: Thread started: 多用户下单 2-841
2026-09-11 10:32:08,312 INFO o.a.j.t.JMeterThread: Thread started: 多用户下单 2-842
2026-09-11 10:32:08,312 INFO o.a.j.t.JMeterThread: Thread started: 多用户下单 2-843
2026-09-11 10:32:08,313 INFO o.a.j.t.JMeterThread: Thread started: 多用户下单 2-844
2026-09-11 10:32:08,314 INFO o.a.j.t.JMeterThread: Thread started: 多用户下单 2-845
2026-09-11 10:32:08,314 INFO o.a.j.t.JMeterThread: Thread is done: 多用户下单 2-628
2026-09-11 10:32:08,314 INFO o.a.j.t.JMeterThread: Thread is done: 多用户下单 2-627
2026-09-11 10:32:08,314 INFO o.a.j.t.JMeterThread: Thread finished: 多用户下单 2-627
2026-09-11 10:32:08,314 INFO o.a.j.t.JMeterThread: Thread finished: 多用户下单 2-628
2026-09-11 10:32:08,314 INFO o.a.j.t.JMeterThread: Thread started: 多用户下单 2-846
2026-09-11 10:32:08,314 INFO o.a.j.t.JMeterThread: Thread started: 多用户下单 2-847
2026-09-11 10:32:08,316 INFO o.a.j.t.JMeterThread: Thread is done: 多用户下单 2-629
2026-09-11 10:32:08,316 INFO o.a.j.t.JMeterThread: Thread finished: 多用户下单 2-629
2026-09-11 10:32:08,316 INFO o.a.j.t.JMeterThread: Thread started: 多用户下单 2-848
2026-09-11 10:32:08,316 INFO o.a.j.t.JMeterThread: Thread is done: 多用户下单 2-630
2026-09-11 10:32:08,316 INFO o.a.j.t.JMeterThread: Thread finished: 多用户下单 2-630
2026-09-11 10:32:08,316 INFO o.a.j.t.JMeterThread: Thread started: 多用户下单 2-849
2026-09-11 10:32:08,316 INFO o.a.j.t.JMeterThread: Thread started: 多用户下单 2-850
2026-09-11 10:32:08,317 INFO o.a.j.t.JMeterThread: Thread is done: 多用户下单 2-631
2026-09-11 10:32:08,317 INFO o.a.j.t.JMeterThread: Thread finished: 多用户下单 2-631
2026-09-11 10:32:08,317 INFO o.a.j.t.JMeterThread: Thread started: 多用户下单 2-851
2026-09-11 10:32:08,318 INFO o.a.j.t.JMeterThread: Thread started: 多用户下单 2-852
2026-09-11 10:32:08,318 INFO o.a.j.t.JMeterThread: Thread is done: 多用户下单 2-633
2026-09-11 10:32:08,318 INFO o.a.j.t.JMeterThread: Thread finished: 多用户下单 2-633
2026-09-11 10:32:08,318 INFO o.a.j.t.JMeterThread: Thread started: 多用户下单 2-853
2026-09-11 10:32:08,319 INFO o.a.j.t.JMeterThread: Thread is done: 多用户下单 2-634
2026-09-11 10:32:08,319 INFO o.a.j.t.JMeterThread: Thread is done: 多用户下单 2-632
2026-09-11 10:32:08,319 INFO o.a.j.t.JMeterThread: Thread finished: 多用户下单 2-634
2026-09-11 10:32:08,319 INFO o.a.j.t.JMeterThread: Thread finished: 多用户下单 2-632
2026-09-11 10:32:08,319 INFO o.a.j.t.JMeterThread: Thread is done: 多用户下单 2-635
2026-09-11 10:32:08,319 INFO o.a.j.t.JMeterThread: Thread finished: 多用户下单 2-635
2026-09-11 10:32:08,319 INFO o.a.j.t.JMeterThread: Thread started: 多用户下单 2-854
2026-09-11 10:32:08,320 INFO o.a.j.t.JMeterThread: Thread started: 多用户下单 2-855
2026-09-11 10:32:08,320 INFO o.a.j.t.JMeterThread: Thread started: 多用户下单 2-856
2026-09-11 10:32:08,320 INFO o.a.j.t.JMeterThread: Thread is done: 多用户下单 2-636
2026-09-11 10:32:08,320 INFO o.a.j.t.JMeterThread: Thread started: 多用户下单 2-857
2026-09-11 10:32:08,321 INFO o.a.j.t.JMeterThread: Thread finished: 多用户下单 2-636
2026-09-11 10:32:08,321 INFO o.a.j.t.JMeterThread: Thread started: 多用户下单 2-858
2026-09-11 10:32:08,321 INFO o.a.j.t.JMeterThread: Thread is done: 多用户下单 2-640
2026-09-11 10:32:08,322 INFO o.a.j.t.JMeterThread: Thread finished: 多用户下单 2-640
2026-09-11 10:32:08,322 INFO o.a.j.t.JMeterThread: Thread is done: 多用户下单 2-637
2026-09-11 10:32:08,322 INFO o.a.j.t.JMeterThread: Thread finished: 多用户下单 2-637
2026-09-11 10:32:08,322 INFO o.a.j.t.JMeterThread: Thread started: 多用户下单 2-859
2026-09-11 10:32:08,322 INFO o.a.j.t.JMeterThread: Thread is done: 多用户下单 2-638
2026-09-11 10:32:08,322 INFO o.a.j.t.JMeterThread: Thread finished: 多用户下单 2-638
2026-09-11 10:32:08,322 INFO o.a.j.t.JMeterThread: Thread started: 多用户下单 2-860
2026-09-11 10:32:08,323 INFO o.a.j.t.JMeterThread: Thread started: 多用户下单 2-861
2026-09-11 10:32:08,323 INFO o.a.j.t.JMeterThread: Thread started: 多用户下单 2-862
2026-09-11 10:32:08,324 INFO o.a.j.t.JMeterThread: Thread is done: 多用户下单 2-639
2026-09-11 10:32:08,324 INFO o.a.j.t.JMeterThread: Thread is done: 多用户下单 2-641
2026-09-11 10:32:08,324 INFO o.a.j.t.JMeterThread: Thread finished: 多用户下单 2-639
2026-09-11 10:32:08,324 INFO o.a.j.t.JMeterThread: Thread started: 多用户下单 2-863
2026-09-11 10:32:08,324 INFO o.a.j.t.JMeterThread: Thread finished: 多用户下单 2-641
2026-09-11 10:32:08,324 INFO o.a.j.t.JMeterThread: Thread is done: 多用户下单 2-643
2026-09-11 10:32:08,324 INFO o.a.j.t.JMeterThread: Thread finished: 多用户下单 2-643
2026-09-11 10:32:08,324 INFO o.a.j.t.JMeterThread: Thread started: 多用户下单 2-864
2026-09-11 10:32:08,324 INFO o.a.j.t.JMeterThread: Thread is done: 多用户下单 2-644
2026-09-11 10:32:08,324 INFO o.a.j.t.JMeterThread: Thread finished: 多用户下单 2-644
2026-09-11 10:32:08,325 INFO o.a.j.t.JMeterThread: Thread is done: 多用户下单 2-642
2026-09-11 10:32:08,325 INFO o.a.j.t.JMeterThread: Thread finished: 多用户下单 2-642
2026-09-11 10:32:08,325 INFO o.a.j.t.JMeterThread: Thread started: 多用户下单 2-865
2026-09-11 10:32:08,325 INFO o.a.j.t.JMeterThread: Thread is done: 多用户下单 2-645
2026-09-11 10:32:08,325 INFO o.a.j.t.JMeterThread: Thread finished: 多用户下单 2-645
2026-09-11 10:32:08,325 INFO o.a.j.t.JMeterThread: Thread started: 多用户下单 2-866
2026-09-11 10:32:08,327 INFO o.a.j.t.JMeterThread: Thread started: 多用户下单 2-867
2026-09-11 10:32:08,327 INFO o.a.j.t.JMeterThread: Thread is done: 多用户下单 2-646
2026-09-11 10:32:08,327 INFO o.a.j.t.JMeterThread: Thread finished: 多用户下单 2-646
2026-09-11 10:32:08,327 INFO o.a.j.t.JMeterThread: Thread started: 多用户下单 2-868
2026-09-11 10:32:08,327 INFO o.a.j.t.JMeterThread: Thread is done: 多用户下单 2-647
2026-09-11 10:32:08,328 INFO o.a.j.t.JMeterThread: Thread finished: 多用户下单 2-647
2026-09-11 10:32:08,328 INFO o.a.j.t.JMeterThread: Thread started: 多用户下单 2-869
2026-09-11 10:32:08,329 INFO o.a.j.t.JMeterThread: Thread started: 多用户下单 2-870
2026-09-11 10:32:08,329 INFO o.a.j.t.JMeterThread: Thread started: 多用户下单 2-871
2026-09-11 10:32:08,329 INFO o.a.j.t.JMeterThread: Thread is done: 多用户下单 2-649
2026-09-11 10:32:08,329 INFO o.a.j.t.JMeterThread: Thread finished: 多用户下单 2-649
2026-09-11 10:32:08,329 INFO o.a.j.t.JMeterThread: Thread started: 多用户下单 2-872
2026-09-11 10:32:08,330 INFO o.a.j.t.JMeterThread: Thread is done: 多用户下单 2-648
2026-09-11 10:32:08,330 INFO o.a.j.t.JMeterThread: Thread finished: 多用户下单 2-648
2026-09-11 10:32:08,331 INFO o.a.j.t.JMeterThread: Thread started: 多用户下单 2-873
2026-09-11 10:32:08,331 INFO o.a.j.t.JMeterThread: Thread started: 多用户下单 2-874
2026-09-11 10:32:08,331 INFO o.a.j.t.JMeterThread: Thread is done: 多用户下单 2-650
2026-09-11 10:32:08,331 INFO o.a.j.t.JMeterThread: Thread finished: 多用户下单 2-650
2026-09-11 10:32:08,331 INFO o.a.j.t.JMeterThread: Thread started: 多用户下单 2-875
2026-09-11 10:32:08,331 INFO o.a.j.t.JMeterThread: Thread started: 多用户下单 2-876
2026-09-11 10:32:08,332 INFO o.a.j.t.JMeterThread: Thread started: 多用户下单 2-877
2026-09-11 10:32:08,332 INFO o.a.j.t.JMeterThread: Thread started: 多用户下单 2-878
2026-09-11 10:32:08,332 INFO o.a.j.t.JMeterThread: Thread is done: 多用户下单 2-651
2026-09-11 10:32:08,332 INFO o.a.j.t.JMeterThread: Thread finished: 多用户下单 2-651
2026-09-11 10:32:08,332 INFO o.a.j.t.JMeterThread: Thread started: 多用户下单 2-879
2026-09-11 10:32:08,333 INFO o.a.j.t.JMeterThread: Thread is done: 多用户下单 2-653
2026-09-11 10:32:08,333 INFO o.a.j.t.JMeterThread: Thread finished: 多用户下单 2-653
2026-09-11 10:32:08,333 INFO o.a.j.t.JMeterThread: Thread started: 多用户下单 2-880
2026-09-11 10:32:08,334 INFO o.a.j.t.JMeterThread: Thread started: 多用户下单 2-881
2026-09-11 10:32:08,334 INFO o.a.j.t.JMeterThread: Thread started: 多用户下单 2-882
2026-09-11 10:32:08,334 INFO o.a.j.t.JMeterThread: Thread started: 多用户下单 2-883
2026-09-11 10:32:08,334 INFO o.a.j.t.JMeterThread: Thread started: 多用户下单 2-884
2026-09-11 10:32:08,334 INFO o.a.j.t.JMeterThread: Thread started: 多用户下单 2-885
2026-09-11 10:32:08,335 INFO o.a.j.t.JMeterThread: Thread started: 多用户下单 2-886
2026-09-11 10:32:08,335 INFO o.a.j.t.JMeterThread: Thread started: 多用户下单 2-887
2026-09-11 10:32:08,335 INFO o.a.j.t.JMeterThread: Thread is done: 多用户下单 2-654
2026-09-11 10:32:08,335 INFO o.a.j.t.JMeterThread: Thread finished: 多用户下单 2-654
2026-09-11 10:32:08,335 INFO o.a.j.t.JMeterThread: Thread is done: 多用户下单 2-652
2026-09-11 10:32:08,335 INFO o.a.j.t.JMeterThread: Thread finished: 多用户下单 2-652
2026-09-11 10:32:08,336 INFO o.a.j.t.JMeterThread: Thread started: 多用户下单 2-888
2026-09-11 10:32:08,337 INFO o.a.j.t.JMeterThread: Thread started: 多用户下单 2-889
2026-09-11 10:32:08,338 INFO o.a.j.t.JMeterThread: Thread started: 多用户下单 2-890
2026-09-11 10:32:08,338 INFO o.a.j.t.JMeterThread: Thread is done: 多用户下单 2-657
2026-09-11 10:32:08,338 INFO o.a.j.t.JMeterThread: Thread finished: 多用户下单 2-657
2026-09-11 10:32:08,338 INFO o.a.j.t.JMeterThread: Thread started: 多用户下单 2-891
2026-09-11 10:32:08,338 INFO o.a.j.t.JMeterThread: Thread started: 多用户下单 2-892
2026-09-11 10:32:08,339 INFO o.a.j.t.JMeterThread: Thread started: 多用户下单 2-893
2026-09-11 10:32:08,339 INFO o.a.j.t.JMeterThread: Thread started: 多用户下单 2-894
2026-09-11 10:32:08,339 INFO o.a.j.t.JMeterThread: Thread is done: 多用户下单 2-655
2026-09-11 10:32:08,339 INFO o.a.j.t.JMeterThread: Thread finished: 多用户下单 2-655
2026-09-11 10:32:08,339 INFO o.a.j.t.JMeterThread: Thread started: 多用户下单 2-895
2026-09-11 10:32:08,339 INFO o.a.j.t.JMeterThread: Thread started: 多用户下单 2-896
2026-09-11 10:32:08,339 INFO o.a.j.t.JMeterThread: Thread started: 多用户下单 2-897
2026-09-11 10:32:08,339 INFO o.a.j.t.JMeterThread: Thread is done: 多用户下单 2-658
2026-09-11 10:32:08,340 INFO o.a.j.t.JMeterThread: Thread is done: 多用户下单 2-656
2026-09-11 10:32:08,340 INFO o.a.j.t.JMeterThread: Thread started: 多用户下单 2-898
2026-09-11 10:32:08,340 INFO o.a.j.t.JMeterThread: Thread finished: 多用户下单 2-656
2026-09-11 10:32:08,340 INFO o.a.j.t.JMeterThread: Thread finished: 多用户下单 2-658
2026-09-11 10:32:08,340 INFO o.a.j.t.JMeterThread: Thread started: 多用户下单 2-899
2026-09-11 10:32:08,341 INFO o.a.j.t.JMeterThread: Thread is done: 多用户下单 2-661
2026-09-11 10:32:08,341 INFO o.a.j.t.JMeterThread: Thread finished: 多用户下单 2-661
2026-09-11 10:32:08,341 INFO o.a.j.t.JMeterThread: Thread started: 多用户下单 2-900
2026-09-11 10:32:08,341 INFO o.a.j.t.JMeterThread: Thread started: 多用户下单 2-909
2026-09-11 10:32:08,341 INFO o.a.j.t.JMeterThread: Thread started: 多用户下单 2-902
2026-09-11 10:32:08,341 INFO o.a.j.t.JMeterThread: Thread started: 多用户下单 2-903
2026-09-11 10:32:08,341 INFO o.a.j.t.JMeterThread: Thread is done: 多用户下单 2-659
2026-09-11 10:32:08,341 INFO o.a.j.t.JMeterThread: Thread finished: 多用户下单 2-659
2026-09-11 10:32:08,342 INFO o.a.j.t.JMeterThread: Thread started: 多用户下单 2-904
2026-09-11 10:32:08,342 INFO o.a.j.t.JMeterThread: Thread started: 多用户下单 2-905
2026-09-11 10:32:08,342 INFO o.a.j.t.JMeterThread: Thread started: 多用户下单 2-906
2026-09-11 10:32:08,342 INFO o.a.j.t.JMeterThread: Thread is done: 多用户下单 2-660
2026-09-11 10:32:08,342 INFO o.a.j.t.JMeterThread: Thread finished: 多用户下单 2-660
2026-09-11 10:32:08,343 INFO o.a.j.t.JMeterThread: Thread started: 多用户下单 2-907
2026-09-11 10:32:08,343 INFO o.a.j.t.JMeterThread: Thread started: 多用户下单 2-908
2026-09-11 10:32:08,343 INFO o.a.j.t.JMeterThread: Thread started: 多用户下单 2-911
2026-09-11 10:32:08,344 INFO o.a.j.t.JMeterThread: Thread started: 多用户下单 2-912
2026-09-11 10:32:08,344 INFO o.a.j.t.JMeterThread: Thread is done: 多用户下单 2-662
2026-09-11 10:32:08,344 INFO o.a.j.t.JMeterThread: Thread finished: 多用户下单 2-662
2026-09-11 10:32:08,344 INFO o.a.j.t.JMeterThread: Thread started: 多用户下单 2-913
2026-09-11 10:32:08,344 INFO o.a.j.t.JMeterThread: Thread started: 多用户下单 2-914
2026-09-11 10:32:08,345 INFO o.a.j.t.JMeterThread: Thread started: 多用户下单 2-915
2026-09-11 10:32:08,345 INFO o.a.j.t.JMeterThread: Thread started: 多用户下单 2-901
2026-09-11 10:32:08,345 INFO o.a.j.t.JMeterThread: Thread started: 多用户下单 2-916
2026-09-11 10:32:08,345 INFO o.a.j.t.JMeterThread: Thread started: 多用户下单 2-910
2026-09-11 10:32:08,345 INFO o.a.j.t.JMeterThread: Thread started: 多用户下单 2-917
2026-09-11 10:32:08,345 INFO o.a.j.t.JMeterThread: Thread started: 多用户下单 2-918
2026-09-11 10:32:08,345 INFO o.a.j.t.JMeterThread: Thread started: 多用户下单 2-919
2026-09-11 10:32:08,346 INFO o.a.j.t.JMeterThread: Thread started: 多用户下单 2-920
2026-09-11 10:32:08,346 INFO o.a.j.t.JMeterThread: Thread started: 多用户下单 2-921
2026-09-11 10:32:08,346 INFO o.a.j.t.JMeterThread: Thread started: 多用户下单 2-922
2026-09-11 10:32:08,347 INFO o.a.j.t.JMeterThread: Thread started: 多用户下单 2-923
2026-09-11 10:32:08,347 INFO o.a.j.t.JMeterThread: Thread is done: 多用户下单 2-663
2026-09-11 10:32:08,347 INFO o.a.j.t.JMeterThread: Thread finished: 多用户下单 2-663
2026-09-11 10:32:08,347 INFO o.a.j.t.JMeterThread: Thread started: 多用户下单 2-924
2026-09-11 10:32:08,348 INFO o.a.j.t.JMeterThread: Thread started: 多用户下单 2-925
2026-09-11 10:32:08,348 INFO o.a.j.t.JMeterThread: Thread is done: 多用户下单 2-664
2026-09-11 10:32:08,348 INFO o.a.j.t.JMeterThread: Thread finished: 多用户下单 2-664
2026-09-11 10:32:08,348 INFO o.a.j.t.JMeterThread: Thread is done: 多用户下单 2-918
2026-09-11 10:32:08,348 INFO o.a.j.t.JMeterThread: Thread finished: 多用户下单 2-918
2026-09-11 10:32:08,348 INFO o.a.j.t.JMeterThread: Thread started: 多用户下单 2-926
2026-09-11 10:32:08,348 INFO o.a.j.t.JMeterThread: Thread is done: 多用户下单 2-917
2026-09-11 10:32:08,348 INFO o.a.j.t.JMeterThread: Thread finished: 多用户下单 2-917
2026-09-11 10:32:08,348 INFO o.a.j.t.JMeterThread: Thread is done: 多用户下单 2-919
2026-09-11 10:32:08,349 INFO o.a.j.t.JMeterThread: Thread finished: 多用户下单 2-919
2026-09-11 10:32:08,349 INFO o.a.j.t.JMeterThread: Thread is done: 多用户下单 2-665
2026-09-11 10:32:08,349 INFO o.a.j.t.JMeterThread: Thread finished: 多用户下单 2-665
2026-09-11 10:32:08,349 INFO o.a.j.t.JMeterThread: Thread started: 多用户下单 2-927
2026-09-11 10:32:08,349 INFO o.a.j.t.JMeterThread: Thread is done: 多用户下单 2-921
2026-09-11 10:32:08,349 INFO o.a.j.t.JMeterThread: Thread finished: 多用户下单 2-921
2026-09-11 10:32:08,349 INFO o.a.j.t.JMeterThread: Thread is done: 多用户下单 2-920
2026-09-11 10:32:08,349 INFO o.a.j.t.JMeterThread: Thread is done: 多用户下单 2-922
2026-09-11 10:32:08,349 INFO o.a.j.t.JMeterThread: Thread finished: 多用户下单 2-920
2026-09-11 10:32:08,349 INFO o.a.j.t.JMeterThread: Thread finished: 多用户下单 2-922
2026-09-11 10:32:08,349 INFO o.a.j.t.JMeterThread: Thread started: 多用户下单 2-928
2026-09-11 10:32:08,349 INFO o.a.j.t.JMeterThread: Thread is done: 多用户下单 2-924
2026-09-11 10:32:08,349 INFO o.a.j.t.JMeterThread: Thread finished: 多用户下单 2-924
2026-09-11 10:32:08,350 INFO o.a.j.t.JMeterThread: Thread started: 多用户下单 2-929
2026-09-11 10:32:08,350 INFO o.a.j.t.JMeterThread: Thread is done: 多用户下单 2-666
2026-09-11 10:32:08,350 INFO o.a.j.t.JMeterThread: Thread finished: 多用户下单 2-666
2026-09-11 10:32:08,350 INFO o.a.j.t.JMeterThread: Thread is done: 多用户下单 2-923
2026-09-11 10:32:08,350 INFO o.a.j.t.JMeterThread: Thread is done: 多用户下单 2-925
2026-09-11 10:32:08,351 INFO o.a.j.t.JMeterThread: Thread finished: 多用户下单 2-923
2026-09-11 10:32:08,351 INFO o.a.j.t.JMeterThread: Thread finished: 多用户下单 2-925
2026-09-11 10:32:08,351 INFO o.a.j.t.JMeterThread: Thread started: 多用户下单 2-930
2026-09-11 10:32:08,351 INFO o.a.j.t.JMeterThread: Thread is done: 多用户下单 2-926
2026-09-11 10:32:08,351 INFO o.a.j.t.JMeterThread: Thread finished: 多用户下单 2-926
2026-09-11 10:32:08,351 INFO o.a.j.t.JMeterThread: Thread is done: 多用户下单 2-667
2026-09-11 10:32:08,351 INFO o.a.j.t.JMeterThread: Thread started: 多用户下单 2-931
2026-09-11 10:32:08,351 INFO o.a.j.t.JMeterThread: Thread finished: 多用户下单 2-667
2026-09-11 10:32:08,351 INFO o.a.j.t.JMeterThread: Thread is done: 多用户下单 2-668
2026-09-11 10:32:08,351 INFO o.a.j.t.JMeterThread: Thread finished: 多用户下单 2-668
2026-09-11 10:32:08,351 INFO o.a.j.t.JMeterThread: Thread started: 多用户下单 2-932
2026-09-11 10:32:08,352 INFO o.a.j.t.JMeterThread: Thread is done: 多用户下单 2-669
2026-09-11 10:32:08,352 INFO o.a.j.t.JMeterThread: Thread is done: 多用户下单 2-670
2026-09-11 10:32:08,352 INFO o.a.j.t.JMeterThread: Thread finished: 多用户下单 2-669
2026-09-11 10:32:08,352 INFO o.a.j.t.JMeterThread: Thread is done: 多用户下单 2-927
2026-09-11 10:32:08,352 INFO o.a.j.t.JMeterThread: Thread is done: 多用户下单 2-671
2026-09-11 10:32:08,352 INFO o.a.j.t.JMeterThread: Thread finished: 多用户下单 2-670
2026-09-11 10:32:08,352 INFO o.a.j.t.JMeterThread: Thread finished: 多用户下单 2-927
2026-09-11 10:32:08,352 INFO o.a.j.t.JMeterThread: Thread finished: 多用户下单 2-671
2026-09-11 10:32:08,352 INFO o.a.j.t.JMeterThread: Thread started: 多用户下单 2-933
2026-09-11 10:32:08,352 INFO o.a.j.t.JMeterThread: Thread is done: 多用户下单 2-928
2026-09-11 10:32:08,353 INFO o.a.j.t.JMeterThread: Thread finished: 多用户下单 2-928
2026-09-11 10:32:08,353 INFO o.a.j.t.JMeterThread: Thread is done: 多用户下单 2-929
2026-09-11 10:32:08,353 INFO o.a.j.t.JMeterThread: Thread finished: 多用户下单 2-929
2026-09-11 10:32:08,353 INFO o.a.j.t.JMeterThread: Thread is done: 多用户下单 2-673
2026-09-11 10:32:08,353 INFO o.a.j.t.JMeterThread: Thread finished: 多用户下单 2-673
2026-09-11 10:32:08,353 INFO o.a.j.t.JMeterThread: Thread started: 多用户下单 2-934
2026-09-11 10:32:08,353 INFO o.a.j.t.JMeterThread: Thread started: 多用户下单 2-935
2026-09-11 10:32:08,354 INFO o.a.j.t.JMeterThread: Thread is done: 多用户下单 2-930
2026-09-11 10:32:08,354 INFO o.a.j.t.JMeterThread: Thread finished: 多用户下单 2-930
2026-09-11 10:32:08,354 INFO o.a.j.t.JMeterThread: Thread is done: 多用户下单 2-931
2026-09-11 10:32:08,354 INFO o.a.j.t.JMeterThread: Thread finished: 多用户下单 2-931
2026-09-11 10:32:08,354 INFO o.a.j.t.JMeterThread: Thread started: 多用户下单 2-936
2026-09-11 10:32:08,354 INFO o.a.j.t.JMeterThread: Thread is done: 多用户下单 2-932
2026-09-11 10:32:08,354 INFO o.a.j.t.JMeterThread: Thread is done: 多用户下单 2-675
2026-09-11 10:32:08,354 INFO o.a.j.t.JMeterThread: Thread finished: 多用户下单 2-675
2026-09-11 10:32:08,354 INFO o.a.j.t.JMeterThread: Thread finished: 多用户下单 2-932
2026-09-11 10:32:08,355 INFO o.a.j.t.JMeterThread: Thread started: 多用户下单 2-937
2026-09-11 10:32:08,355 INFO o.a.j.t.JMeterThread: Thread started: 多用户下单 2-938
2026-09-11 10:32:08,355 INFO o.a.j.t.JMeterThread: Thread is done: 多用户下单 2-672
2026-09-11 10:32:08,356 INFO o.a.j.t.JMeterThread: Thread finished: 多用户下单 2-672
2026-09-11 10:32:08,355 INFO o.a.j.t.JMeterThread: Thread is done: 多用户下单 2-933
2026-09-11 10:32:08,356 INFO o.a.j.t.JMeterThread: Thread finished: 多用户下单 2-933
2026-09-11 10:32:08,356 INFO o.a.j.t.JMeterThread: Thread is done: 多用户下单 2-674
2026-09-11 10:32:08,356 INFO o.a.j.t.JMeterThread: Thread finished: 多用户下单 2-674
2026-09-11 10:32:08,356 INFO o.a.j.t.JMeterThread: Thread started: 多用户下单 2-939
2026-09-11 10:32:08,356 INFO o.a.j.t.JMeterThread: Thread is done: 多用户下单 2-935
2026-09-11 10:32:08,356 INFO o.a.j.t.JMeterThread: Thread finished: 多用户下单 2-935
2026-09-11 10:32:08,356 INFO o.a.j.t.JMeterThread: Thread is done: 多用户下单 2-934
2026-09-11 10:32:08,356 INFO o.a.j.t.JMeterThread: Thread finished: 多用户下单 2-934
2026-09-11 10:32:08,357 INFO o.a.j.t.JMeterThread: Thread started: 多用户下单 2-940
2026-09-11 10:32:08,357 INFO o.a.j.t.JMeterThread: Thread is done: 多用户下单 2-678
2026-09-11 10:32:08,357 INFO o.a.j.t.JMeterThread: Thread finished: 多用户下单 2-678
2026-09-11 10:32:08,357 INFO o.a.j.t.JMeterThread: Thread is done: 多用户下单 2-676
2026-09-11 10:32:08,357 INFO o.a.j.t.JMeterThread: Thread finished: 多用户下单 2-676
2026-09-11 10:32:08,357 INFO o.a.j.t.JMeterThread: Thread is done: 多用户下单 2-936
2026-09-11 10:32:08,357 INFO o.a.j.t.JMeterThread: Thread started: 多用户下单 2-941
2026-09-11 10:32:08,357 INFO o.a.j.t.JMeterThread: Thread finished: 多用户下单 2-936
2026-09-11 10:32:08,357 INFO o.a.j.t.JMeterThread: Thread is done: 多用户下单 2-680
2026-09-11 10:32:08,357 INFO o.a.j.t.JMeterThread: Thread is done: 多用户下单 2-937
2026-09-11 10:32:08,358 INFO o.a.j.t.JMeterThread: Thread finished: 多用户下单 2-680
2026-09-11 10:32:08,358 INFO o.a.j.t.JMeterThread: Thread finished: 多用户下单 2-937
2026-09-11 10:32:08,358 INFO o.a.j.t.JMeterThread: Thread started: 多用户下单 2-942
2026-09-11 10:32:08,358 INFO o.a.j.t.JMeterThread: Thread is done: 多用户下单 2-677
2026-09-11 10:32:08,358 INFO o.a.j.t.JMeterThread: Thread finished: 多用户下单 2-677
2026-09-11 10:32:08,358 INFO o.a.j.t.JMeterThread: Thread is done: 多用户下单 2-938
2026-09-11 10:32:08,358 INFO o.a.j.t.JMeterThread: Thread finished: 多用户下单 2-938
2026-09-11 10:32:08,358 INFO o.a.j.t.JMeterThread: Thread is done: 多用户下单 2-939
2026-09-11 10:32:08,358 INFO o.a.j.t.JMeterThread: Thread is done: 多用户下单 2-679
2026-09-11 10:32:08,358 INFO o.a.j.t.JMeterThread: Thread finished: 多用户下单 2-939
2026-09-11 10:32:08,358 INFO o.a.j.t.JMeterThread: Thread finished: 多用户下单 2-679
2026-09-11 10:32:08,358 INFO o.a.j.t.JMeterThread: Thread started: 多用户下单 2-943
2026-09-11 10:32:08,359 INFO o.a.j.t.JMeterThread: Thread started: 多用户下单 2-944
2026-09-11 10:32:08,359 INFO o.a.j.t.JMeterThread: Thread started: 多用户下单 2-945
2026-09-11 10:32:08,360 INFO o.a.j.t.JMeterThread: Thread is done: 多用户下单 2-941
2026-09-11 10:32:08,360 INFO o.a.j.t.JMeterThread: Thread finished: 多用户下单 2-941
2026-09-11 10:32:08,360 INFO o.a.j.t.JMeterThread: Thread started: 多用户下单 2-946
2026-09-11 10:32:08,361 INFO o.a.j.t.JMeterThread: Thread is done: 多用户下单 2-942
2026-09-11 10:32:08,361 INFO o.a.j.t.JMeterThread: Thread finished: 多用户下单 2-942
2026-09-11 10:32:08,361 INFO o.a.j.t.JMeterThread: Thread is done: 多用户下单 2-940
2026-09-11 10:32:08,361 INFO o.a.j.t.JMeterThread: Thread finished: 多用户下单 2-940
2026-09-11 10:32:08,361 INFO o.a.j.t.JMeterThread: Thread started: 多用户下单 2-947
2026-09-11 10:32:08,361 INFO o.a.j.t.JMeterThread: Thread is done: 多用户下单 2-682
2026-09-11 10:32:08,361 INFO o.a.j.t.JMeterThread: Thread finished: 多用户下单 2-682
2026-09-11 10:32:08,361 INFO o.a.j.t.JMeterThread: Thread is done: 多用户下单 2-681
2026-09-11 10:32:08,361 INFO o.a.j.t.JMeterThread: Thread finished: 多用户下单 2-681
2026-09-11 10:32:08,361 INFO o.a.j.t.JMeterThread: Thread started: 多用户下单 2-948
2026-09-11 10:32:08,361 INFO o.a.j.t.JMeterThread: Thread is done: 多用户下单 2-943
2026-09-11 10:32:08,362 INFO o.a.j.t.JMeterThread: Thread finished: 多用户下单 2-943
2026-09-11 10:32:08,362 INFO o.a.j.t.JMeterThread: Thread started: 多用户下单 2-949
2026-09-11 10:32:08,362 INFO o.a.j.t.JMeterThread: Thread started: 多用户下单 2-950
2026-09-11 10:32:08,362 INFO o.a.j.t.JMeterThread: Thread is done: 多用户下单 2-944
2026-09-11 10:32:08,362 INFO o.a.j.t.JMeterThread: Thread finished: 多用户下单 2-944
2026-09-11 10:32:08,362 INFO o.a.j.t.JMeterThread: Thread is done: 多用户下单 2-945
2026-09-11 10:32:08,362 INFO o.a.j.t.JMeterThread: Thread is done: 多用户下单 2-683
2026-09-11 10:32:08,362 INFO o.a.j.t.JMeterThread: Thread finished: 多用户下单 2-945
2026-09-11 10:32:08,362 INFO o.a.j.t.JMeterThread: Thread finished: 多用户下单 2-683
2026-09-11 10:32:08,363 INFO o.a.j.t.JMeterThread: Thread is done: 多用户下单 2-684
2026-09-11 10:32:08,363 INFO o.a.j.t.JMeterThread: Thread finished: 多用户下单 2-684
2026-09-11 10:32:08,363 INFO o.a.j.t.JMeterThread: Thread started: 多用户下单 2-951
2026-09-11 10:32:08,363 INFO o.a.j.t.JMeterThread: Thread is done: 多用户下单 2-946
2026-09-11 10:32:08,363 INFO o.a.j.t.JMeterThread: Thread finished: 多用户下单 2-946
2026-09-11 10:32:08,363 INFO o.a.j.t.JMeterThread: Thread started: 多用户下单 2-952
2026-09-11 10:32:08,364 INFO o.a.j.t.JMeterThread: Thread is done: 多用户下单 2-947
2026-09-11 10:32:08,364 INFO o.a.j.t.JMeterThread: Thread finished: 多用户下单 2-947
2026-09-11 10:32:08,364 INFO o.a.j.t.JMeterThread: Thread is done: 多用户下单 2-685
2026-09-11 10:32:08,364 INFO o.a.j.t.JMeterThread: Thread finished: 多用户下单 2-685
2026-09-11 10:32:08,364 INFO o.a.j.t.JMeterThread: Thread started: 多用户下单 2-953
2026-09-11 10:32:08,364 INFO o.a.j.t.JMeterThread: Thread is done: 多用户下单 2-686
2026-09-11 10:32:08,364 INFO o.a.j.t.JMeterThread: Thread finished: 多用户下单 2-686
2026-09-11 10:32:08,364 INFO o.a.j.t.JMeterThread: Thread is done: 多用户下单 2-948
2026-09-11 10:32:08,364 INFO o.a.j.t.JMeterThread: Thread finished: 多用户下单 2-948
2026-09-11 10:32:08,364 INFO o.a.j.t.JMeterThread: Thread started: 多用户下单 2-954
2026-09-11 10:32:08,364 INFO o.a.j.t.JMeterThread: Thread is done: 多用户下单 2-949
2026-09-11 10:32:08,364 INFO o.a.j.t.JMeterThread: Thread finished: 多用户下单 2-949
2026-09-11 10:32:08,365 INFO o.a.j.t.JMeterThread: Thread is done: 多用户下单 2-950
2026-09-11 10:32:08,365 INFO o.a.j.t.JMeterThread: Thread finished: 多用户下单 2-950
2026-09-11 10:32:08,365 INFO o.a.j.t.JMeterThread: Thread is done: 多用户下单 2-687
2026-09-11 10:32:08,365 INFO o.a.j.t.JMeterThread: Thread finished: 多用户下单 2-687
2026-09-11 10:32:08,365 INFO o.a.j.t.JMeterThread: Thread started: 多用户下单 2-955
2026-09-11 10:32:08,366 INFO o.a.j.t.JMeterThread: Thread started: 多用户下单 2-956
2026-09-11 10:32:08,366 INFO o.a.j.t.JMeterThread: Thread is done: 多用户下单 2-688
2026-09-11 10:32:08,366 INFO o.a.j.t.JMeterThread: Thread finished: 多用户下单 2-688
2026-09-11 10:32:08,366 INFO o.a.j.t.JMeterThread: Thread is done: 多用户下单 2-951
2026-09-11 10:32:08,366 INFO o.a.j.t.JMeterThread: Thread finished: 多用户下单 2-951
2026-09-11 10:32:08,366 INFO o.a.j.t.JMeterThread: Thread is done: 多用户下单 2-952
2026-09-11 10:32:08,366 INFO o.a.j.t.JMeterThread: Thread finished: 多用户下单 2-952
2026-09-11 10:32:08,366 INFO o.a.j.t.JMeterThread: Thread started: 多用户下单 2-957
2026-09-11 10:32:08,367 INFO o.a.j.t.JMeterThread: Thread started: 多用户下单 2-958
2026-09-11 10:32:08,367 INFO o.a.j.t.JMeterThread: Thread is done: 多用户下单 2-953
2026-09-11 10:32:08,367 INFO o.a.j.t.JMeterThread: Thread is done: 多用户下单 2-692
2026-09-11 10:32:08,367 INFO o.a.j.t.JMeterThread: Thread is done: 多用户下单 2-690
2026-09-11 10:32:08,367 INFO o.a.j.t.JMeterThread: Thread finished: 多用户下单 2-692
2026-09-11 10:32:08,367 INFO o.a.j.t.JMeterThread: Thread finished: 多用户下单 2-953
2026-09-11 10:32:08,367 INFO o.a.j.t.JMeterThread: Thread is done: 多用户下单 2-689
2026-09-11 10:32:08,367 INFO o.a.j.t.JMeterThread: Thread finished: 多用户下单 2-689
2026-09-11 10:32:08,367 INFO o.a.j.t.JMeterThread: Thread finished: 多用户下单 2-690
2026-09-11 10:32:08,368 INFO o.a.j.t.JMeterThread: Thread is done: 多用户下单 2-691
2026-09-11 10:32:08,368 INFO o.a.j.t.JMeterThread: Thread finished: 多用户下单 2-691
2026-09-11 10:32:08,368 INFO o.a.j.t.JMeterThread: Thread is done: 多用户下单 2-693
2026-09-11 10:32:08,368 INFO o.a.j.t.JMeterThread: Thread finished: 多用户下单 2-693
2026-09-11 10:32:08,368 INFO o.a.j.t.JMeterThread: Thread is done: 多用户下单 2-954
2026-09-11 10:32:08,368 INFO o.a.j.t.JMeterThread: Thread started: 多用户下单 2-959
2026-09-11 10:32:08,368 INFO o.a.j.t.JMeterThread: Thread finished: 多用户下单 2-954
2026-09-11 10:32:08,368 INFO o.a.j.t.JMeterThread: Thread is done: 多用户下单 2-955
2026-09-11 10:32:08,368 INFO o.a.j.t.JMeterThread: Thread finished: 多用户下单 2-955
2026-09-11 10:32:08,368 INFO o.a.j.t.JMeterThread: Thread is done: 多用户下单 2-694
2026-09-11 10:32:08,368 INFO o.a.j.t.JMeterThread: Thread is done: 多用户下单 2-956
2026-09-11 10:32:08,368 INFO o.a.j.t.JMeterThread: Thread finished: 多用户下单 2-694
2026-09-11 10:32:08,368 INFO o.a.j.t.JMeterThread: Thread finished: 多用户下单 2-956
2026-09-11 10:32:08,368 INFO o.a.j.t.JMeterThread: Thread started: 多用户下单 2-960
2026-09-11 10:32:08,369 INFO o.a.j.t.JMeterThread: Thread started: 多用户下单 2-961
2026-09-11 10:32:08,369 INFO o.a.j.t.JMeterThread: Thread is done: 多用户下单 2-957
2026-09-11 10:32:08,369 INFO o.a.j.t.JMeterThread: Thread is done: 多用户下单 2-695
2026-09-11 10:32:08,369 INFO o.a.j.t.JMeterThread: Thread finished: 多用户下单 2-957
2026-09-11 10:32:08,369 INFO o.a.j.t.JMeterThread: Thread finished: 多用户下单 2-695
2026-09-11 10:32:08,370 INFO o.a.j.t.JMeterThread: Thread started: 多用户下单 2-962
2026-09-11 10:32:08,370 INFO o.a.j.t.JMeterThread: Thread started: 多用户下单 2-963
2026-09-11 10:32:08,370 INFO o.a.j.t.JMeterThread: Thread is done: 多用户下单 2-698
2026-09-11 10:32:08,370 INFO o.a.j.t.JMeterThread: Thread finished: 多用户下单 2-698
2026-09-11 10:32:08,370 INFO o.a.j.t.JMeterThread: Thread is done: 多用户下单 2-696
2026-09-11 10:32:08,370 INFO o.a.j.t.JMeterThread: Thread is done: 多用户下单 2-697
2026-09-11 10:32:08,370 INFO o.a.j.t.JMeterThread: Thread finished: 多用户下单 2-696
2026-09-11 10:32:08,370 INFO o.a.j.t.JMeterThread: Thread finished: 多用户下单 2-697
2026-09-11 10:32:08,371 INFO o.a.j.t.JMeterThread: Thread started: 多用户下单 2-964
2026-09-11 10:32:08,371 INFO o.a.j.t.JMeterThread: Thread is done: 多用户下单 2-958
2026-09-11 10:32:08,371 INFO o.a.j.t.JMeterThread: Thread finished: 多用户下单 2-958
2026-09-11 10:32:08,371 INFO o.a.j.t.JMeterThread: Thread is done: 多用户下单 2-700
2026-09-11 10:32:08,371 INFO o.a.j.t.JMeterThread: Thread is done: 多用户下单 2-959
2026-09-11 10:32:08,371 INFO o.a.j.t.JMeterThread: Thread finished: 多用户下单 2-700
2026-09-11 10:32:08,371 INFO o.a.j.t.JMeterThread: Thread finished: 多用户下单 2-959
2026-09-11 10:32:08,371 INFO o.a.j.t.JMeterThread: Thread started: 多用户下单 2-965
2026-09-11 10:32:08,371 INFO o.a.j.t.JMeterThread: Thread is done: 多用户下单 2-701
2026-09-11 10:32:08,371 INFO o.a.j.t.JMeterThread: Thread finished: 多用户下单 2-701
2026-09-11 10:32:08,372 INFO o.a.j.t.JMeterThread: Thread is done: 多用户下单 2-960
2026-09-11 10:32:08,372 INFO o.a.j.t.JMeterThread: Thread finished: 多用户下单 2-960
2026-09-11 10:32:08,372 INFO o.a.j.t.JMeterThread: Thread started: 多用户下单 2-966
2026-09-11 10:32:08,372 INFO o.a.j.t.JMeterThread: Thread is done: 多用户下单 2-699
2026-09-11 10:32:08,372 INFO o.a.j.t.JMeterThread: Thread finished: 多用户下单 2-699
2026-09-11 10:32:08,372 INFO o.a.j.t.JMeterThread: Thread is done: 多用户下单 2-702
2026-09-11 10:32:08,372 INFO o.a.j.t.JMeterThread: Thread finished: 多用户下单 2-702
2026-09-11 10:32:08,373 INFO o.a.j.t.JMeterThread: Thread is done: 多用户下单 2-704
2026-09-11 10:32:08,373 INFO o.a.j.t.JMeterThread: Thread finished: 多用户下单 2-704
2026-09-11 10:32:08,373 INFO o.a.j.t.JMeterThread: Thread is done: 多用户下单 2-703
2026-09-11 10:32:08,373 INFO o.a.j.t.JMeterThread: Thread finished: 多用户下单 2-703
2026-09-11 10:32:08,373 INFO o.a.j.t.JMeterThread: Thread is done: 多用户下单 2-962
2026-09-11 10:32:08,373 INFO o.a.j.t.JMeterThread: Thread is done: 多用户下单 2-961
2026-09-11 10:32:08,373 INFO o.a.j.t.JMeterThread: Thread finished: 多用户下单 2-962
2026-09-11 10:32:08,373 INFO o.a.j.t.JMeterThread: Thread finished: 多用户下单 2-961
2026-09-11 10:32:08,373 INFO o.a.j.t.JMeterThread: Thread started: 多用户下单 2-967
2026-09-11 10:32:08,373 INFO o.a.j.t.JMeterThread: Thread is done: 多用户下单 2-963
2026-09-11 10:32:08,374 INFO o.a.j.t.JMeterThread: Thread finished: 多用户下单 2-963
2026-09-11 10:32:08,374 INFO o.a.j.t.JMeterThread: Thread started: 多用户下单 2-968
2026-09-11 10:32:08,374 INFO o.a.j.t.JMeterThread: Thread is done: 多用户下单 2-964
2026-09-11 10:32:08,374 INFO o.a.j.t.JMeterThread: Thread finished: 多用户下单 2-964
2026-09-11 10:32:08,375 INFO o.a.j.t.JMeterThread: Thread started: 多用户下单 2-969
2026-09-11 10:32:08,375 INFO o.a.j.t.JMeterThread: Thread is done: 多用户下单 2-965
2026-09-11 10:32:08,375 INFO o.a.j.t.JMeterThread: Thread finished: 多用户下单 2-965
2026-09-11 10:32:08,375 INFO o.a.j.t.JMeterThread: Thread is done: 多用户下单 2-966
2026-09-11 10:32:08,375 INFO o.a.j.t.JMeterThread: Thread finished: 多用户下单 2-966
2026-09-11 10:32:08,375 INFO o.a.j.t.JMeterThread: Thread started: 多用户下单 2-970
2026-09-11 10:32:08,375 INFO o.a.j.t.JMeterThread: Thread is done: 多用户下单 2-706
2026-09-11 10:32:08,376 INFO o.a.j.t.JMeterThread: Thread finished: 多用户下单 2-706
2026-09-11 10:32:08,376 INFO o.a.j.t.JMeterThread: Thread started: 多用户下单 2-971
2026-09-11 10:32:08,375 INFO o.a.j.t.JMeterThread: Thread is done: 多用户下单 2-705
2026-09-11 10:32:08,376 INFO o.a.j.t.JMeterThread: Thread finished: 多用户下单 2-705
2026-09-11 10:32:08,376 INFO o.a.j.t.JMeterThread: Thread started: 多用户下单 2-972
2026-09-11 10:32:08,376 INFO o.a.j.t.JMeterThread: Thread is done: 多用户下单 2-707
2026-09-11 10:32:08,376 INFO o.a.j.t.JMeterThread: Thread finished: 多用户下单 2-707
2026-09-11 10:32:08,377 INFO o.a.j.t.JMeterThread: Thread started: 多用户下单 2-973
2026-09-11 10:32:08,377 INFO o.a.j.t.JMeterThread: Thread started: 多用户下单 2-974
2026-09-11 10:32:08,378 INFO o.a.j.t.JMeterThread: Thread is done: 多用户下单 2-709
2026-09-11 10:32:08,378 INFO o.a.j.t.JMeterThread: Thread finished: 多用户下单 2-709
2026-09-11 10:32:08,378 INFO o.a.j.t.JMeterThread: Thread started: 多用户下单 2-975
2026-09-11 10:32:08,378 INFO o.a.j.t.JMeterThread: Thread started: 多用户下单 2-976
2026-09-11 10:32:08,378 INFO o.a.j.t.JMeterThread: Thread started: 多用户下单 2-977
2026-09-11 10:32:08,379 INFO o.a.j.t.JMeterThread: Thread started: 多用户下单 2-978
2026-09-11 10:32:08,380 INFO o.a.j.t.JMeterThread: Thread is done: 多用户下单 2-708
2026-09-11 10:32:08,380 INFO o.a.j.t.JMeterThread: Thread finished: 多用户下单 2-708
2026-09-11 10:32:08,380 INFO o.a.j.t.JMeterThread: Thread started: 多用户下单 2-979
2026-09-11 10:32:08,381 INFO o.a.j.t.JMeterThread: Thread is done: 多用户下单 2-710
2026-09-11 10:32:08,381 INFO o.a.j.t.JMeterThread: Thread started: 多用户下单 2-980
2026-09-11 10:32:08,381 INFO o.a.j.t.JMeterThread: Thread finished: 多用户下单 2-710
2026-09-11 10:32:08,381 INFO o.a.j.t.JMeterThread: Thread started: 多用户下单 2-981
2026-09-11 10:32:08,382 INFO o.a.j.t.JMeterThread: Thread started: 多用户下单 2-982
2026-09-11 10:32:08,382 INFO o.a.j.t.JMeterThread: Thread is done: 多用户下单 2-713
2026-09-11 10:32:08,382 INFO o.a.j.t.JMeterThread: Thread finished: 多用户下单 2-713
2026-09-11 10:32:08,383 INFO o.a.j.t.JMeterThread: Thread is done: 多用户下单 2-711
2026-09-11 10:32:08,383 INFO o.a.j.t.JMeterThread: Thread finished: 多用户下单 2-711
2026-09-11 10:32:08,383 INFO o.a.j.t.JMeterThread: Thread started: 多用户下单 2-983
2026-09-11 10:32:08,383 INFO o.a.j.t.JMeterThread: Thread started: 多用户下单 2-984
2026-09-11 10:32:08,383 INFO o.a.j.t.JMeterThread: Thread started: 多用户下单 2-985
2026-09-11 10:32:08,384 INFO o.a.j.t.JMeterThread: Thread started: 多用户下单 2-986
2026-09-11 10:32:08,384 INFO o.a.j.t.JMeterThread: Thread started: 多用户下单 2-987
2026-09-11 10:32:08,384 INFO o.a.j.t.JMeterThread: Thread started: 多用户下单 2-988
2026-09-11 10:32:08,384 INFO o.a.j.t.JMeterThread: Thread is done: 多用户下单 2-712
2026-09-11 10:32:08,385 INFO o.a.j.t.JMeterThread: Thread finished: 多用户下单 2-712
2026-09-11 10:32:08,385 INFO o.a.j.t.JMeterThread: Thread started: 多用户下单 2-989
2026-09-11 10:32:08,385 INFO o.a.j.t.JMeterThread: Thread started: 多用户下单 2-990
2026-09-11 10:32:08,386 INFO o.a.j.t.JMeterThread: Thread started: 多用户下单 2-991
2026-09-11 10:32:08,386 INFO o.a.j.t.JMeterThread: Thread started: 多用户下单 2-992
2026-09-11 10:32:08,386 INFO o.a.j.t.JMeterThread: Thread started: 多用户下单 2-993
2026-09-11 10:32:08,387 INFO o.a.j.t.JMeterThread: Thread started: 多用户下单 2-994
2026-09-11 10:32:08,387 INFO o.a.j.t.JMeterThread: Thread started: 多用户下单 2-995
2026-09-11 10:32:08,388 INFO o.a.j.t.JMeterThread: Thread started: 多用户下单 2-996
2026-09-11 10:32:08,388 INFO o.a.j.t.JMeterThread: Thread started: 多用户下单 2-997
2026-09-11 10:32:08,389 INFO o.a.j.t.JMeterThread: Thread started: 多用户下单 2-998
2026-09-11 10:32:08,389 INFO o.a.j.t.ThreadGroup: Started thread group number 2
2026-09-11 10:32:08,389 INFO o.a.j.e.StandardJMeterEngine: All thread groups have been started
2026-09-11 10:32:08,390 INFO o.a.j.t.JMeterThread: Thread started: 多用户下单 2-1000
2026-09-11 10:32:08,390 INFO o.a.j.t.JMeterThread: Thread started: 多用户下单 2-999
2026-09-11 10:32:08,392 INFO o.a.j.t.JMeterThread: Thread is done: 多用户下单 2-715
2026-09-11 10:32:08,392 INFO o.a.j.t.JMeterThread: Thread finished: 多用户下单 2-715
2026-09-11 10:32:08,392 INFO o.a.j.t.JMeterThread: Thread is done: 多用户下单 2-714
2026-09-11 10:32:08,392 INFO o.a.j.t.JMeterThread: Thread finished: 多用户下单 2-714
2026-09-11 10:32:08,392 INFO o.a.j.t.JMeterThread: Thread is done: 多用户下单 2-716
2026-09-11 10:32:08,392 INFO o.a.j.t.JMeterThread: Thread finished: 多用户下单 2-716
2026-09-11 10:32:08,394 INFO o.a.j.t.JMeterThread: Thread is done: 多用户下单 2-717
2026-09-11 10:32:08,394 INFO o.a.j.t.JMeterThread: Thread finished: 多用户下单 2-717
2026-09-11 10:32:08,413 INFO o.a.j.t.JMeterThread: Thread is done: 多用户下单 2-755
2026-09-11 10:32:08,413 INFO o.a.j.t.JMeterThread: Thread is done: 多用户下单 2-758
2026-09-11 10:32:08,413 INFO o.a.j.t.JMeterThread: Thread is done: 多用户下单 2-752
2026-09-11 10:32:08,413 INFO o.a.j.t.JMeterThread: Thread is done: 多用户下单 2-751
2026-09-11 10:32:08,413 INFO o.a.j.t.JMeterThread: Thread is done: 多用户下单 2-749
2026-09-11 10:32:08,413 INFO o.a.j.t.JMeterThread: Thread is done: 多用户下单 2-740
2026-09-11 10:32:08,413 INFO o.a.j.t.JMeterThread: Thread is done: 多用户下单 2-745
2026-09-11 10:32:08,413 INFO o.a.j.t.JMeterThread: Thread is done: 多用户下单 2-737
2026-09-11 10:32:08,413 INFO o.a.j.t.JMeterThread: Thread is done: 多用户下单 2-738
2026-09-11 10:32:08,414 INFO o.a.j.t.JMeterThread: Thread is done: 多用户下单 2-726
2026-09-11 10:32:08,413 INFO o.a.j.t.JMeterThread: Thread is done: 多用户下单 2-736
2026-09-11 10:32:08,414 INFO o.a.j.t.JMeterThread: Thread is done: 多用户下单 2-731
2026-09-11 10:32:08,413 INFO o.a.j.t.JMeterThread: Thread finished: 多用户下单 2-751
2026-09-11 10:32:08,414 INFO o.a.j.t.JMeterThread: Thread is done: 多用户下单 2-725
2026-09-11 10:32:08,414 INFO o.a.j.t.JMeterThread: Thread is done: 多用户下单 2-728
2026-09-11 10:32:08,414 INFO o.a.j.t.JMeterThread: Thread is done: 多用户下单 2-724
2026-09-11 10:32:08,414 INFO o.a.j.t.JMeterThread: Thread is done: 多用户下单 2-721
2026-09-11 10:32:08,413 INFO o.a.j.t.JMeterThread: Thread is done: 多用户下单 2-733
2026-09-11 10:32:08,414 INFO o.a.j.t.JMeterThread: Thread is done: 多用户下单 2-719
2026-09-11 10:32:08,413 INFO o.a.j.t.JMeterThread: Thread is done: 多用户下单 2-741
2026-09-11 10:32:08,414 INFO o.a.j.t.JMeterThread: Thread is done: 多用户下单 2-718
2026-09-11 10:32:08,413 INFO o.a.j.t.JMeterThread: Thread is done: 多用户下单 2-739
2026-09-11 10:32:08,414 INFO o.a.j.t.JMeterThread: Thread finished: 多用户下单 2-741
2026-09-11 10:32:08,414 INFO o.a.j.t.JMeterThread: Thread finished: 多用户下单 2-739
2026-09-11 10:32:08,413 INFO o.a.j.t.JMeterThread: Thread is done: 多用户下单 2-742
2026-09-11 10:32:08,414 INFO o.a.j.t.JMeterThread: Thread finished: 多用户下单 2-745
2026-09-11 10:32:08,413 INFO o.a.j.t.JMeterThread: Thread finished: 多用户下单 2-755
2026-09-11 10:32:08,413 INFO o.a.j.t.JMeterThread: Thread is done: 多用户下单 2-743
2026-09-11 10:32:08,413 INFO o.a.j.t.JMeterThread: Thread is done: 多用户下单 2-744
2026-09-11 10:32:08,413 INFO o.a.j.t.JMeterThread: Thread is done: 多用户下单 2-747
2026-09-11 10:32:08,414 INFO o.a.j.t.JMeterThread: Thread finished: 多用户下单 2-744
2026-09-11 10:32:08,413 INFO o.a.j.t.JMeterThread: Thread is done: 多用户下单 2-748
2026-09-11 10:32:08,413 INFO o.a.j.t.JMeterThread: Thread is done: 多用户下单 2-750
2026-09-11 10:32:08,413 INFO o.a.j.t.JMeterThread: Thread is done: 多用户下单 2-753
2026-09-11 10:32:08,413 INFO o.a.j.t.JMeterThread: Thread is done: 多用户下单 2-746
2026-09-11 10:32:08,415 INFO o.a.j.t.JMeterThread: Thread finished: 多用户下单 2-758
2026-09-11 10:32:08,415 INFO o.a.j.t.JMeterThread: Thread finished: 多用户下单 2-746
2026-09-11 10:32:08,415 INFO o.a.j.t.JMeterThread: Thread finished: 多用户下单 2-752
2026-09-11 10:32:08,415 INFO o.a.j.t.JMeterThread: Thread finished: 多用户下单 2-750
2026-09-11 10:32:08,414 INFO o.a.j.t.JMeterThread: Thread finished: 多用户下单 2-748
2026-09-11 10:32:08,414 INFO o.a.j.t.JMeterThread: Thread finished: 多用户下单 2-749
2026-09-11 10:32:08,414 INFO o.a.j.t.JMeterThread: Thread finished: 多用户下单 2-743
2026-09-11 10:32:08,414 INFO o.a.j.t.JMeterThread: Thread is done: 多用户下单 2-761
2026-09-11 10:32:08,414 INFO o.a.j.t.JMeterThread: Thread finished: 多用户下单 2-733
2026-09-11 10:32:08,415 INFO o.a.j.t.JMeterThread: Thread finished: 多用户下单 2-742
2026-09-11 10:32:08,414 INFO o.a.j.t.JMeterThread: Thread is done: 多用户下单 2-754
2026-09-11 10:32:08,414 INFO o.a.j.t.JMeterThread: Thread is done: 多用户下单 2-727
2026-09-11 10:32:08,415 INFO o.a.j.t.JMeterThread: Thread finished: 多用户下单 2-754
2026-09-11 10:32:08,414 INFO o.a.j.t.JMeterThread: Thread finished: 多用户下单 2-736
2026-09-11 10:32:08,415 INFO o.a.j.t.JMeterThread: Thread finished: 多用户下单 2-719
2026-09-11 10:32:08,414 INFO o.a.j.t.JMeterThread: Thread is done: 多用户下单 2-723
2026-09-11 10:32:08,414 INFO o.a.j.t.JMeterThread: Thread finished: 多用户下单 2-725
2026-09-11 10:32:08,415 INFO o.a.j.t.JMeterThread: Thread finished: 多用户下单 2-721
2026-09-11 10:32:08,414 INFO o.a.j.t.JMeterThread: Thread is done: 多用户下单 2-734
2026-09-11 10:32:08,416 INFO o.a.j.t.JMeterThread: Thread finished: 多用户下单 2-728
2026-09-11 10:32:08,414 INFO o.a.j.t.JMeterThread: Thread is done: 多用户下单 2-722
2026-09-11 10:32:08,414 INFO o.a.j.t.JMeterThread: Thread is done: 多用户下单 2-730
2026-09-11 10:32:08,416 INFO o.a.j.t.JMeterThread: Thread finished: 多用户下单 2-722
2026-09-11 10:32:08,414 INFO o.a.j.t.JMeterThread: Thread finished: 多用户下单 2-726
2026-09-11 10:32:08,416 INFO o.a.j.t.JMeterThread: Thread finished: 多用户下单 2-730
2026-09-11 10:32:08,414 INFO o.a.j.t.JMeterThread: Thread is done: 多用户下单 2-732
2026-09-11 10:32:08,414 INFO o.a.j.t.JMeterThread: Thread is done: 多用户下单 2-720
2026-09-11 10:32:08,414 INFO o.a.j.t.JMeterThread: Thread is done: 多用户下单 2-756
2026-09-11 10:32:08,416 INFO o.a.j.t.JMeterThread: Thread finished: 多用户下单 2-720
2026-09-11 10:32:08,414 INFO o.a.j.t.JMeterThread: Thread is done: 多用户下单 2-735
2026-09-11 10:32:08,414 INFO o.a.j.t.JMeterThread: Thread finished: 多用户下单 2-738
2026-09-11 10:32:08,414 INFO o.a.j.t.JMeterThread: Thread is done: 多用户下单 2-729
2026-09-11 10:32:08,413 INFO o.a.j.t.JMeterThread: Thread finished: 多用户下单 2-740
2026-09-11 10:32:08,416 INFO o.a.j.t.JMeterThread: Thread finished: 多用户下单 2-729
2026-09-11 10:32:08,416 INFO o.a.j.t.JMeterThread: Thread is done: 多用户下单 2-757
2026-09-11 10:32:08,416 INFO o.a.j.t.JMeterThread: Thread finished: 多用户下单 2-737
2026-09-11 10:32:08,416 INFO o.a.j.t.JMeterThread: Thread finished: 多用户下单 2-735
2026-09-11 10:32:08,416 INFO o.a.j.t.JMeterThread: Thread finished: 多用户下单 2-732
2026-09-11 10:32:08,416 INFO o.a.j.t.JMeterThread: Thread finished: 多用户下单 2-731
2026-09-11 10:32:08,416 INFO o.a.j.t.JMeterThread: Thread is done: 多用户下单 2-759
2026-09-11 10:32:08,417 INFO o.a.j.t.JMeterThread: Thread finished: 多用户下单 2-759
2026-09-11 10:32:08,417 INFO o.a.j.t.JMeterThread: Thread finished: 多用户下单 2-734
2026-09-11 10:32:08,416 INFO o.a.j.t.JMeterThread: Thread finished: 多用户下单 2-724
2026-09-11 10:32:08,415 INFO o.a.j.t.JMeterThread: Thread finished: 多用户下单 2-723
2026-09-11 10:32:08,415 INFO o.a.j.t.JMeterThread: Thread finished: 多用户下单 2-727
2026-09-11 10:32:08,415 INFO o.a.j.t.JMeterThread: Thread finished: 多用户下单 2-718
2026-09-11 10:32:08,415 INFO o.a.j.t.JMeterThread: Thread finished: 多用户下单 2-747
2026-09-11 10:32:08,417 INFO o.a.j.t.JMeterThread: Thread finished: 多用户下单 2-761
2026-09-11 10:32:08,415 INFO o.a.j.t.JMeterThread: Thread is done: 多用户下单 2-760
2026-09-11 10:32:08,415 INFO o.a.j.t.JMeterThread: Thread finished: 多用户下单 2-753
2026-09-11 10:32:08,417 INFO o.a.j.t.JMeterThread: Thread finished: 多用户下单 2-760
2026-09-11 10:32:08,416 INFO o.a.j.t.JMeterThread: Thread finished: 多用户下单 2-756
2026-09-11 10:32:08,416 INFO o.a.j.t.JMeterThread: Thread finished: 多用户下单 2-757
2026-09-11 10:32:08,418 INFO o.a.j.t.JMeterThread: Thread is done: 多用户下单 2-768
2026-09-11 10:32:08,418 INFO o.a.j.t.JMeterThread: Thread finished: 多用户下单 2-768
2026-09-11 10:32:08,418 INFO o.a.j.t.JMeterThread: Thread is done: 多用户下单 2-763
2026-09-11 10:32:08,418 INFO o.a.j.t.JMeterThread: Thread finished: 多用户下单 2-763
2026-09-11 10:32:08,419 INFO o.a.j.t.JMeterThread: Thread is done: 多用户下单 2-764
2026-09-11 10:32:08,419 INFO o.a.j.t.JMeterThread: Thread finished: 多用户下单 2-764
2026-09-11 10:32:08,419 INFO o.a.j.t.JMeterThread: Thread is done: 多用户下单 2-765
2026-09-11 10:32:08,419 INFO o.a.j.t.JMeterThread: Thread finished: 多用户下单 2-765
2026-09-11 10:32:08,421 INFO o.a.j.t.JMeterThread: Thread is done: 多用户下单 2-766
2026-09-11 10:32:08,421 INFO o.a.j.t.JMeterThread: Thread finished: 多用户下单 2-766
2026-09-11 10:32:08,421 INFO o.a.j.t.JMeterThread: Thread is done: 多用户下单 2-772
2026-09-11 10:32:08,421 INFO o.a.j.t.JMeterThread: Thread is done: 多用户下单 2-762
2026-09-11 10:32:08,421 INFO o.a.j.t.JMeterThread: Thread finished: 多用户下单 2-772
2026-09-11 10:32:08,421 INFO o.a.j.t.JMeterThread: Thread finished: 多用户下单 2-762
2026-09-11 10:32:08,421 INFO o.a.j.t.JMeterThread: Thread is done: 多用户下单 2-770
2026-09-11 10:32:08,421 INFO o.a.j.t.JMeterThread: Thread is done: 多用户下单 2-773
2026-09-11 10:32:08,421 INFO o.a.j.t.JMeterThread: Thread is done: 多用户下单 2-771
2026-09-11 10:32:08,422 INFO o.a.j.t.JMeterThread: Thread finished: 多用户下单 2-770
2026-09-11 10:32:08,422 INFO o.a.j.t.JMeterThread: Thread finished: 多用户下单 2-773
2026-09-11 10:32:08,422 INFO o.a.j.t.JMeterThread: Thread finished: 多用户下单 2-771
2026-09-11 10:32:08,422 INFO o.a.j.t.JMeterThread: Thread is done: 多用户下单 2-769
2026-09-11 10:32:08,422 INFO o.a.j.t.JMeterThread: Thread finished: 多用户下单 2-769
2026-09-11 10:32:08,424 INFO o.a.j.t.JMeterThread: Thread is done: 多用户下单 2-777
2026-09-11 10:32:08,424 INFO o.a.j.t.JMeterThread: Thread finished: 多用户下单 2-777
2026-09-11 10:32:08,424 INFO o.a.j.t.JMeterThread: Thread is done: 多用户下单 2-775
2026-09-11 10:32:08,424 INFO o.a.j.t.JMeterThread: Thread finished: 多用户下单 2-775
2026-09-11 10:32:08,424 INFO o.a.j.t.JMeterThread: Thread is done: 多用户下单 2-778
2026-09-11 10:32:08,424 INFO o.a.j.t.JMeterThread: Thread finished: 多用户下单 2-778
2026-09-11 10:32:08,424 INFO o.a.j.t.JMeterThread: Thread is done: 多用户下单 2-776
2026-09-11 10:32:08,424 INFO o.a.j.t.JMeterThread: Thread is done: 多用户下单 2-767
2026-09-11 10:32:08,424 INFO o.a.j.t.JMeterThread: Thread finished: 多用户下单 2-776
2026-09-11 10:32:08,424 INFO o.a.j.t.JMeterThread: Thread finished: 多用户下单 2-767
2026-09-11 10:32:08,424 INFO o.a.j.t.JMeterThread: Thread is done: 多用户下单 2-774
2026-09-11 10:32:08,424 INFO o.a.j.t.JMeterThread: Thread is done: 多用户下单 2-779
2026-09-11 10:32:08,424 INFO o.a.j.t.JMeterThread: Thread finished: 多用户下单 2-774
2026-09-11 10:32:08,424 INFO o.a.j.t.JMeterThread: Thread finished: 多用户下单 2-779
2026-09-11 10:32:08,424 INFO o.a.j.t.JMeterThread: Thread is done: 多用户下单 2-780
2026-09-11 10:32:08,425 INFO o.a.j.t.JMeterThread: Thread finished: 多用户下单 2-780
2026-09-11 10:32:08,427 INFO o.a.j.t.JMeterThread: Thread is done: 多用户下单 2-781
2026-09-11 10:32:08,427 INFO o.a.j.t.JMeterThread: Thread finished: 多用户下单 2-781
2026-09-11 10:32:08,427 INFO o.a.j.t.JMeterThread: Thread is done: 多用户下单 2-783
2026-09-11 10:32:08,427 INFO o.a.j.t.JMeterThread: Thread finished: 多用户下单 2-783
2026-09-11 10:32:08,431 INFO o.a.j.t.JMeterThread: Thread is done: 多用户下单 2-782
2026-09-11 10:32:08,431 INFO o.a.j.t.JMeterThread: Thread finished: 多用户下单 2-782
2026-09-11 10:32:08,431 INFO o.a.j.t.JMeterThread: Thread is done: 多用户下单 2-784
2026-09-11 10:32:08,431 INFO o.a.j.t.JMeterThread: Thread finished: 多用户下单 2-784
2026-09-11 10:32:08,432 INFO o.a.j.t.JMeterThread: Thread is done: 多用户下单 2-787
2026-09-11 10:32:08,432 INFO o.a.j.t.JMeterThread: Thread finished: 多用户下单 2-787
2026-09-11 10:32:08,432 INFO o.a.j.t.JMeterThread: Thread is done: 多用户下单 2-786
2026-09-11 10:32:08,432 INFO o.a.j.t.JMeterThread: Thread finished: 多用户下单 2-786
2026-09-11 10:32:08,432 INFO o.a.j.t.JMeterThread: Thread is done: 多用户下单 2-785
2026-09-11 10:32:08,432 INFO o.a.j.t.JMeterThread: Thread is done: 多用户下单 2-789
2026-09-11 10:32:08,432 INFO o.a.j.t.JMeterThread: Thread finished: 多用户下单 2-785
2026-09-11 10:32:08,433 INFO o.a.j.t.JMeterThread: Thread finished: 多用户下单 2-789
2026-09-11 10:32:08,433 INFO o.a.j.t.JMeterThread: Thread is done: 多用户下单 2-788
2026-09-11 10:32:08,433 INFO o.a.j.t.JMeterThread: Thread finished: 多用户下单 2-788
2026-09-11 10:32:08,434 INFO o.a.j.t.JMeterThread: Thread is done: 多用户下单 2-831
2026-09-11 10:32:08,434 INFO o.a.j.t.JMeterThread: Thread finished: 多用户下单 2-831
2026-09-11 10:32:08,436 INFO o.a.j.t.JMeterThread: Thread is done: 多用户下单 2-830
2026-09-11 10:32:08,436 INFO o.a.j.t.JMeterThread: Thread finished: 多用户下单 2-830
2026-09-11 10:32:08,436 INFO o.a.j.t.JMeterThread: Thread is done: 多用户下单 2-836
2026-09-11 10:32:08,436 INFO o.a.j.t.JMeterThread: Thread finished: 多用户下单 2-836
2026-09-11 10:32:08,436 INFO o.a.j.t.JMeterThread: Thread is done: 多用户下单 2-833
2026-09-11 10:32:08,436 INFO o.a.j.t.JMeterThread: Thread finished: 多用户下单 2-833
2026-09-11 10:32:08,436 INFO o.a.j.t.JMeterThread: Thread is done: 多用户下单 2-834
2026-09-11 10:32:08,436 INFO o.a.j.t.JMeterThread: Thread finished: 多用户下单 2-834
2026-09-11 10:32:08,436 INFO o.a.j.t.JMeterThread: Thread is done: 多用户下单 2-837
2026-09-11 10:32:08,436 INFO o.a.j.t.JMeterThread: Thread is done: 多用户下单 2-835
2026-09-11 10:32:08,436 INFO o.a.j.t.JMeterThread: Thread finished: 多用户下单 2-835
2026-09-11 10:32:08,436 INFO o.a.j.t.JMeterThread: Thread finished: 多用户下单 2-837
2026-09-11 10:32:08,437 INFO o.a.j.t.JMeterThread: Thread is done: 多用户下单 2-845
2026-09-11 10:32:08,437 INFO o.a.j.t.JMeterThread: Thread finished: 多用户下单 2-845
2026-09-11 10:32:08,437 INFO o.a.j.t.JMeterThread: Thread is done: 多用户下单 2-840
2026-09-11 10:32:08,437 INFO o.a.j.t.JMeterThread: Thread is done: 多用户下单 2-832
2026-09-11 10:32:08,437 INFO o.a.j.t.JMeterThread: Thread finished: 多用户下单 2-840
2026-09-11 10:32:08,437 INFO o.a.j.t.JMeterThread: Thread is done: 多用户下单 2-839
2026-09-11 10:32:08,437 INFO o.a.j.t.JMeterThread: Thread finished: 多用户下单 2-839
2026-09-11 10:32:08,437 INFO o.a.j.t.JMeterThread: Thread finished: 多用户下单 2-832
2026-09-11 10:32:08,438 INFO o.a.j.t.JMeterThread: Thread is done: 多用户下单 2-844
2026-09-11 10:32:08,438 INFO o.a.j.t.JMeterThread: Thread finished: 多用户下单 2-844
2026-09-11 10:32:08,439 INFO o.a.j.t.JMeterThread: Thread is done: 多用户下单 2-842
2026-09-11 10:32:08,439 INFO o.a.j.t.JMeterThread: Thread finished: 多用户下单 2-842
2026-09-11 10:32:08,439 INFO o.a.j.t.JMeterThread: Thread is done: 多用户下单 2-841
2026-09-11 10:32:08,439 INFO o.a.j.t.JMeterThread: Thread finished: 多用户下单 2-841
2026-09-11 10:32:08,439 INFO o.a.j.t.JMeterThread: Thread is done: 多用户下单 2-838
2026-09-11 10:32:08,439 INFO o.a.j.t.JMeterThread: Thread is done: 多用户下单 2-847
2026-09-11 10:32:08,439 INFO o.a.j.t.JMeterThread: Thread finished: 多用户下单 2-838
2026-09-11 10:32:08,439 INFO o.a.j.t.JMeterThread: Thread finished: 多用户下单 2-847
2026-09-11 10:32:08,439 INFO o.a.j.t.JMeterThread: Thread is done: 多用户下单 2-843
2026-09-11 10:32:08,439 INFO o.a.j.t.JMeterThread: Thread finished: 多用户下单 2-843
2026-09-11 10:32:08,439 INFO o.a.j.t.JMeterThread: Thread is done: 多用户下单 2-850
2026-09-11 10:32:08,439 INFO o.a.j.t.JMeterThread: Thread finished: 多用户下单 2-850
2026-09-11 10:32:08,440 INFO o.a.j.t.JMeterThread: Thread is done: 多用户下单 2-849
2026-09-11 10:32:08,440 INFO o.a.j.t.JMeterThread: Thread finished: 多用户下单 2-849
2026-09-11 10:32:08,441 INFO o.a.j.t.JMeterThread: Thread is done: 多用户下单 2-851
2026-09-11 10:32:08,441 INFO o.a.j.t.JMeterThread: Thread finished: 多用户下单 2-851
2026-09-11 10:32:08,441 INFO o.a.j.t.JMeterThread: Thread is done: 多用户下单 2-848
2026-09-11 10:32:08,441 INFO o.a.j.t.JMeterThread: Thread finished: 多用户下单 2-848
2026-09-11 10:32:08,442 INFO o.a.j.t.JMeterThread: Thread is done: 多用户下单 2-846
2026-09-11 10:32:08,442 INFO o.a.j.t.JMeterThread: Thread finished: 多用户下单 2-846
2026-09-11 10:32:08,442 INFO o.a.j.t.JMeterThread: Thread is done: 多用户下单 2-852
2026-09-11 10:32:08,442 INFO o.a.j.t.JMeterThread: Thread finished: 多用户下单 2-852
2026-09-11 10:32:08,442 INFO o.a.j.t.JMeterThread: Thread is done: 多用户下单 2-854
2026-09-11 10:32:08,443 INFO o.a.j.t.JMeterThread: Thread finished: 多用户下单 2-854
2026-09-11 10:32:08,443 INFO o.a.j.t.JMeterThread: Thread is done: 多用户下单 2-853
2026-09-11 10:32:08,443 INFO o.a.j.t.JMeterThread: Thread finished: 多用户下单 2-853
2026-09-11 10:32:08,443 INFO o.a.j.t.JMeterThread: Thread is done: 多用户下单 2-856
2026-09-11 10:32:08,444 INFO o.a.j.t.JMeterThread: Thread finished: 多用户下单 2-856
2026-09-11 10:32:08,444 INFO o.a.j.t.JMeterThread: Thread is done: 多用户下单 2-857
2026-09-11 10:32:08,444 INFO o.a.j.t.JMeterThread: Thread finished: 多用户下单 2-857
2026-09-11 10:32:08,445 INFO o.a.j.t.JMeterThread: Thread is done: 多用户下单 2-855
2026-09-11 10:32:08,445 INFO o.a.j.t.JMeterThread: Thread finished: 多用户下单 2-855
2026-09-11 10:32:08,445 INFO o.a.j.t.JMeterThread: Thread is done: 多用户下单 2-861
2026-09-11 10:32:08,445 INFO o.a.j.t.JMeterThread: Thread finished: 多用户下单 2-861
2026-09-11 10:32:08,445 INFO o.a.j.t.JMeterThread: Thread is done: 多用户下单 2-860
2026-09-11 10:32:08,445 INFO o.a.j.t.JMeterThread: Thread finished: 多用户下单 2-860
2026-09-11 10:32:08,445 INFO o.a.j.t.JMeterThread: Thread is done: 多用户下单 2-858
2026-09-11 10:32:08,445 INFO o.a.j.t.JMeterThread: Thread finished: 多用户下单 2-858
2026-09-11 10:32:08,446 INFO o.a.j.t.JMeterThread: Thread is done: 多用户下单 2-862
2026-09-11 10:32:08,446 INFO o.a.j.t.JMeterThread: Thread finished: 多用户下单 2-862
2026-09-11 10:32:08,446 INFO o.a.j.t.JMeterThread: Thread is done: 多用户下单 2-859
2026-09-11 10:32:08,446 INFO o.a.j.t.JMeterThread: Thread finished: 多用户下单 2-859
2026-09-11 10:32:08,447 INFO o.a.j.t.JMeterThread: Thread is done: 多用户下单 2-864
2026-09-11 10:32:08,447 INFO o.a.j.t.JMeterThread: Thread finished: 多用户下单 2-864
2026-09-11 10:32:08,448 INFO o.a.j.t.JMeterThread: Thread is done: 多用户下单 2-865
2026-09-11 10:32:08,448 INFO o.a.j.t.JMeterThread: Thread finished: 多用户下单 2-865
2026-09-11 10:32:08,449 INFO o.a.j.t.JMeterThread: Thread is done: 多用户下单 2-863
2026-09-11 10:32:08,449 INFO o.a.j.t.JMeterThread: Thread finished: 多用户下单 2-863
2026-09-11 10:32:08,449 INFO o.a.j.t.JMeterThread: Thread is done: 多用户下单 2-868
2026-09-11 10:32:08,449 INFO o.a.j.t.JMeterThread: Thread finished: 多用户下单 2-868
2026-09-11 10:32:08,449 INFO o.a.j.t.JMeterThread: Thread is done: 多用户下单 2-867
2026-09-11 10:32:08,449 INFO o.a.j.t.JMeterThread: Thread finished: 多用户下单 2-867
2026-09-11 10:32:08,449 INFO o.a.j.t.JMeterThread: Thread is done: 多用户下单 2-866
2026-09-11 10:32:08,449 INFO o.a.j.t.JMeterThread: Thread finished: 多用户下单 2-866
2026-09-11 10:32:08,450 INFO o.a.j.t.JMeterThread: Thread is done: 多用户下单 2-869
2026-09-11 10:32:08,450 INFO o.a.j.t.JMeterThread: Thread finished: 多用户下单 2-869
2026-09-11 10:32:08,450 INFO o.a.j.t.JMeterThread: Thread is done: 多用户下单 2-871
2026-09-11 10:32:08,450 INFO o.a.j.t.JMeterThread: Thread finished: 多用户下单 2-871
2026-09-11 10:32:08,452 INFO o.a.j.t.JMeterThread: Thread is done: 多用户下单 2-870
2026-09-11 10:32:08,452 INFO o.a.j.t.JMeterThread: Thread finished: 多用户下单 2-870
2026-09-11 10:32:08,453 INFO o.a.j.t.JMeterThread: Thread is done: 多用户下单 2-872
2026-09-11 10:32:08,453 INFO o.a.j.t.JMeterThread: Thread finished: 多用户下单 2-872
2026-09-11 10:32:08,453 INFO o.a.j.t.JMeterThread: Thread is done: 多用户下单 2-874
2026-09-11 10:32:08,453 INFO o.a.j.t.JMeterThread: Thread is done: 多用户下单 2-873
2026-09-11 10:32:08,453 INFO o.a.j.t.JMeterThread: Thread finished: 多用户下单 2-874
2026-09-11 10:32:08,453 INFO o.a.j.t.JMeterThread: Thread finished: 多用户下单 2-873
2026-09-11 10:32:08,453 INFO o.a.j.t.JMeterThread: Thread is done: 多用户下单 2-876
2026-09-11 10:32:08,454 INFO o.a.j.t.JMeterThread: Thread finished: 多用户下单 2-876
2026-09-11 10:32:08,454 INFO o.a.j.t.JMeterThread: Thread is done: 多用户下单 2-875
2026-09-11 10:32:08,454 INFO o.a.j.t.JMeterThread: Thread finished: 多用户下单 2-875
2026-09-11 10:32:08,454 INFO o.a.j.t.JMeterThread: Thread is done: 多用户下单 2-878
2026-09-11 10:32:08,454 INFO o.a.j.t.JMeterThread: Thread finished: 多用户下单 2-878
2026-09-11 10:32:08,454 INFO o.a.j.t.JMeterThread: Thread is done: 多用户下单 2-879
2026-09-11 10:32:08,454 INFO o.a.j.t.JMeterThread: Thread finished: 多用户下单 2-879
2026-09-11 10:32:08,455 INFO o.a.j.t.JMeterThread: Thread is done: 多用户下单 2-877
2026-09-11 10:32:08,455 INFO o.a.j.t.JMeterThread: Thread finished: 多用户下单 2-877
2026-09-11 10:32:08,455 INFO o.a.j.t.JMeterThread: Thread is done: 多用户下单 2-881
2026-09-11 10:32:08,455 INFO o.a.j.t.JMeterThread: Thread finished: 多用户下单 2-881
2026-09-11 10:32:08,455 INFO o.a.j.t.JMeterThread: Thread is done: 多用户下单 2-884
2026-09-11 10:32:08,455 INFO o.a.j.t.JMeterThread: Thread finished: 多用户下单 2-884
2026-09-11 10:32:08,456 INFO o.a.j.t.JMeterThread: Thread is done: 多用户下单 2-882
2026-09-11 10:32:08,456 INFO o.a.j.t.JMeterThread: Thread finished: 多用户下单 2-882
2026-09-11 10:32:08,456 INFO o.a.j.t.JMeterThread: Thread is done: 多用户下单 2-883
2026-09-11 10:32:08,456 INFO o.a.j.t.JMeterThread: Thread finished: 多用户下单 2-883
2026-09-11 10:32:08,457 INFO o.a.j.t.JMeterThread: Thread is done: 多用户下单 2-880
2026-09-11 10:32:08,457 INFO o.a.j.t.JMeterThread: Thread finished: 多用户下单 2-880
2026-09-11 10:32:08,457 INFO o.a.j.t.JMeterThread: Thread is done: 多用户下单 2-885
2026-09-11 10:32:08,458 INFO o.a.j.t.JMeterThread: Thread finished: 多用户下单 2-885
2026-09-11 10:32:08,458 INFO o.a.j.t.JMeterThread: Thread is done: 多用户下单 2-888
2026-09-11 10:32:08,458 INFO o.a.j.t.JMeterThread: Thread finished: 多用户下单 2-888
2026-09-11 10:32:08,459 INFO o.a.j.t.JMeterThread: Thread is done: 多用户下单 2-889
2026-09-11 10:32:08,459 INFO o.a.j.t.JMeterThread: Thread is done: 多用户下单 2-887
2026-09-11 10:32:08,459 INFO o.a.j.t.JMeterThread: Thread finished: 多用户下单 2-889
2026-09-11 10:32:08,459 INFO o.a.j.t.JMeterThread: Thread finished: 多用户下单 2-887
2026-09-11 10:32:08,459 INFO o.a.j.t.JMeterThread: Thread is done: 多用户下单 2-886
2026-09-11 10:32:08,459 INFO o.a.j.t.JMeterThread: Thread finished: 多用户下单 2-886
2026-09-11 10:32:08,459 INFO o.a.j.t.JMeterThread: Thread is done: 多用户下单 2-892
2026-09-11 10:32:08,460 INFO o.a.j.t.JMeterThread: Thread finished: 多用户下单 2-892
2026-09-11 10:32:08,460 INFO o.a.j.t.JMeterThread: Thread is done: 多用户下单 2-890
2026-09-11 10:32:08,460 INFO o.a.j.t.JMeterThread: Thread finished: 多用户下单 2-890
2026-09-11 10:32:08,461 INFO o.a.j.t.JMeterThread: Thread is done: 多用户下单 2-891
2026-09-11 10:32:08,461 INFO o.a.j.t.JMeterThread: Thread finished: 多用户下单 2-891
2026-09-11 10:32:08,461 INFO o.a.j.t.JMeterThread: Thread is done: 多用户下单 2-895
2026-09-11 10:32:08,461 INFO o.a.j.t.JMeterThread: Thread finished: 多用户下单 2-895
2026-09-11 10:32:08,462 INFO o.a.j.t.JMeterThread: Thread is done: 多用户下单 2-899
2026-09-11 10:32:08,462 INFO o.a.j.t.JMeterThread: Thread finished: 多用户下单 2-899
2026-09-11 10:32:08,462 INFO o.a.j.t.JMeterThread: Thread is done: 多用户下单 2-893
2026-09-11 10:32:08,462 INFO o.a.j.t.JMeterThread: Thread is done: 多用户下单 2-896
2026-09-11 10:32:08,462 INFO o.a.j.t.JMeterThread: Thread finished: 多用户下单 2-893
2026-09-11 10:32:08,462 INFO o.a.j.t.JMeterThread: Thread finished: 多用户下单 2-896
2026-09-11 10:32:08,462 INFO o.a.j.t.JMeterThread: Thread is done: 多用户下单 2-894
2026-09-11 10:32:08,462 INFO o.a.j.t.JMeterThread: Thread is done: 多用户下单 2-898
2026-09-11 10:32:08,462 INFO o.a.j.t.JMeterThread: Thread finished: 多用户下单 2-894
2026-09-11 10:32:08,462 INFO o.a.j.t.JMeterThread: Thread finished: 多用户下单 2-898
2026-09-11 10:32:08,462 INFO o.a.j.t.JMeterThread: Thread is done: 多用户下单 2-897
2026-09-11 10:32:08,462 INFO o.a.j.t.JMeterThread: Thread finished: 多用户下单 2-897
2026-09-11 10:32:08,463 INFO o.a.j.t.JMeterThread: Thread is done: 多用户下单 2-909
2026-09-11 10:32:08,463 INFO o.a.j.t.JMeterThread: Thread finished: 多用户下单 2-909
2026-09-11 10:32:08,464 INFO o.a.j.t.JMeterThread: Thread is done: 多用户下单 2-902
2026-09-11 10:32:08,464 INFO o.a.j.t.JMeterThread: Thread finished: 多用户下单 2-902
2026-09-11 10:32:08,464 INFO o.a.j.t.JMeterThread: Thread is done: 多用户下单 2-905
2026-09-11 10:32:08,464 INFO o.a.j.t.JMeterThread: Thread finished: 多用户下单 2-905
2026-09-11 10:32:08,465 INFO o.a.j.t.JMeterThread: Thread is done: 多用户下单 2-904
2026-09-11 10:32:08,465 INFO o.a.j.t.JMeterThread: Thread finished: 多用户下单 2-904
2026-09-11 10:32:08,465 INFO o.a.j.t.JMeterThread: Thread is done: 多用户下单 2-903
2026-09-11 10:32:08,465 INFO o.a.j.t.JMeterThread: Thread is done: 多用户下单 2-900
2026-09-11 10:32:08,466 INFO o.a.j.t.JMeterThread: Thread is done: 多用户下单 2-906
2026-09-11 10:32:08,466 INFO o.a.j.t.JMeterThread: Thread finished: 多用户下单 2-903
2026-09-11 10:32:08,466 INFO o.a.j.t.JMeterThread: Thread finished: 多用户下单 2-906
2026-09-11 10:32:08,466 INFO o.a.j.t.JMeterThread: Thread finished: 多用户下单 2-900
2026-09-11 10:32:08,466 INFO o.a.j.t.JMeterThread: Thread is done: 多用户下单 2-907
2026-09-11 10:32:08,466 INFO o.a.j.t.JMeterThread: Thread finished: 多用户下单 2-907
2026-09-11 10:32:08,467 INFO o.a.j.t.JMeterThread: Thread is done: 多用户下单 2-908
2026-09-11 10:32:08,467 INFO o.a.j.t.JMeterThread: Thread finished: 多用户下单 2-908
2026-09-11 10:32:08,467 INFO o.a.j.t.JMeterThread: Thread is done: 多用户下单 2-911
2026-09-11 10:32:08,467 INFO o.a.j.t.JMeterThread: Thread finished: 多用户下单 2-911
2026-09-11 10:32:08,468 INFO o.a.j.t.JMeterThread: Thread is done: 多用户下单 2-914
2026-09-11 10:32:08,468 INFO o.a.j.t.JMeterThread: Thread finished: 多用户下单 2-914
2026-09-11 10:32:08,469 INFO o.a.j.t.JMeterThread: Thread is done: 多用户下单 2-915
2026-09-11 10:32:08,469 INFO o.a.j.t.JMeterThread: Thread finished: 多用户下单 2-915
2026-09-11 10:32:08,469 INFO o.a.j.t.JMeterThread: Thread is done: 多用户下单 2-901
2026-09-11 10:32:08,469 INFO o.a.j.t.JMeterThread: Thread finished: 多用户下单 2-901
2026-09-11 10:32:08,470 INFO o.a.j.t.JMeterThread: Thread is done: 多用户下单 2-912
2026-09-11 10:32:08,470 INFO o.a.j.t.JMeterThread: Thread finished: 多用户下单 2-912
2026-09-11 10:32:08,470 INFO o.a.j.t.JMeterThread: Thread is done: 多用户下单 2-916
2026-09-11 10:32:08,470 INFO o.a.j.t.JMeterThread: Thread finished: 多用户下单 2-916
2026-09-11 10:32:08,471 INFO o.a.j.t.JMeterThread: Thread is done: 多用户下单 2-967
2026-09-11 10:32:08,472 INFO o.a.j.t.JMeterThread: Thread finished: 多用户下单 2-967
2026-09-11 10:32:08,472 INFO o.a.j.t.JMeterThread: Thread is done: 多用户下单 2-968
2026-09-11 10:32:08,472 INFO o.a.j.t.JMeterThread: Thread finished: 多用户下单 2-968
2026-09-11 10:32:08,472 INFO o.a.j.t.JMeterThread: Thread is done: 多用户下单 2-910
2026-09-11 10:32:08,472 INFO o.a.j.t.JMeterThread: Thread finished: 多用户下单 2-910
2026-09-11 10:32:08,472 INFO o.a.j.t.JMeterThread: Thread is done: 多用户下单 2-913
2026-09-11 10:32:08,472 INFO o.a.j.t.JMeterThread: Thread finished: 多用户下单 2-913
2026-09-11 10:32:08,473 INFO o.a.j.t.JMeterThread: Thread is done: 多用户下单 2-971
2026-09-11 10:32:08,473 INFO o.a.j.t.JMeterThread: Thread is done: 多用户下单 2-973
2026-09-11 10:32:08,473 INFO o.a.j.t.JMeterThread: Thread finished: 多用户下单 2-971
2026-09-11 10:32:08,473 INFO o.a.j.t.JMeterThread: Thread finished: 多用户下单 2-973
2026-09-11 10:32:08,473 INFO o.a.j.t.JMeterThread: Thread is done: 多用户下单 2-972
2026-09-11 10:32:08,473 INFO o.a.j.t.JMeterThread: Thread finished: 多用户下单 2-972
2026-09-11 10:32:08,473 INFO o.a.j.t.JMeterThread: Thread is done: 多用户下单 2-970
2026-09-11 10:32:08,473 INFO o.a.j.t.JMeterThread: Thread finished: 多用户下单 2-970
2026-09-11 10:32:08,473 INFO o.a.j.t.JMeterThread: Thread is done: 多用户下单 2-969
2026-09-11 10:32:08,474 INFO o.a.j.t.JMeterThread: Thread finished: 多用户下单 2-969
2026-09-11 10:32:08,474 INFO o.a.j.t.JMeterThread: Thread is done: 多用户下单 2-975
2026-09-11 10:32:08,474 INFO o.a.j.t.JMeterThread: Thread finished: 多用户下单 2-975
2026-09-11 10:32:08,474 INFO o.a.j.t.JMeterThread: Thread is done: 多用户下单 2-976
2026-09-11 10:32:08,475 INFO o.a.j.t.JMeterThread: Thread finished: 多用户下单 2-976
2026-09-11 10:32:08,475 INFO o.a.j.t.JMeterThread: Thread is done: 多用户下单 2-974
2026-09-11 10:32:08,475 INFO o.a.j.t.JMeterThread: Thread finished: 多用户下单 2-974
2026-09-11 10:32:08,475 INFO o.a.j.t.JMeterThread: Thread is done: 多用户下单 2-980
2026-09-11 10:32:08,476 INFO o.a.j.t.JMeterThread: Thread finished: 多用户下单 2-980
2026-09-11 10:32:08,476 INFO o.a.j.t.JMeterThread: Thread is done: 多用户下单 2-978
2026-09-11 10:32:08,476 INFO o.a.j.t.JMeterThread: Thread finished: 多用户下单 2-978
2026-09-11 10:32:08,476 INFO o.a.j.t.JMeterThread: Thread is done: 多用户下单 2-977
2026-09-11 10:32:08,476 INFO o.a.j.t.JMeterThread: Thread finished: 多用户下单 2-977
2026-09-11 10:32:08,477 INFO o.a.j.t.JMeterThread: Thread is done: 多用户下单 2-979
2026-09-11 10:32:08,477 INFO o.a.j.t.JMeterThread: Thread finished: 多用户下单 2-979
2026-09-11 10:32:08,477 INFO o.a.j.t.JMeterThread: Thread is done: 多用户下单 2-981
2026-09-11 10:32:08,477 INFO o.a.j.t.JMeterThread: Thread is done: 多用户下单 2-985
2026-09-11 10:32:08,477 INFO o.a.j.t.JMeterThread: Thread finished: 多用户下单 2-981
2026-09-11 10:32:08,477 INFO o.a.j.t.JMeterThread: Thread finished: 多用户下单 2-985
2026-09-11 10:32:08,478 INFO o.a.j.t.JMeterThread: Thread is done: 多用户下单 2-982
2026-09-11 10:32:08,478 INFO o.a.j.t.JMeterThread: Thread is done: 多用户下单 2-986
2026-09-11 10:32:08,478 INFO o.a.j.t.JMeterThread: Thread finished: 多用户下单 2-982
2026-09-11 10:32:08,478 INFO o.a.j.t.JMeterThread: Thread finished: 多用户下单 2-986
2026-09-11 10:32:08,479 INFO o.a.j.t.JMeterThread: Thread is done: 多用户下单 2-984
2026-09-11 10:32:08,479 INFO o.a.j.t.JMeterThread: Thread finished: 多用户下单 2-984
2026-09-11 10:32:08,479 INFO o.a.j.t.JMeterThread: Thread is done: 多用户下单 2-987
2026-09-11 10:32:08,479 INFO o.a.j.t.JMeterThread: Thread finished: 多用户下单 2-987
2026-09-11 10:32:08,479 INFO o.a.j.t.JMeterThread: Thread is done: 多用户下单 2-983
2026-09-11 10:32:08,479 INFO o.a.j.t.JMeterThread: Thread finished: 多用户下单 2-983
2026-09-11 10:32:08,480 INFO o.a.j.t.JMeterThread: Thread is done: 多用户下单 2-989
2026-09-11 10:32:08,480 INFO o.a.j.t.JMeterThread: Thread finished: 多用户下单 2-989
2026-09-11 10:32:08,480 INFO o.a.j.t.JMeterThread: Thread is done: 多用户下单 2-988
2026-09-11 10:32:08,480 INFO o.a.j.t.JMeterThread: Thread finished: 多用户下单 2-988
2026-09-11 10:32:08,480 INFO o.a.j.t.JMeterThread: Thread is done: 多用户下单 2-990
2026-09-11 10:32:08,481 INFO o.a.j.t.JMeterThread: Thread finished: 多用户下单 2-990
2026-09-11 10:32:08,481 INFO o.a.j.t.JMeterThread: Thread is done: 多用户下单 2-992
2026-09-11 10:32:08,481 INFO o.a.j.t.JMeterThread: Thread finished: 多用户下单 2-992
2026-09-11 10:32:08,481 INFO o.a.j.t.JMeterThread: Thread is done: 多用户下单 2-991
2026-09-11 10:32:08,481 INFO o.a.j.t.JMeterThread: Thread finished: 多用户下单 2-991
2026-09-11 10:32:08,482 INFO o.a.j.t.JMeterThread: Thread is done: 多用户下单 2-993
2026-09-11 10:32:08,482 INFO o.a.j.t.JMeterThread: Thread finished: 多用户下单 2-993
2026-09-11 10:32:08,482 INFO o.a.j.t.JMeterThread: Thread is done: 多用户下单 2-994
2026-09-11 10:32:08,482 INFO o.a.j.t.JMeterThread: Thread finished: 多用户下单 2-994
2026-09-11 10:32:08,483 INFO o.a.j.t.JMeterThread: Thread is done: 多用户下单 2-996
2026-09-11 10:32:08,483 INFO o.a.j.t.JMeterThread: Thread finished: 多用户下单 2-996
2026-09-11 10:32:08,483 INFO o.a.j.t.JMeterThread: Thread is done: 多用户下单 2-995
2026-09-11 10:32:08,483 INFO o.a.j.t.JMeterThread: Thread finished: 多用户下单 2-995
2026-09-11 10:32:08,483 INFO o.a.j.t.JMeterThread: Thread is done: 多用户下单 2-997
2026-09-11 10:32:08,483 INFO o.a.j.t.JMeterThread: Thread finished: 多用户下单 2-997
2026-09-11 10:32:08,484 INFO o.a.j.t.JMeterThread: Thread is done: 多用户下单 2-999
2026-09-11 10:32:08,484 INFO o.a.j.t.JMeterThread: Thread finished: 多用户下单 2-999
2026-09-11 10:32:08,484 INFO o.a.j.t.JMeterThread: Thread is done: 多用户下单 2-998
2026-09-11 10:32:08,485 INFO o.a.j.t.JMeterThread: Thread finished: 多用户下单 2-998
2026-09-11 10:32:08,488 INFO o.a.j.t.JMeterThread: Thread is done: 多用户下单 2-1000
2026-09-11 10:32:08,489 INFO o.a.j.t.JMeterThread: Thread finished: 多用户下单 2-1000
2026-09-11 10:32:08,489 INFO o.a.j.e.StandardJMeterEngine: Notifying test listeners of end of test
2026-09-11 10:32:08,489 INFO o.a.j.s.FileServer: Close: D:\Desktop\tokens.txt
2026-09-11 10:32:08,489 INFO o.a.j.g.u.JMeterMenuBar: setRunning(false, *local*)
2026-09-11 10:32:11,311 WARN o.a.j.g.t.JMeterTreeNode: getIcon(): Can't obtain GUI class from class org.apache.jmeter.config.CSVDataSet
2026-09-11 10:32:11,697 WARN o.a.j.g.t.JMeterTreeNode: getIcon(): Can't obtain GUI class from class org.apache.jmeter.config.CSVDataSet
2026-09-11 10:32:58,919 INFO o.a.j.e.StandardJMeterEngine: Running the test!
2026-09-11 10:32:58,919 INFO o.a.j.s.SampleEvent: List of sample_variables: []
2026-09-11 10:32:58,920 INFO o.a.j.g.u.JMeterMenuBar: setRunning(true, *local*)
2026-09-11 10:32:58,959 INFO o.a.j.e.StandardJMeterEngine: Starting ThreadGroup: 1 : Thread Group
2026-09-11 10:32:58,959 INFO o.a.j.e.StandardJMeterEngine: Starting 100 threads for group Thread Group.
2026-09-11 10:32:58,959 INFO o.a.j.e.StandardJMeterEngine: Thread will continue on error
2026-09-11 10:32:58,959 INFO o.a.j.t.ThreadGroup: Starting thread group... number=1 threads=100 ramp-up=0 delayedStart=false
2026-09-11 10:32:58,960 INFO o.a.j.t.JMeterThread: Thread started: Thread Group 1-1
2026-09-11 10:32:58,960 INFO o.a.j.t.JMeterThread: Thread started: Thread Group 1-2
2026-09-11 10:32:58,960 INFO o.a.j.t.JMeterThread: Thread started: Thread Group 1-3
2026-09-11 10:32:58,961 INFO o.a.j.t.JMeterThread: Thread started: Thread Group 1-4
2026-09-11 10:32:58,961 INFO o.a.j.t.JMeterThread: Thread started: Thread Group 1-5
2026-09-11 10:32:58,961 INFO o.a.j.t.JMeterThread: Thread started: Thread Group 1-6
2026-09-11 10:32:58,961 INFO o.a.j.t.JMeterThread: Thread started: Thread Group 1-19
2026-09-11 10:32:58,961 INFO o.a.j.t.JMeterThread: Thread started: Thread Group 1-22
2026-09-11 10:32:58,962 INFO o.a.j.t.JMeterThread: Thread started: Thread Group 1-9
2026-09-11 10:32:58,962 INFO o.a.j.t.JMeterThread: Thread started: Thread Group 1-10
2026-09-11 10:32:58,962 INFO o.a.j.t.JMeterThread: Thread started: Thread Group 1-11
2026-09-11 10:32:58,962 INFO o.a.j.t.JMeterThread: Thread started: Thread Group 1-30
2026-09-11 10:32:58,963 INFO o.a.j.t.JMeterThread: Thread started: Thread Group 1-33
2026-09-11 10:32:58,963 INFO o.a.j.t.JMeterThread: Thread started: Thread Group 1-14
2026-09-11 10:32:58,963 INFO o.a.j.t.JMeterThread: Thread started: Thread Group 1-38
2026-09-11 10:32:58,963 INFO o.a.j.t.JMeterThread: Thread started: Thread Group 1-16
2026-09-11 10:32:58,963 INFO o.a.j.t.JMeterThread: Thread started: Thread Group 1-43
2026-09-11 10:32:58,964 INFO o.a.j.t.JMeterThread: Thread started: Thread Group 1-18
2026-09-11 10:32:58,964 INFO o.a.j.t.JMeterThread: Thread started: Thread Group 1-7
2026-09-11 10:32:58,964 INFO o.a.j.t.JMeterThread: Thread started: Thread Group 1-48
2026-09-11 10:32:58,965 INFO o.a.j.t.JMeterThread: Thread started: Thread Group 1-21
2026-09-11 10:32:58,965 INFO o.a.j.t.JMeterThread: Thread started: Thread Group 1-23
2026-09-11 10:32:58,965 INFO o.a.j.t.JMeterThread: Thread started: Thread Group 1-8
2026-09-11 10:32:58,965 INFO o.a.j.t.JMeterThread: Thread started: Thread Group 1-24
2026-09-11 10:32:58,965 INFO o.a.j.t.JMeterThread: Thread started: Thread Group 1-25
2026-09-11 10:32:58,966 INFO o.a.j.t.JMeterThread: Thread started: Thread Group 1-26
2026-09-11 10:32:58,966 INFO o.a.j.t.JMeterThread: Thread started: Thread Group 1-27
2026-09-11 10:32:58,966 INFO o.a.j.t.JMeterThread: Thread started: Thread Group 1-64
2026-09-11 10:32:58,966 INFO o.a.j.t.JMeterThread: Thread started: Thread Group 1-67
2026-09-11 10:32:58,967 INFO o.a.j.t.JMeterThread: Thread started: Thread Group 1-12
2026-09-11 10:32:58,967 INFO o.a.j.t.JMeterThread: Thread started: Thread Group 1-31
2026-09-11 10:32:58,967 INFO o.a.j.t.JMeterThread: Thread started: Thread Group 1-32
2026-09-11 10:32:58,968 INFO o.a.j.t.JMeterThread: Thread started: Thread Group 1-13
2026-09-11 10:32:58,968 INFO o.a.j.t.JMeterThread: Thread started: Thread Group 1-34
2026-09-11 10:32:58,968 INFO o.a.j.t.JMeterThread: Thread started: Thread Group 1-35
2026-09-11 10:32:58,968 INFO o.a.j.t.JMeterThread: Thread started: Thread Group 1-36
2026-09-11 10:32:58,968 INFO o.a.j.t.JMeterThread: Thread started: Thread Group 1-37
2026-09-11 10:32:58,969 INFO o.a.j.t.JMeterThread: Thread started: Thread Group 1-76
2026-09-11 10:32:58,969 INFO o.a.j.t.JMeterThread: Thread started: Thread Group 1-39
2026-09-11 10:32:58,969 INFO o.a.j.t.JMeterThread: Thread started: Thread Group 1-40
2026-09-11 10:32:58,969 INFO o.a.j.t.JMeterThread: Thread started: Thread Group 1-80
2026-09-11 10:32:58,969 INFO o.a.j.t.JMeterThread: Thread started: Thread Group 1-42
2026-09-11 10:32:58,970 INFO o.a.j.t.JMeterThread: Thread started: Thread Group 1-83
2026-09-11 10:32:58,970 INFO o.a.j.t.JMeterThread: Thread started: Thread Group 1-44
2026-09-11 10:32:58,970 INFO o.a.j.t.JMeterThread: Thread started: Thread Group 1-45
2026-09-11 10:32:58,970 INFO o.a.j.t.JMeterThread: Thread started: Thread Group 1-46
2026-09-11 10:32:58,970 INFO o.a.j.t.JMeterThread: Thread started: Thread Group 1-47
2026-09-11 10:32:58,971 INFO o.a.j.t.JMeterThread: Thread is done: Thread Group 1-1
2026-09-11 10:32:58,971 INFO o.a.j.t.JMeterThread: Thread is done: Thread Group 1-4
2026-09-11 10:32:58,971 INFO o.a.j.t.JMeterThread: Thread finished: Thread Group 1-1
2026-09-11 10:32:58,971 INFO o.a.j.t.JMeterThread: Thread started: Thread Group 1-20
2026-09-11 10:32:58,971 INFO o.a.j.t.JMeterThread: Thread finished: Thread Group 1-4
2026-09-11 10:32:58,971 INFO o.a.j.t.JMeterThread: Thread is done: Thread Group 1-5
2026-09-11 10:32:58,971 INFO o.a.j.t.JMeterThread: Thread finished: Thread Group 1-5
2026-09-11 10:32:58,972 INFO o.a.j.t.JMeterThread: Thread started: Thread Group 1-49
2026-09-11 10:32:58,972 INFO o.a.j.t.JMeterThread: Thread is done: Thread Group 1-6
2026-09-11 10:32:58,972 INFO o.a.j.t.JMeterThread: Thread finished: Thread Group 1-6
2026-09-11 10:32:58,972 INFO o.a.j.t.JMeterThread: Thread is done: Thread Group 1-3
2026-09-11 10:32:58,972 INFO o.a.j.t.JMeterThread: Thread finished: Thread Group 1-3
2026-09-11 10:32:58,972 INFO o.a.j.t.JMeterThread: Thread started: Thread Group 1-51
2026-09-11 10:32:58,972 INFO o.a.j.t.JMeterThread: Thread started: Thread Group 1-94
2026-09-11 10:32:58,972 INFO o.a.j.t.JMeterThread: Thread is done: Thread Group 1-2
2026-09-11 10:32:58,972 INFO o.a.j.t.JMeterThread: Thread finished: Thread Group 1-2
2026-09-11 10:32:58,972 INFO o.a.j.t.JMeterThread: Thread started: Thread Group 1-53
2026-09-11 10:32:58,972 INFO o.a.j.t.ThreadGroup: Started thread group number 1
2026-09-11 10:32:58,972 INFO o.a.j.e.StandardJMeterEngine: Starting ThreadGroup: 2 : 多用户下单
2026-09-11 10:32:58,972 INFO o.a.j.e.StandardJMeterEngine: Starting 1000 threads for group 多用户下单.
2026-09-11 10:32:58,972 INFO o.a.j.t.JMeterThread: Thread is done: Thread Group 1-22
2026-09-11 10:32:58,972 INFO o.a.j.e.StandardJMeterEngine: Thread will continue on error
2026-09-11 10:32:58,973 INFO o.a.j.t.JMeterThread: Thread finished: Thread Group 1-22
2026-09-11 10:32:58,973 INFO o.a.j.t.JMeterThread: Thread started: Thread Group 1-54
2026-09-11 10:32:58,973 INFO o.a.j.t.ThreadGroup: Starting thread group... number=2 threads=1000 ramp-up=0 delayedStart=false
2026-09-11 10:32:58,973 INFO o.a.j.t.JMeterThread: Thread started: Thread Group 1-56
2026-09-11 10:32:58,973 INFO o.a.j.t.JMeterThread: Thread is done: Thread Group 1-19
2026-09-11 10:32:58,973 INFO o.a.j.t.JMeterThread: Thread finished: Thread Group 1-19
2026-09-11 10:32:58,973 INFO o.a.j.t.JMeterThread: Thread started: Thread Group 1-57
2026-09-11 10:32:58,973 INFO o.a.j.t.JMeterThread: Thread started: Thread Group 1-58
2026-09-11 10:32:58,973 INFO o.a.j.t.JMeterThread: Thread started: Thread Group 1-59
2026-09-11 10:32:58,974 INFO o.a.j.t.JMeterThread: Thread started: Thread Group 1-60
2026-09-11 10:32:58,974 INFO o.a.j.t.JMeterThread: Thread is done: Thread Group 1-9
2026-09-11 10:32:58,974 INFO o.a.j.t.JMeterThread: Thread is done: Thread Group 1-10
2026-09-11 10:32:58,974 INFO o.a.j.t.JMeterThread: Thread finished: Thread Group 1-9
2026-09-11 10:32:58,974 INFO o.a.j.t.JMeterThread: Thread finished: Thread Group 1-10
2026-09-11 10:32:58,974 INFO o.a.j.t.JMeterThread: Thread started: Thread Group 1-61
2026-09-11 10:32:58,974 INFO o.a.j.t.JMeterThread: Thread started: Thread Group 1-62
2026-09-11 10:32:58,974 INFO o.a.j.t.JMeterThread: Thread started: Thread Group 1-63
2026-09-11 10:32:58,984 INFO o.a.j.t.JMeterThread: Thread started: 多用户下单 2-7
2026-09-11 10:32:58,983 INFO o.a.j.t.JMeterThread: Thread started: 多用户下单 2-6
2026-09-11 10:32:58,984 INFO o.a.j.t.JMeterThread: Thread is done: Thread Group 1-76
2026-09-11 10:32:58,985 INFO o.a.j.t.JMeterThread: Thread started: 多用户下单 2-68
2026-09-11 10:32:58,985 INFO o.a.j.t.JMeterThread: Thread is done: Thread Group 1-37
2026-09-11 10:32:58,975 INFO o.a.j.t.JMeterThread: Thread started: Thread Group 1-28
2026-09-11 10:32:58,983 INFO o.a.j.t.JMeterThread: Thread started: 多用户下单 2-5
2026-09-11 10:32:58,985 INFO o.a.j.t.JMeterThread: Thread finished: Thread Group 1-37
2026-09-11 10:32:58,983 INFO o.a.j.t.JMeterThread: Thread is done: Thread Group 1-34
2026-09-11 10:32:58,983 INFO o.a.j.t.JMeterThread: Thread started: 多用户下单 2-4
2026-09-11 10:32:58,983 INFO o.a.j.t.JMeterThread: Thread is done: Thread Group 1-36
2026-09-11 10:32:58,983 INFO o.a.j.t.JMeterThread: Thread started: 多用户下单 2-3
2026-09-11 10:32:58,985 INFO o.a.j.t.JMeterThread: Thread finished: Thread Group 1-36
2026-09-11 10:32:58,983 INFO o.a.j.t.JMeterThread: Thread started: 多用户下单 2-2
2026-09-11 10:32:58,982 INFO o.a.j.t.JMeterThread: Thread is done: Thread Group 1-13
2026-09-11 10:32:58,982 INFO o.a.j.t.JMeterThread: Thread started: 多用户下单 2-1
2026-09-11 10:32:58,985 INFO o.a.j.t.JMeterThread: Thread is done: Thread Group 1-83
2026-09-11 10:32:58,982 INFO o.a.j.t.JMeterThread: Thread is done: Thread Group 1-35
2026-09-11 10:32:58,982 INFO o.a.j.t.JMeterThread: Thread started: Thread Group 1-100
2026-09-11 10:32:58,982 INFO o.a.j.t.JMeterThread: Thread started: Thread Group 1-99
2026-09-11 10:32:58,982 INFO o.a.j.t.JMeterThread: Thread started: Thread Group 1-98
2026-09-11 10:32:58,985 INFO o.a.j.t.JMeterThread: Thread started: 多用户下单 2-72
2026-09-11 10:32:58,985 INFO o.a.j.t.JMeterThread: Thread is done: Thread Group 1-44
2026-09-11 10:32:58,982 INFO o.a.j.t.JMeterThread: Thread is done: Thread Group 1-32
2026-09-11 10:32:58,986 INFO o.a.j.t.JMeterThread: Thread finished: Thread Group 1-44
2026-09-11 10:32:58,982 INFO o.a.j.t.JMeterThread: Thread is done: Thread Group 1-31
2026-09-11 10:32:58,982 INFO o.a.j.t.JMeterThread: Thread started: Thread Group 1-55
2026-09-11 10:32:58,981 INFO o.a.j.t.JMeterThread: Thread started: Thread Group 1-96
2026-09-11 10:32:58,981 INFO o.a.j.t.JMeterThread: Thread started: Thread Group 1-97
2026-09-11 10:32:58,981 INFO o.a.j.t.JMeterThread: Thread is done: Thread Group 1-12
2026-09-11 10:32:58,986 INFO o.a.j.t.JMeterThread: Thread is done: Thread Group 1-42
2026-09-11 10:32:58,981 INFO o.a.j.t.JMeterThread: Thread started: Thread Group 1-52
2026-09-11 10:32:58,986 INFO o.a.j.t.JMeterThread: Thread finished: Thread Group 1-42
2026-09-11 10:32:58,986 INFO o.a.j.t.JMeterThread: Thread is done: Thread Group 1-80
2026-09-11 10:32:58,981 INFO o.a.j.t.JMeterThread: Thread is done: Thread Group 1-64
2026-09-11 10:32:58,986 INFO o.a.j.t.JMeterThread: Thread finished: Thread Group 1-64
2026-09-11 10:32:58,981 INFO o.a.j.t.JMeterThread: Thread started: Thread Group 1-95
2026-09-11 10:32:58,981 INFO o.a.j.t.JMeterThread: Thread is done: Thread Group 1-67
2026-09-11 10:32:58,981 INFO o.a.j.t.JMeterThread: Thread started: Thread Group 1-50
2026-09-11 10:32:58,986 INFO o.a.j.t.JMeterThread: Thread finished: Thread Group 1-67
2026-09-11 10:32:58,980 INFO o.a.j.t.JMeterThread: Thread started: Thread Group 1-93
2026-09-11 10:32:58,980 INFO o.a.j.t.JMeterThread: Thread is done: Thread Group 1-24
2026-09-11 10:32:58,980 INFO o.a.j.t.JMeterThread: Thread started: Thread Group 1-92
2026-09-11 10:32:58,987 INFO o.a.j.t.JMeterThread: Thread started: 多用户下单 2-14
2026-09-11 10:32:58,980 INFO o.a.j.t.JMeterThread: Thread is done: Thread Group 1-27
2026-09-11 10:32:58,980 INFO o.a.j.t.JMeterThread: Thread started: 多用户下单 2-46
2026-09-11 10:32:58,987 INFO o.a.j.t.JMeterThread: Thread is done: Thread Group 1-45
2026-09-11 10:32:58,980 INFO o.a.j.t.JMeterThread: Thread is done: Thread Group 1-26
2026-09-11 10:32:58,987 INFO o.a.j.t.JMeterThread: Thread finished: Thread Group 1-45
2026-09-11 10:32:58,980 INFO o.a.j.t.JMeterThread: Thread started: Thread Group 1-90
2026-09-11 10:32:58,979 INFO o.a.j.t.JMeterThread: Thread started: Thread Group 1-89
2026-09-11 10:32:58,979 INFO o.a.j.t.JMeterThread: Thread is done: Thread Group 1-23
2026-09-11 10:32:58,987 INFO o.a.j.t.JMeterThread: Thread finished: Thread Group 1-23
2026-09-11 10:32:58,987 INFO o.a.j.t.JMeterThread: Thread started: 多用户下单 2-16
2026-09-11 10:32:58,979 INFO o.a.j.t.JMeterThread: Thread started: Thread Group 1-88
2026-09-11 10:32:58,979 INFO o.a.j.t.JMeterThread: Thread started: Thread Group 1-87
2026-09-11 10:32:58,979 INFO o.a.j.t.JMeterThread: Thread started: Thread Group 1-86
2026-09-11 10:32:58,979 INFO o.a.j.t.JMeterThread: Thread started: Thread Group 1-85
2026-09-11 10:32:58,978 INFO o.a.j.t.JMeterThread: Thread is done: Thread Group 1-8
2026-09-11 10:32:58,978 INFO o.a.j.t.JMeterThread: Thread is done: Thread Group 1-25
2026-09-11 10:32:58,988 INFO o.a.j.t.JMeterThread: Thread finished: Thread Group 1-8
2026-09-11 10:32:58,988 INFO o.a.j.t.JMeterThread: Thread finished: Thread Group 1-25
2026-09-11 10:32:58,978 INFO o.a.j.t.JMeterThread: Thread started: Thread Group 1-84
2026-09-11 10:32:58,978 INFO o.a.j.t.JMeterThread: Thread started: Thread Group 1-17
2026-09-11 10:32:58,988 INFO o.a.j.t.JMeterThread: Thread is done: Thread Group 1-46
2026-09-11 10:32:58,978 INFO o.a.j.t.JMeterThread: Thread is done: Thread Group 1-18
2026-09-11 10:32:58,988 INFO o.a.j.t.JMeterThread: Thread finished: Thread Group 1-46
2026-09-11 10:32:58,978 INFO o.a.j.t.JMeterThread: Thread started: Thread Group 1-82
2026-09-11 10:32:58,978 INFO o.a.j.t.JMeterThread: Thread started: 多用户下单 2-38
2026-09-11 10:32:58,978 INFO o.a.j.t.JMeterThread: Thread is done: Thread Group 1-21
2026-09-11 10:32:58,988 INFO o.a.j.t.JMeterThread: Thread started: 多用户下单 2-18
2026-09-11 10:32:58,988 INFO o.a.j.t.JMeterThread: Thread is done: Thread Group 1-49
2026-09-11 10:32:58,978 INFO o.a.j.t.JMeterThread: Thread started: 多用户下单 2-36
2026-09-11 10:32:58,978 INFO o.a.j.t.JMeterThread: Thread started: Thread Group 1-41
2026-09-11 10:32:58,978 INFO o.a.j.t.JMeterThread: Thread is done: Thread Group 1-16
2026-09-11 10:32:58,988 INFO o.a.j.t.JMeterThread: Thread is done: Thread Group 1-51
2026-09-11 10:32:58,988 INFO o.a.j.t.JMeterThread: Thread started: 多用户下单 2-19
2026-09-11 10:32:58,977 INFO o.a.j.t.JMeterThread: Thread started: Thread Group 1-78
2026-09-11 10:32:58,988 INFO o.a.j.t.JMeterThread: Thread finished: Thread Group 1-16
2026-09-11 10:32:58,977 INFO o.a.j.t.JMeterThread: Thread started: Thread Group 1-77
2026-09-11 10:32:58,977 INFO o.a.j.t.JMeterThread: Thread is done: Thread Group 1-7
2026-09-11 10:32:58,977 INFO o.a.j.t.JMeterThread: Thread started: Thread Group 1-15
2026-09-11 10:32:58,977 INFO o.a.j.t.JMeterThread: Thread is done: Thread Group 1-38
2026-09-11 10:32:58,977 INFO o.a.j.t.JMeterThread: Thread started: Thread Group 1-75
2026-09-11 10:32:58,989 INFO o.a.j.t.JMeterThread: Thread started: 多用户下单 2-21
2026-09-11 10:32:58,977 INFO o.a.j.t.JMeterThread: Thread is done: Thread Group 1-48
2026-09-11 10:32:58,977 INFO o.a.j.t.JMeterThread: Thread started: Thread Group 1-74
2026-09-11 10:32:58,989 INFO o.a.j.t.JMeterThread: Thread finished: Thread Group 1-48
2026-09-11 10:32:58,977 INFO o.a.j.t.JMeterThread: Thread started: Thread Group 1-73
2026-09-11 10:32:58,989 INFO o.a.j.t.JMeterThread: Thread started: 多用户下单 2-80
2026-09-11 10:32:58,976 INFO o.a.j.t.JMeterThread: Thread started: Thread Group 1-72
2026-09-11 10:32:58,989 INFO o.a.j.t.JMeterThread: Thread is done: Thread Group 1-56
2026-09-11 10:32:58,976 INFO o.a.j.t.JMeterThread: Thread is done: Thread Group 1-43
2026-09-11 10:32:58,976 INFO o.a.j.t.JMeterThread: Thread started: Thread Group 1-71
2026-09-11 10:32:58,976 INFO o.a.j.t.JMeterThread: Thread is done: Thread Group 1-11
2026-09-11 10:32:58,976 INFO o.a.j.t.JMeterThread: Thread is done: Thread Group 1-14
2026-09-11 10:32:58,976 INFO o.a.j.t.JMeterThread: Thread started: Thread Group 1-70
2026-09-11 10:32:58,976 INFO o.a.j.t.JMeterThread: Thread started: Thread Group 1-69
2026-09-11 10:32:58,976 INFO o.a.j.t.JMeterThread: Thread started: Thread Group 1-68
2026-09-11 10:32:58,990 INFO o.a.j.t.JMeterThread: Thread started: 多用户下单 2-24
2026-09-11 10:32:58,976 INFO o.a.j.t.JMeterThread: Thread started: Thread Group 1-29
2026-09-11 10:32:58,976 INFO o.a.j.t.JMeterThread: Thread is done: Thread Group 1-30
2026-09-11 10:32:58,990 INFO o.a.j.t.JMeterThread: Thread finished: Thread Group 1-30
2026-09-11 10:32:58,976 INFO o.a.j.t.JMeterThread: Thread is done: Thread Group 1-33
2026-09-11 10:32:58,976 INFO o.a.j.t.JMeterThread: Thread started: Thread Group 1-66
2026-09-11 10:32:58,990 INFO o.a.j.t.JMeterThread: Thread finished: Thread Group 1-33
2026-09-11 10:32:58,975 INFO o.a.j.t.JMeterThread: Thread started: Thread Group 1-65
2026-09-11 10:32:58,990 INFO o.a.j.t.JMeterThread: Thread finished: Thread Group 1-14
2026-09-11 10:32:58,990 INFO o.a.j.t.JMeterThread: Thread is done: Thread Group 1-53
2026-09-11 10:32:58,989 INFO o.a.j.t.JMeterThread: Thread started: 多用户下单 2-23
2026-09-11 10:32:58,990 INFO o.a.j.t.JMeterThread: Thread started: 多用户下单 2-81
2026-09-11 10:32:58,990 INFO o.a.j.t.JMeterThread: Thread started: 多用户下单 2-26
2026-09-11 10:32:58,991 INFO o.a.j.t.JMeterThread: Thread started: 多用户下单 2-28
2026-09-11 10:32:58,989 INFO o.a.j.t.JMeterThread: Thread finished: Thread Group 1-11
2026-09-11 10:32:58,989 INFO o.a.j.t.JMeterThread: Thread finished: Thread Group 1-43
2026-09-11 10:32:58,989 INFO o.a.j.t.JMeterThread: Thread finished: Thread Group 1-56
2026-09-11 10:32:58,989 INFO o.a.j.t.JMeterThread: Thread finished: Thread Group 1-38
2026-09-11 10:32:58,989 INFO o.a.j.t.JMeterThread: Thread finished: Thread Group 1-7
2026-09-11 10:32:58,988 INFO o.a.j.t.JMeterThread: Thread started: 多用户下单 2-20
2026-09-11 10:32:58,991 INFO o.a.j.t.JMeterThread: Thread finished: Thread Group 1-51
2026-09-11 10:32:58,988 INFO o.a.j.t.JMeterThread: Thread is done: Thread Group 1-94
2026-09-11 10:32:58,988 INFO o.a.j.t.JMeterThread: Thread started: 多用户下单 2-17
2026-09-11 10:32:58,991 INFO o.a.j.t.JMeterThread: Thread finished: Thread Group 1-94
2026-09-11 10:32:58,987 INFO o.a.j.t.JMeterThread: Thread is done: Thread Group 1-20
2026-09-11 10:32:58,991 INFO o.a.j.t.JMeterThread: Thread finished: Thread Group 1-20
2026-09-11 10:32:58,987 INFO o.a.j.t.JMeterThread: Thread started: 多用户下单 2-15
2026-09-11 10:32:58,987 INFO o.a.j.t.JMeterThread: Thread finished: Thread Group 1-27
2026-09-11 10:32:58,992 INFO o.a.j.t.JMeterThread: Thread finished: Thread Group 1-26
2026-09-11 10:32:58,987 INFO o.a.j.t.JMeterThread: Thread finished: Thread Group 1-24
2026-09-11 10:32:58,987 INFO o.a.j.t.JMeterThread: Thread is done: Thread Group 1-47
2026-09-11 10:32:58,986 INFO o.a.j.t.JMeterThread: Thread started: 多用户下单 2-13
2026-09-11 10:32:58,992 INFO o.a.j.t.JMeterThread: Thread finished: Thread Group 1-47
2026-09-11 10:32:58,986 INFO o.a.j.t.JMeterThread: Thread finished: Thread Group 1-80
2026-09-11 10:32:58,986 INFO o.a.j.t.JMeterThread: Thread started: 多用户下单 2-12
2026-09-11 10:32:58,986 INFO o.a.j.t.JMeterThread: Thread finished: Thread Group 1-12
2026-09-11 10:32:58,986 INFO o.a.j.t.JMeterThread: Thread started: 多用户下单 2-73
2026-09-11 10:32:58,986 INFO o.a.j.t.JMeterThread: Thread finished: Thread Group 1-32
2026-09-11 10:32:58,992 INFO o.a.j.t.JMeterThread: Thread started: 多用户下单 2-35
2026-09-11 10:32:58,985 INFO o.a.j.t.JMeterThread: Thread finished: Thread Group 1-35
2026-09-11 10:32:58,985 INFO o.a.j.t.JMeterThread: Thread started: 多用户下单 2-9
2026-09-11 10:32:58,985 INFO o.a.j.t.JMeterThread: Thread finished: Thread Group 1-83
2026-09-11 10:32:58,985 INFO o.a.j.t.JMeterThread: Thread finished: Thread Group 1-13
2026-09-11 10:32:58,985 INFO o.a.j.t.JMeterThread: Thread is done: Thread Group 1-40
2026-09-11 10:32:58,992 INFO o.a.j.t.JMeterThread: Thread started: 多用户下单 2-86
2026-09-11 10:32:58,985 INFO o.a.j.t.JMeterThread: Thread finished: Thread Group 1-34
2026-09-11 10:32:58,985 INFO o.a.j.s.FileServer: Stored: D:\Desktop\tokens.txt
2026-09-11 10:32:58,992 INFO o.a.j.t.JMeterThread: Thread started: 多用户下单 2-37
2026-09-11 10:32:58,985 INFO o.a.j.t.JMeterThread: Thread is done: Thread Group 1-39
2026-09-11 10:32:58,992 INFO o.a.j.t.JMeterThread: Thread is done: Thread Group 1-57
2026-09-11 10:32:58,992 INFO o.a.j.t.JMeterThread: Thread finished: Thread Group 1-57
2026-09-11 10:32:58,992 INFO o.a.j.t.JMeterThread: Thread started: Thread Group 1-81
2026-09-11 10:32:58,992 INFO o.a.j.t.JMeterThread: Thread finished: Thread Group 1-76
2026-09-11 10:32:58,992 INFO o.a.j.t.JMeterThread: Thread finished: Thread Group 1-39
2026-09-11 10:32:58,992 INFO o.a.j.t.JMeterThread: Thread finished: Thread Group 1-40
2026-09-11 10:32:58,992 INFO o.a.j.t.JMeterThread: Thread finished: Thread Group 1-31
2026-09-11 10:32:58,992 INFO o.a.j.t.JMeterThread: Thread started: 多用户下单 2-33
2026-09-11 10:32:58,992 INFO o.a.j.t.JMeterThread: Thread started: 多用户下单 2-34
2026-09-11 10:32:58,993 INFO o.a.j.t.JMeterThread: Thread started: 多用户下单 2-40
2026-09-11 10:32:58,993 INFO o.a.j.t.JMeterThread: Thread is done: Thread Group 1-60
2026-09-11 10:32:58,991 INFO o.a.j.t.JMeterThread: Thread started: 多用户下单 2-32
2026-09-11 10:32:58,991 INFO o.a.j.t.JMeterThread: Thread finished: Thread Group 1-18
2026-09-11 10:32:58,991 INFO o.a.j.t.JMeterThread: Thread finished: Thread Group 1-21
2026-09-11 10:32:58,991 INFO o.a.j.t.JMeterThread: Thread started: 多用户下单 2-31
2026-09-11 10:32:58,991 INFO o.a.j.t.JMeterThread: Thread finished: Thread Group 1-49
2026-09-11 10:32:58,991 INFO o.a.j.t.JMeterThread: Thread started: 多用户下单 2-30
2026-09-11 10:32:58,991 INFO o.a.j.t.JMeterThread: Thread started: 多用户下单 2-29
2026-09-11 10:32:58,990 INFO o.a.j.t.JMeterThread: Thread started: 多用户下单 2-27
2026-09-11 10:32:58,994 INFO o.a.j.t.JMeterThread: Thread started: 多用户下单 2-44
2026-09-11 10:32:58,990 INFO o.a.j.t.JMeterThread: Thread is done: Thread Group 1-54
2026-09-11 10:32:58,990 INFO o.a.j.t.JMeterThread: Thread finished: Thread Group 1-53
2026-09-11 10:32:58,994 INFO o.a.j.t.JMeterThread: Thread started: 多用户下单 2-43
2026-09-11 10:32:58,994 INFO o.a.j.t.JMeterThread: Thread finished: Thread Group 1-54
2026-09-11 10:32:58,994 INFO o.a.j.t.JMeterThread: Thread started: 多用户下单 2-42
2026-09-11 10:32:58,993 INFO o.a.j.t.JMeterThread: Thread started: 多用户下单 2-41
2026-09-11 10:32:58,993 INFO o.a.j.t.JMeterThread: Thread is done: Thread Group 1-59
2026-09-11 10:32:58,993 INFO o.a.j.t.JMeterThread: Thread started: 多用户下单 2-39
2026-09-11 10:32:58,995 INFO o.a.j.t.JMeterThread: Thread finished: Thread Group 1-59
2026-09-11 10:32:58,995 INFO o.a.j.t.JMeterThread: Thread finished: Thread Group 1-60
2026-09-11 10:32:58,995 INFO o.a.j.t.JMeterThread: Thread started: 多用户下单 2-45
2026-09-11 10:32:58,996 INFO o.a.j.t.JMeterThread: Thread started: Thread Group 1-91
2026-09-11 10:32:58,996 INFO o.a.j.t.JMeterThread: Thread is done: Thread Group 1-62
2026-09-11 10:32:58,996 INFO o.a.j.t.JMeterThread: Thread started: 多用户下单 2-48
2026-09-11 10:32:58,996 INFO o.a.j.t.JMeterThread: Thread started: 多用户下单 2-47
2026-09-11 10:32:58,996 INFO o.a.j.t.JMeterThread: Thread started: 多用户下单 2-49
2026-09-11 10:32:58,996 INFO o.a.j.t.JMeterThread: Thread finished: Thread Group 1-62
2026-09-11 10:32:58,996 INFO o.a.j.t.JMeterThread: Thread started: 多用户下单 2-50
2026-09-11 10:32:58,997 INFO o.a.j.t.JMeterThread: Thread is done: Thread Group 1-61
2026-09-11 10:32:58,997 INFO o.a.j.t.JMeterThread: Thread finished: Thread Group 1-61
2026-09-11 10:32:58,997 INFO o.a.j.t.JMeterThread: Thread started: 多用户下单 2-51
2026-09-11 10:32:58,998 INFO o.a.j.t.JMeterThread: Thread started: 多用户下单 2-52
2026-09-11 10:32:58,998 INFO o.a.j.t.JMeterThread: Thread is done: Thread Group 1-58
2026-09-11 10:32:58,998 INFO o.a.j.t.JMeterThread: Thread finished: Thread Group 1-58
2026-09-11 10:32:58,998 INFO o.a.j.t.JMeterThread: Thread started: 多用户下单 2-53
2026-09-11 10:32:58,998 INFO o.a.j.t.JMeterThread: Thread started: 多用户下单 2-54
2026-09-11 10:32:58,999 INFO o.a.j.t.JMeterThread: Thread started: 多用户下单 2-55
2026-09-11 10:32:58,999 INFO o.a.j.t.JMeterThread: Thread started: 多用户下单 2-56
2026-09-11 10:32:58,999 INFO o.a.j.t.JMeterThread: Thread started: 多用户下单 2-57
2026-09-11 10:32:58,999 INFO o.a.j.t.JMeterThread: Thread started: 多用户下单 2-58
2026-09-11 10:32:58,999 INFO o.a.j.t.JMeterThread: Thread started: 多用户下单 2-59
2026-09-11 10:32:59,000 INFO o.a.j.t.JMeterThread: Thread started: 多用户下单 2-60
2026-09-11 10:32:59,000 INFO o.a.j.t.JMeterThread: Thread started: 多用户下单 2-61
2026-09-11 10:32:59,000 INFO o.a.j.t.JMeterThread: Thread started: 多用户下单 2-62
2026-09-11 10:32:59,001 INFO o.a.j.t.JMeterThread: Thread started: 多用户下单 2-63
2026-09-11 10:32:59,002 INFO o.a.j.t.JMeterThread: Thread started: 多用户下单 2-65
2026-09-11 10:32:59,002 INFO o.a.j.t.JMeterThread: Thread started: 多用户下单 2-64
2026-09-11 10:32:59,002 INFO o.a.j.t.JMeterThread: Thread started: 多用户下单 2-66
2026-09-11 10:32:59,003 INFO o.a.j.t.JMeterThread: Thread started: 多用户下单 2-67
2026-09-11 10:32:59,004 INFO o.a.j.t.JMeterThread: Thread started: 多用户下单 2-8
2026-09-11 10:32:59,004 INFO o.a.j.t.JMeterThread: Thread started: 多用户下单 2-69
2026-09-11 10:32:59,004 INFO o.a.j.t.JMeterThread: Thread started: 多用户下单 2-70
2026-09-11 10:32:59,005 INFO o.a.j.t.JMeterThread: Thread started: 多用户下单 2-71
2026-09-11 10:32:59,005 INFO o.a.j.t.JMeterThread: Thread started: 多用户下单 2-10
2026-09-11 10:32:59,005 INFO o.a.j.t.JMeterThread: Thread started: 多用户下单 2-11
2026-09-11 10:32:59,006 INFO o.a.j.t.JMeterThread: Thread started: 多用户下单 2-74
2026-09-11 10:32:59,006 INFO o.a.j.t.JMeterThread: Thread started: 多用户下单 2-75
2026-09-11 10:32:59,006 INFO o.a.j.t.JMeterThread: Thread started: 多用户下单 2-76
2026-09-11 10:32:59,006 INFO o.a.j.t.JMeterThread: Thread started: 多用户下单 2-77
2026-09-11 10:32:59,007 INFO o.a.j.t.JMeterThread: Thread started: 多用户下单 2-78
2026-09-11 10:32:59,007 INFO o.a.j.t.JMeterThread: Thread started: 多用户下单 2-79
2026-09-11 10:32:59,007 INFO o.a.j.t.JMeterThread: Thread started: 多用户下单 2-22
2026-09-11 10:32:59,007 INFO o.a.j.t.JMeterThread: Thread started: 多用户下单 2-25
2026-09-11 10:32:59,007 INFO o.a.j.t.JMeterThread: Thread started: 多用户下单 2-82
2026-09-11 10:32:59,008 INFO o.a.j.t.JMeterThread: Thread started: 多用户下单 2-83
2026-09-11 10:32:59,008 INFO o.a.j.t.JMeterThread: Thread started: 多用户下单 2-84
2026-09-11 10:32:59,008 INFO o.a.j.t.JMeterThread: Thread started: 多用户下单 2-85
2026-09-11 10:32:59,008 INFO o.a.j.t.JMeterThread: Thread started: Thread Group 1-79
2026-09-11 10:32:59,008 INFO o.a.j.t.JMeterThread: Thread started: 多用户下单 2-87
2026-09-11 10:32:59,009 INFO o.a.j.t.JMeterThread: Thread is done: Thread Group 1-98
2026-09-11 10:32:59,009 INFO o.a.j.t.JMeterThread: Thread finished: Thread Group 1-98
2026-09-11 10:32:59,009 INFO o.a.j.t.JMeterThread: Thread started: 多用户下单 2-88
2026-09-11 10:32:59,009 INFO o.a.j.t.JMeterThread: Thread is done: Thread Group 1-63
2026-09-11 10:32:59,009 INFO o.a.j.t.JMeterThread: Thread finished: Thread Group 1-63
2026-09-11 10:32:59,009 INFO o.a.j.t.JMeterThread: Thread started: 多用户下单 2-89
2026-09-11 10:32:59,009 INFO o.a.j.t.JMeterThread: Thread started: 多用户下单 2-90
2026-09-11 10:32:59,009 INFO o.a.j.t.JMeterThread: Thread is done: Thread Group 1-100
2026-09-11 10:32:59,009 INFO o.a.j.t.JMeterThread: Thread finished: Thread Group 1-100
2026-09-11 10:32:59,009 INFO o.a.j.t.JMeterThread: Thread is done: Thread Group 1-96
2026-09-11 10:32:59,010 INFO o.a.j.t.JMeterThread: Thread finished: Thread Group 1-96
2026-09-11 10:32:59,010 INFO o.a.j.t.JMeterThread: Thread started: 多用户下单 2-91
2026-09-11 10:32:59,011 INFO o.a.j.t.JMeterThread: Thread is done: Thread Group 1-97
2026-09-11 10:32:59,011 INFO o.a.j.t.JMeterThread: Thread finished: Thread Group 1-97
2026-09-11 10:32:59,011 INFO o.a.j.t.JMeterThread: Thread is done: Thread Group 1-55
2026-09-11 10:32:59,011 INFO o.a.j.t.JMeterThread: Thread finished: Thread Group 1-55
2026-09-11 10:32:59,011 INFO o.a.j.t.JMeterThread: Thread is done: Thread Group 1-99
2026-09-11 10:32:59,011 INFO o.a.j.t.JMeterThread: Thread finished: Thread Group 1-99
2026-09-11 10:32:59,012 INFO o.a.j.t.JMeterThread: Thread is done: Thread Group 1-52
2026-09-11 10:32:59,012 INFO o.a.j.t.JMeterThread: Thread finished: Thread Group 1-52
2026-09-11 10:32:59,012 INFO o.a.j.t.JMeterThread: Thread is done: Thread Group 1-93
2026-09-11 10:32:59,013 INFO o.a.j.t.JMeterThread: Thread finished: Thread Group 1-93
2026-09-11 10:32:59,013 INFO o.a.j.t.JMeterThread: Thread started: 多用户下单 2-92
2026-09-11 10:32:59,014 INFO o.a.j.t.JMeterThread: Thread is done: Thread Group 1-95
2026-09-11 10:32:59,014 INFO o.a.j.t.JMeterThread: Thread is done: Thread Group 1-89
2026-09-11 10:32:59,014 INFO o.a.j.t.JMeterThread: Thread finished: Thread Group 1-89
2026-09-11 10:32:59,014 INFO o.a.j.t.JMeterThread: Thread finished: Thread Group 1-95
2026-09-11 10:32:59,014 INFO o.a.j.t.JMeterThread: Thread is done: Thread Group 1-92
2026-09-11 10:32:59,014 INFO o.a.j.t.JMeterThread: Thread finished: Thread Group 1-92
2026-09-11 10:32:59,014 INFO o.a.j.t.JMeterThread: Thread started: 多用户下单 2-93
2026-09-11 10:32:59,015 INFO o.a.j.t.JMeterThread: Thread started: 多用户下单 2-94
2026-09-11 10:32:59,015 INFO o.a.j.t.JMeterThread: Thread is done: Thread Group 1-90
2026-09-11 10:32:59,015 INFO o.a.j.t.JMeterThread: Thread finished: Thread Group 1-90
2026-09-11 10:32:59,017 INFO o.a.j.t.JMeterThread: Thread is done: Thread Group 1-85
2026-09-11 10:32:59,017 INFO o.a.j.t.JMeterThread: Thread finished: Thread Group 1-85
2026-09-11 10:32:59,017 INFO o.a.j.t.JMeterThread: Thread is done: Thread Group 1-17
2026-09-11 10:32:59,017 INFO o.a.j.t.JMeterThread: Thread finished: Thread Group 1-17
2026-09-11 10:32:59,017 INFO o.a.j.t.JMeterThread: Thread is done: Thread Group 1-88
2026-09-11 10:32:59,017 INFO o.a.j.t.JMeterThread: Thread finished: Thread Group 1-88
2026-09-11 10:32:59,017 INFO o.a.j.t.JMeterThread: Thread is done: Thread Group 1-84
2026-09-11 10:32:59,017 INFO o.a.j.t.JMeterThread: Thread finished: Thread Group 1-84
2026-09-11 10:32:59,017 INFO o.a.j.t.JMeterThread: Thread started: 多用户下单 2-96
2026-09-11 10:32:59,018 INFO o.a.j.t.JMeterThread: Thread is done: Thread Group 1-86
2026-09-11 10:32:59,018 INFO o.a.j.t.JMeterThread: Thread finished: Thread Group 1-86
2026-09-11 10:32:59,018 INFO o.a.j.t.JMeterThread: Thread is done: Thread Group 1-87
2026-09-11 10:32:59,018 INFO o.a.j.t.JMeterThread: Thread finished: Thread Group 1-87
2026-09-11 10:32:59,019 INFO o.a.j.t.JMeterThread: Thread is done: Thread Group 1-15
2026-09-11 10:32:59,019 INFO o.a.j.t.JMeterThread: Thread finished: Thread Group 1-15
2026-09-11 10:32:59,019 INFO o.a.j.t.JMeterThread: Thread is done: Thread Group 1-82
2026-09-11 10:32:59,019 INFO o.a.j.t.JMeterThread: Thread started: 多用户下单 2-95
2026-09-11 10:32:59,019 INFO o.a.j.t.JMeterThread: Thread is done: Thread Group 1-73
2026-09-11 10:32:59,019 INFO o.a.j.t.JMeterThread: Thread finished: Thread Group 1-73
2026-09-11 10:32:59,019 INFO o.a.j.t.JMeterThread: Thread finished: Thread Group 1-82
2026-09-11 10:32:59,019 INFO o.a.j.t.JMeterThread: Thread is done: Thread Group 1-41
2026-09-11 10:32:59,019 INFO o.a.j.t.JMeterThread: Thread finished: Thread Group 1-41
2026-09-11 10:32:59,020 INFO o.a.j.t.JMeterThread: Thread started: 多用户下单 2-97
2026-09-11 10:32:59,020 INFO o.a.j.t.JMeterThread: Thread is done: Thread Group 1-71
2026-09-11 10:32:59,020 INFO o.a.j.t.JMeterThread: Thread finished: Thread Group 1-71
2026-09-11 10:32:59,020 INFO o.a.j.t.JMeterThread: Thread started: 多用户下单 2-98
2026-09-11 10:32:59,020 INFO o.a.j.t.JMeterThread: Thread started: 多用户下单 2-99
2026-09-11 10:32:59,020 INFO o.a.j.t.JMeterThread: Thread started: 多用户下单 2-102
2026-09-11 10:32:59,020 INFO o.a.j.t.JMeterThread: Thread started: 多用户下单 2-100
2026-09-11 10:32:59,021 INFO o.a.j.t.JMeterThread: Thread is done: Thread Group 1-78
2026-09-11 10:32:59,021 INFO o.a.j.t.JMeterThread: Thread finished: Thread Group 1-78
2026-09-11 10:32:59,021 INFO o.a.j.t.JMeterThread: Thread started: 多用户下单 2-101
2026-09-11 10:32:59,021 INFO o.a.j.t.JMeterThread: Thread is done: Thread Group 1-70
2026-09-11 10:32:59,021 INFO o.a.j.t.JMeterThread: Thread finished: Thread Group 1-70
2026-09-11 10:32:59,021 INFO o.a.j.t.JMeterThread: Thread is done: Thread Group 1-75
2026-09-11 10:32:59,021 INFO o.a.j.t.JMeterThread: Thread finished: Thread Group 1-75
2026-09-11 10:32:59,022 INFO o.a.j.t.JMeterThread: Thread started: 多用户下单 2-103
2026-09-11 10:32:59,022 INFO o.a.j.t.JMeterThread: Thread started: 多用户下单 2-104
2026-09-11 10:32:59,022 INFO o.a.j.t.JMeterThread: Thread started: 多用户下单 2-105
2026-09-11 10:32:59,022 INFO o.a.j.t.JMeterThread: Thread is done: Thread Group 1-29
2026-09-11 10:32:59,023 INFO o.a.j.t.JMeterThread: Thread finished: Thread Group 1-29
2026-09-11 10:32:59,022 INFO o.a.j.t.JMeterThread: Thread started: 多用户下单 2-106
2026-09-11 10:32:59,023 INFO o.a.j.t.JMeterThread: Thread is done: Thread Group 1-66
2026-09-11 10:32:59,023 INFO o.a.j.t.JMeterThread: Thread finished: Thread Group 1-66
2026-09-11 10:32:59,023 INFO o.a.j.t.JMeterThread: Thread started: 多用户下单 2-107
2026-09-11 10:32:59,023 INFO o.a.j.t.JMeterThread: Thread started: 多用户下单 2-108
2026-09-11 10:32:59,023 INFO o.a.j.t.JMeterThread: Thread is done: Thread Group 1-77
2026-09-11 10:32:59,023 INFO o.a.j.t.JMeterThread: Thread finished: Thread Group 1-77
2026-09-11 10:32:59,024 INFO o.a.j.t.JMeterThread: Thread started: 多用户下单 2-109
2026-09-11 10:32:59,024 INFO o.a.j.t.JMeterThread: Thread is done: Thread Group 1-69
2026-09-11 10:32:59,024 INFO o.a.j.t.JMeterThread: Thread is done: Thread Group 1-68
2026-09-11 10:32:59,024 INFO o.a.j.t.JMeterThread: Thread finished: Thread Group 1-69
2026-09-11 10:32:59,024 INFO o.a.j.t.JMeterThread: Thread finished: Thread Group 1-68
2026-09-11 10:32:59,024 INFO o.a.j.t.JMeterThread: Thread started: 多用户下单 2-110
2026-09-11 10:32:59,024 INFO o.a.j.t.JMeterThread: Thread is done: Thread Group 1-65
2026-09-11 10:32:59,025 INFO o.a.j.t.JMeterThread: Thread finished: Thread Group 1-65
2026-09-11 10:32:59,025 INFO o.a.j.t.JMeterThread: Thread started: 多用户下单 2-111
2026-09-11 10:32:59,025 INFO o.a.j.t.JMeterThread: Thread started: 多用户下单 2-112
2026-09-11 10:32:59,025 INFO o.a.j.t.JMeterThread: Thread is done: Thread Group 1-72
2026-09-11 10:32:59,025 INFO o.a.j.t.JMeterThread: Thread finished: Thread Group 1-72
2026-09-11 10:32:59,025 INFO o.a.j.t.JMeterThread: Thread started: 多用户下单 2-113
2026-09-11 10:32:59,026 INFO o.a.j.t.JMeterThread: Thread started: 多用户下单 2-114
2026-09-11 10:32:59,026 INFO o.a.j.t.JMeterThread: Thread started: 多用户下单 2-115
2026-09-11 10:32:59,026 INFO o.a.j.t.JMeterThread: Thread is done: Thread Group 1-74
2026-09-11 10:32:59,026 INFO o.a.j.t.JMeterThread: Thread finished: Thread Group 1-74
2026-09-11 10:32:59,026 INFO o.a.j.t.JMeterThread: Thread started: 多用户下单 2-116
2026-09-11 10:32:59,027 INFO o.a.j.t.JMeterThread: Thread is done: Thread Group 1-50
2026-09-11 10:32:59,027 INFO o.a.j.t.JMeterThread: Thread finished: Thread Group 1-50
2026-09-11 10:32:59,027 INFO o.a.j.t.JMeterThread: Thread is done: Thread Group 1-28
2026-09-11 10:32:59,027 INFO o.a.j.t.JMeterThread: Thread finished: Thread Group 1-28
2026-09-11 10:32:59,027 INFO o.a.j.t.JMeterThread: Thread started: 多用户下单 2-117
2026-09-11 10:32:59,027 INFO o.a.j.t.JMeterThread: Thread started: 多用户下单 2-118
2026-09-11 10:32:59,027 INFO o.a.j.t.JMeterThread: Thread started: 多用户下单 2-119
2026-09-11 10:32:59,027 INFO o.a.j.t.JMeterThread: Thread started: 多用户下单 2-120
2026-09-11 10:32:59,028 INFO o.a.j.t.JMeterThread: Thread started: 多用户下单 2-121
2026-09-11 10:32:59,028 INFO o.a.j.t.JMeterThread: Thread is done: Thread Group 1-81
2026-09-11 10:32:59,028 INFO o.a.j.t.JMeterThread: Thread finished: Thread Group 1-81
2026-09-11 10:32:59,029 INFO o.a.j.t.JMeterThread: Thread started: 多用户下单 2-122
2026-09-11 10:32:59,029 INFO o.a.j.t.JMeterThread: Thread started: 多用户下单 2-123
2026-09-11 10:32:59,029 INFO o.a.j.t.JMeterThread: Thread started: 多用户下单 2-124
2026-09-11 10:32:59,030 INFO o.a.j.t.JMeterThread: Thread started: 多用户下单 2-125
2026-09-11 10:32:59,030 INFO o.a.j.t.JMeterThread: Thread started: 多用户下单 2-126
2026-09-11 10:32:59,030 INFO o.a.j.t.JMeterThread: Thread started: 多用户下单 2-127
2026-09-11 10:32:59,030 INFO o.a.j.t.JMeterThread: Thread started: 多用户下单 2-128
2026-09-11 10:32:59,031 INFO o.a.j.t.JMeterThread: Thread started: 多用户下单 2-129
2026-09-11 10:32:59,032 INFO o.a.j.t.JMeterThread: Thread started: 多用户下单 2-130
2026-09-11 10:32:59,032 INFO o.a.j.t.JMeterThread: Thread started: 多用户下单 2-131
2026-09-11 10:32:59,032 INFO o.a.j.t.JMeterThread: Thread is done: 多用户下单 2-35
2026-09-11 10:32:59,032 INFO o.a.j.t.JMeterThread: Thread finished: 多用户下单 2-35
2026-09-11 10:32:59,032 INFO o.a.j.t.JMeterThread: Thread started: 多用户下单 2-132
2026-09-11 10:32:59,033 INFO o.a.j.t.JMeterThread: Thread started: 多用户下单 2-133
2026-09-11 10:32:59,033 INFO o.a.j.t.JMeterThread: Thread is done: 多用户下单 2-7
2026-09-11 10:32:59,033 INFO o.a.j.t.JMeterThread: Thread finished: 多用户下单 2-7
2026-09-11 10:32:59,033 INFO o.a.j.t.JMeterThread: Thread started: 多用户下单 2-134
2026-09-11 10:32:59,034 INFO o.a.j.t.JMeterThread: Thread started: 多用户下单 2-135
2026-09-11 10:32:59,034 INFO o.a.j.t.JMeterThread: Thread started: 多用户下单 2-136
2026-09-11 10:32:59,034 INFO o.a.j.t.JMeterThread: Thread is done: 多用户下单 2-24
2026-09-11 10:32:59,034 INFO o.a.j.t.JMeterThread: Thread finished: 多用户下单 2-24
2026-09-11 10:32:59,035 INFO o.a.j.t.JMeterThread: Thread started: 多用户下单 2-137
2026-09-11 10:32:59,035 INFO o.a.j.t.JMeterThread: Thread is done: 多用户下单 2-23
2026-09-11 10:32:59,035 INFO o.a.j.t.JMeterThread: Thread finished: 多用户下单 2-23
2026-09-11 10:32:59,035 INFO o.a.j.t.JMeterThread: Thread started: 多用户下单 2-138
2026-09-11 10:32:59,035 INFO o.a.j.t.JMeterThread: Thread is done: 多用户下单 2-15
2026-09-11 10:32:59,035 INFO o.a.j.t.JMeterThread: Thread finished: 多用户下单 2-15
2026-09-11 10:32:59,036 INFO o.a.j.t.JMeterThread: Thread started: 多用户下单 2-139
2026-09-11 10:32:59,036 INFO o.a.j.t.JMeterThread: Thread is done: 多用户下单 2-73
2026-09-11 10:32:59,036 INFO o.a.j.t.JMeterThread: Thread finished: 多用户下单 2-73
2026-09-11 10:32:59,036 INFO o.a.j.t.JMeterThread: Thread started: 多用户下单 2-140
2026-09-11 10:32:59,037 INFO o.a.j.t.JMeterThread: Thread started: 多用户下单 2-141
2026-09-11 10:32:59,037 INFO o.a.j.t.JMeterThread: Thread is done: 多用户下单 2-1
2026-09-11 10:32:59,037 INFO o.a.j.t.JMeterThread: Thread started: 多用户下单 2-142
2026-09-11 10:32:59,037 INFO o.a.j.t.JMeterThread: Thread finished: 多用户下单 2-1
2026-09-11 10:32:59,038 INFO o.a.j.t.JMeterThread: Thread started: 多用户下单 2-143
2026-09-11 10:32:59,038 INFO o.a.j.t.JMeterThread: Thread is done: 多用户下单 2-20
2026-09-11 10:32:59,038 INFO o.a.j.t.JMeterThread: Thread finished: 多用户下单 2-20
2026-09-11 10:32:59,038 INFO o.a.j.t.JMeterThread: Thread started: 多用户下单 2-144
2026-09-11 10:32:59,038 INFO o.a.j.t.JMeterThread: Thread started: 多用户下单 2-145
2026-09-11 10:32:59,039 INFO o.a.j.t.JMeterThread: Thread started: 多用户下单 2-146
2026-09-11 10:32:59,039 INFO o.a.j.t.JMeterThread: Thread is done: 多用户下单 2-80
2026-09-11 10:32:59,039 INFO o.a.j.t.JMeterThread: Thread finished: 多用户下单 2-80
2026-09-11 10:32:59,039 INFO o.a.j.t.JMeterThread: Thread started: 多用户下单 2-147
2026-09-11 10:32:59,040 INFO o.a.j.t.JMeterThread: Thread is done: 多用户下单 2-36
2026-09-11 10:32:59,040 INFO o.a.j.t.JMeterThread: Thread finished: 多用户下单 2-36
2026-09-11 10:32:59,040 INFO o.a.j.t.JMeterThread: Thread is done: 多用户下单 2-19
2026-09-11 10:32:59,040 INFO o.a.j.t.JMeterThread: Thread is done: 多用户下单 2-30
2026-09-11 10:32:59,040 INFO o.a.j.t.JMeterThread: Thread finished: 多用户下单 2-19
2026-09-11 10:32:59,040 INFO o.a.j.t.JMeterThread: Thread finished: 多用户下单 2-30
2026-09-11 10:32:59,040 INFO o.a.j.t.JMeterThread: Thread started: 多用户下单 2-148
2026-09-11 10:32:59,040 INFO o.a.j.t.JMeterThread: Thread started: 多用户下单 2-149
2026-09-11 10:32:59,041 INFO o.a.j.t.JMeterThread: Thread started: 多用户下单 2-150
2026-09-11 10:32:59,042 INFO o.a.j.t.JMeterThread: Thread started: 多用户下单 2-151
2026-09-11 10:32:59,042 INFO o.a.j.t.JMeterThread: Thread is done: 多用户下单 2-13
2026-09-11 10:32:59,042 INFO o.a.j.t.JMeterThread: Thread is done: 多用户下单 2-86
2026-09-11 10:32:59,042 INFO o.a.j.t.JMeterThread: Thread finished: 多用户下单 2-13
2026-09-11 10:32:59,042 INFO o.a.j.t.JMeterThread: Thread finished: 多用户下单 2-86
2026-09-11 10:32:59,042 INFO o.a.j.t.JMeterThread: Thread is done: 多用户下单 2-81
2026-09-11 10:32:59,042 INFO o.a.j.t.JMeterThread: Thread finished: 多用户下单 2-81
2026-09-11 10:32:59,042 INFO o.a.j.t.JMeterThread: Thread started: 多用户下单 2-152
2026-09-11 10:32:59,042 INFO o.a.j.t.JMeterThread: Thread started: 多用户下单 2-153
2026-09-11 10:32:59,042 INFO o.a.j.t.JMeterThread: Thread started: 多用户下单 2-154
2026-09-11 10:32:59,042 INFO o.a.j.t.JMeterThread: Thread is done: 多用户下单 2-4
2026-09-11 10:32:59,042 INFO o.a.j.t.JMeterThread: Thread finished: 多用户下单 2-4
2026-09-11 10:32:59,042 INFO o.a.j.t.JMeterThread: Thread is done: 多用户下单 2-45
2026-09-11 10:32:59,042 INFO o.a.j.t.JMeterThread: Thread finished: 多用户下单 2-45
2026-09-11 10:32:59,043 INFO o.a.j.t.JMeterThread: Thread started: 多用户下单 2-155
2026-09-11 10:32:59,043 INFO o.a.j.t.JMeterThread: Thread started: 多用户下单 2-156
2026-09-11 10:32:59,043 INFO o.a.j.t.JMeterThread: Thread is done: 多用户下单 2-34
2026-09-11 10:32:59,043 INFO o.a.j.t.JMeterThread: Thread finished: 多用户下单 2-34
2026-09-11 10:32:59,043 INFO o.a.j.t.JMeterThread: Thread is done: 多用户下单 2-42
2026-09-11 10:32:59,043 INFO o.a.j.t.JMeterThread: Thread finished: 多用户下单 2-42
2026-09-11 10:32:59,044 INFO o.a.j.t.JMeterThread: Thread is done: 多用户下单 2-44
2026-09-11 10:32:59,044 INFO o.a.j.t.JMeterThread: Thread finished: 多用户下单 2-44
2026-09-11 10:32:59,044 INFO o.a.j.t.JMeterThread: Thread started: 多用户下单 2-157
2026-09-11 10:32:59,044 INFO o.a.j.t.JMeterThread: Thread is done: 多用户下单 2-29
2026-09-11 10:32:59,044 INFO o.a.j.t.JMeterThread: Thread is done: 多用户下单 2-17
2026-09-11 10:32:59,044 INFO o.a.j.t.JMeterThread: Thread finished: 多用户下单 2-29
2026-09-11 10:32:59,044 INFO o.a.j.t.JMeterThread: Thread finished: 多用户下单 2-17
2026-09-11 10:32:59,044 INFO o.a.j.t.JMeterThread: Thread started: 多用户下单 2-158
2026-09-11 10:32:59,045 INFO o.a.j.t.JMeterThread: Thread is done: 多用户下单 2-28
2026-09-11 10:32:59,045 INFO o.a.j.t.JMeterThread: Thread finished: 多用户下单 2-28
2026-09-11 10:32:59,045 INFO o.a.j.t.JMeterThread: Thread started: 多用户下单 2-159
2026-09-11 10:32:59,045 INFO o.a.j.t.JMeterThread: Thread started: 多用户下单 2-160
2026-09-11 10:32:59,045 INFO o.a.j.t.JMeterThread: Thread is done: 多用户下单 2-33
2026-09-11 10:32:59,046 INFO o.a.j.t.JMeterThread: Thread finished: 多用户下单 2-33
2026-09-11 10:32:59,046 INFO o.a.j.t.JMeterThread: Thread started: 多用户下单 2-161
2026-09-11 10:32:59,046 INFO o.a.j.t.JMeterThread: Thread started: 多用户下单 2-162
2026-09-11 10:32:59,046 INFO o.a.j.t.JMeterThread: Thread started: 多用户下单 2-163
2026-09-11 10:32:59,046 INFO o.a.j.t.JMeterThread: Thread is done: 多用户下单 2-26
2026-09-11 10:32:59,047 INFO o.a.j.t.JMeterThread: Thread finished: 多用户下单 2-26
2026-09-11 10:32:59,047 INFO o.a.j.t.JMeterThread: Thread started: 多用户下单 2-164
2026-09-11 10:32:59,047 INFO o.a.j.t.JMeterThread: Thread started: 多用户下单 2-165
2026-09-11 10:32:59,048 INFO o.a.j.t.JMeterThread: Thread is done: 多用户下单 2-18
2026-09-11 10:32:59,048 INFO o.a.j.t.JMeterThread: Thread finished: 多用户下单 2-18
2026-09-11 10:32:59,048 INFO o.a.j.t.JMeterThread: Thread started: 多用户下单 2-166
2026-09-11 10:32:59,048 INFO o.a.j.t.JMeterThread: Thread is done: 多用户下单 2-37
2026-09-11 10:32:59,048 INFO o.a.j.t.JMeterThread: Thread finished: 多用户下单 2-37
2026-09-11 10:32:59,048 INFO o.a.j.t.JMeterThread: Thread started: 多用户下单 2-167
2026-09-11 10:32:59,048 INFO o.a.j.t.JMeterThread: Thread started: 多用户下单 2-168
2026-09-11 10:32:59,048 INFO o.a.j.t.JMeterThread: Thread started: 多用户下单 2-169
2026-09-11 10:32:59,049 INFO o.a.j.t.JMeterThread: Thread started: 多用户下单 2-170
2026-09-11 10:32:59,049 INFO o.a.j.t.JMeterThread: Thread is done: 多用户下单 2-48
2026-09-11 10:32:59,049 INFO o.a.j.t.JMeterThread: Thread is done: 多用户下单 2-27
2026-09-11 10:32:59,049 INFO o.a.j.t.JMeterThread: Thread finished: 多用户下单 2-48
2026-09-11 10:32:59,049 INFO o.a.j.t.JMeterThread: Thread finished: 多用户下单 2-27
2026-09-11 10:32:59,049 INFO o.a.j.t.JMeterThread: Thread started: 多用户下单 2-171
2026-09-11 10:32:59,049 INFO o.a.j.t.JMeterThread: Thread is done: 多用户下单 2-21
2026-09-11 10:32:59,049 INFO o.a.j.t.JMeterThread: Thread finished: 多用户下单 2-21
2026-09-11 10:32:59,049 INFO o.a.j.t.JMeterThread: Thread is done: 多用户下单 2-3
2026-09-11 10:32:59,049 INFO o.a.j.t.JMeterThread: Thread finished: 多用户下单 2-3
2026-09-11 10:32:59,049 INFO o.a.j.t.JMeterThread: Thread started: 多用户下单 2-172
2026-09-11 10:32:59,050 INFO o.a.j.t.JMeterThread: Thread started: 多用户下单 2-173
2026-09-11 10:32:59,050 INFO o.a.j.t.JMeterThread: Thread is done: 多用户下单 2-32
2026-09-11 10:32:59,050 INFO o.a.j.t.JMeterThread: Thread finished: 多用户下单 2-32
2026-09-11 10:32:59,050 INFO o.a.j.t.JMeterThread: Thread started: 多用户下单 2-174
2026-09-11 10:32:59,051 INFO o.a.j.t.JMeterThread: Thread started: 多用户下单 2-175
2026-09-11 10:32:59,052 INFO o.a.j.t.JMeterThread: Thread started: 多用户下单 2-176
2026-09-11 10:32:59,052 INFO o.a.j.t.JMeterThread: Thread started: 多用户下单 2-177
2026-09-11 10:32:59,053 INFO o.a.j.t.JMeterThread: Thread is done: 多用户下单 2-40
2026-09-11 10:32:59,053 INFO o.a.j.t.JMeterThread: Thread started: 多用户下单 2-178
2026-09-11 10:32:59,053 INFO o.a.j.t.JMeterThread: Thread finished: 多用户下单 2-40
2026-09-11 10:32:59,053 INFO o.a.j.t.JMeterThread: Thread is done: 多用户下单 2-39
2026-09-11 10:32:59,053 INFO o.a.j.t.JMeterThread: Thread started: 多用户下单 2-179
2026-09-11 10:32:59,053 INFO o.a.j.t.JMeterThread: Thread finished: 多用户下单 2-39
2026-09-11 10:32:59,053 INFO o.a.j.t.JMeterThread: Thread started: 多用户下单 2-180
2026-09-11 10:32:59,053 INFO o.a.j.t.JMeterThread: Thread is done: 多用户下单 2-2
2026-09-11 10:32:59,053 INFO o.a.j.t.JMeterThread: Thread finished: 多用户下单 2-2
2026-09-11 10:32:59,054 INFO o.a.j.t.JMeterThread: Thread started: 多用户下单 2-181
2026-09-11 10:32:59,055 INFO o.a.j.t.JMeterThread: Thread started: 多用户下单 2-182
2026-09-11 10:32:59,056 INFO o.a.j.t.JMeterThread: Thread started: 多用户下单 2-183
2026-09-11 10:32:59,056 INFO o.a.j.t.JMeterThread: Thread started: 多用户下单 2-184
2026-09-11 10:32:59,056 INFO o.a.j.t.JMeterThread: Thread is done: 多用户下单 2-16
2026-09-11 10:32:59,056 INFO o.a.j.t.JMeterThread: Thread finished: 多用户下单 2-16
2026-09-11 10:32:59,056 INFO o.a.j.t.JMeterThread: Thread started: 多用户下单 2-185
2026-09-11 10:32:59,056 INFO o.a.j.t.JMeterThread: Thread is done: 多用户下单 2-68
2026-09-11 10:32:59,056 INFO o.a.j.t.JMeterThread: Thread finished: 多用户下单 2-68
2026-09-11 10:32:59,057 INFO o.a.j.t.JMeterThread: Thread started: 多用户下单 2-186
2026-09-11 10:32:59,057 INFO o.a.j.t.JMeterThread: Thread is done: 多用户下单 2-43
2026-09-11 10:32:59,057 INFO o.a.j.t.JMeterThread: Thread finished: 多用户下单 2-43
2026-09-11 10:32:59,057 INFO o.a.j.t.JMeterThread: Thread is done: 多用户下单 2-46
2026-09-11 10:32:59,057 INFO o.a.j.t.JMeterThread: Thread finished: 多用户下单 2-46
2026-09-11 10:32:59,057 INFO o.a.j.t.JMeterThread: Thread started: 多用户下单 2-187
2026-09-11 10:32:59,057 INFO o.a.j.t.JMeterThread: Thread is done: 多用户下单 2-38
2026-09-11 10:32:59,057 INFO o.a.j.t.JMeterThread: Thread finished: 多用户下单 2-38
2026-09-11 10:32:59,057 INFO o.a.j.t.JMeterThread: Thread started: 多用户下单 2-188
2026-09-11 10:32:59,057 INFO o.a.j.t.JMeterThread: Thread is done: 多用户下单 2-47
2026-09-11 10:32:59,057 INFO o.a.j.t.JMeterThread: Thread finished: 多用户下单 2-47
2026-09-11 10:32:59,058 INFO o.a.j.t.JMeterThread: Thread started: 多用户下单 2-189
2026-09-11 10:32:59,058 INFO o.a.j.t.JMeterThread: Thread started: 多用户下单 2-190
2026-09-11 10:32:59,058 INFO o.a.j.t.JMeterThread: Thread started: 多用户下单 2-191
2026-09-11 10:32:59,058 INFO o.a.j.t.JMeterThread: Thread started: 多用户下单 2-192
2026-09-11 10:32:59,059 INFO o.a.j.t.JMeterThread: Thread is done: 多用户下单 2-41
2026-09-11 10:32:59,059 INFO o.a.j.t.JMeterThread: Thread finished: 多用户下单 2-41
2026-09-11 10:32:59,059 INFO o.a.j.t.JMeterThread: Thread started: 多用户下单 2-193
2026-09-11 10:32:59,059 INFO o.a.j.t.JMeterThread: Thread is done: 多用户下单 2-12
2026-09-11 10:32:59,059 INFO o.a.j.t.JMeterThread: Thread is done: 多用户下单 2-31
2026-09-11 10:32:59,059 INFO o.a.j.t.JMeterThread: Thread finished: 多用户下单 2-12
2026-09-11 10:32:59,059 INFO o.a.j.t.JMeterThread: Thread finished: 多用户下单 2-31
2026-09-11 10:32:59,059 INFO o.a.j.t.JMeterThread: Thread started: 多用户下单 2-194
2026-09-11 10:32:59,060 INFO o.a.j.t.JMeterThread: Thread started: 多用户下单 2-195
2026-09-11 10:32:59,060 INFO o.a.j.t.JMeterThread: Thread started: 多用户下单 2-196
2026-09-11 10:32:59,061 INFO o.a.j.t.JMeterThread: Thread is done: 多用户下单 2-9
2026-09-11 10:32:59,061 INFO o.a.j.t.JMeterThread: Thread is done: 多用户下单 2-50
2026-09-11 10:32:59,061 INFO o.a.j.t.JMeterThread: Thread started: 多用户下单 2-197
2026-09-11 10:32:59,061 INFO o.a.j.t.JMeterThread: Thread finished: 多用户下单 2-9
2026-09-11 10:32:59,061 INFO o.a.j.t.JMeterThread: Thread finished: 多用户下单 2-50
2026-09-11 10:32:59,062 INFO o.a.j.t.JMeterThread: Thread started: 多用户下单 2-198
2026-09-11 10:32:59,062 INFO o.a.j.t.JMeterThread: Thread started: 多用户下单 2-199
2026-09-11 10:32:59,062 INFO o.a.j.t.JMeterThread: Thread started: 多用户下单 2-200
2026-09-11 10:32:59,062 INFO o.a.j.t.JMeterThread: Thread started: 多用户下单 2-201
2026-09-11 10:32:59,062 INFO o.a.j.t.JMeterThread: Thread is done: 多用户下单 2-5
2026-09-11 10:32:59,062 INFO o.a.j.t.JMeterThread: Thread started: 多用户下单 2-202
2026-09-11 10:32:59,062 INFO o.a.j.t.JMeterThread: Thread finished: 多用户下单 2-5
2026-09-11 10:32:59,063 INFO o.a.j.t.JMeterThread: Thread started: 多用户下单 2-203
2026-09-11 10:32:59,063 INFO o.a.j.t.JMeterThread: Thread started: 多用户下单 2-204
2026-09-11 10:32:59,063 INFO o.a.j.t.JMeterThread: Thread is done: 多用户下单 2-72
2026-09-11 10:32:59,063 INFO o.a.j.t.JMeterThread: Thread finished: 多用户下单 2-72
2026-09-11 10:32:59,063 INFO o.a.j.t.JMeterThread: Thread started: 多用户下单 2-205
2026-09-11 10:32:59,063 INFO o.a.j.t.JMeterThread: Thread started: 多用户下单 2-206
2026-09-11 10:32:59,064 INFO o.a.j.t.JMeterThread: Thread started: 多用户下单 2-207
2026-09-11 10:32:59,064 INFO o.a.j.t.JMeterThread: Thread started: 多用户下单 2-208
2026-09-11 10:32:59,064 INFO o.a.j.t.JMeterThread: Thread started: 多用户下单 2-209
2026-09-11 10:32:59,064 INFO o.a.j.t.JMeterThread: Thread started: 多用户下单 2-210
2026-09-11 10:32:59,065 INFO o.a.j.t.JMeterThread: Thread started: 多用户下单 2-211
2026-09-11 10:32:59,065 INFO o.a.j.t.JMeterThread: Thread started: 多用户下单 2-212
2026-09-11 10:32:59,065 INFO o.a.j.t.JMeterThread: Thread is done: 多用户下单 2-49
2026-09-11 10:32:59,065 INFO o.a.j.t.JMeterThread: Thread finished: 多用户下单 2-49
2026-09-11 10:32:59,065 INFO o.a.j.t.JMeterThread: Thread started: 多用户下单 2-213
2026-09-11 10:32:59,066 INFO o.a.j.t.JMeterThread: Thread started: 多用户下单 2-214
2026-09-11 10:32:59,066 INFO o.a.j.t.JMeterThread: Thread started: 多用户下单 2-215
2026-09-11 10:32:59,067 INFO o.a.j.t.JMeterThread: Thread started: 多用户下单 2-216
2026-09-11 10:32:59,067 INFO o.a.j.t.JMeterThread: Thread started: 多用户下单 2-217
2026-09-11 10:32:59,068 INFO o.a.j.t.JMeterThread: Thread started: 多用户下单 2-218
2026-09-11 10:32:59,068 INFO o.a.j.t.JMeterThread: Thread started: 多用户下单 2-219
2026-09-11 10:32:59,069 INFO o.a.j.t.JMeterThread: Thread started: 多用户下单 2-220
2026-09-11 10:32:59,069 INFO o.a.j.t.JMeterThread: Thread started: 多用户下单 2-221
2026-09-11 10:32:59,069 INFO o.a.j.t.JMeterThread: Thread started: 多用户下单 2-222
2026-09-11 10:32:59,069 INFO o.a.j.t.JMeterThread: Thread started: 多用户下单 2-223
2026-09-11 10:32:59,070 INFO o.a.j.t.JMeterThread: Thread started: 多用户下单 2-224
2026-09-11 10:32:59,070 INFO o.a.j.t.JMeterThread: Thread is done: 多用户下单 2-6
2026-09-11 10:32:59,071 INFO o.a.j.t.JMeterThread: Thread finished: 多用户下单 2-6
2026-09-11 10:32:59,071 INFO o.a.j.t.JMeterThread: Thread is done: 多用户下单 2-52
2026-09-11 10:32:59,071 INFO o.a.j.t.JMeterThread: Thread finished: 多用户下单 2-52
2026-09-11 10:32:59,071 INFO o.a.j.t.JMeterThread: Thread is done: 多用户下单 2-54
2026-09-11 10:32:59,071 INFO o.a.j.t.JMeterThread: Thread finished: 多用户下单 2-54
2026-09-11 10:32:59,072 INFO o.a.j.t.JMeterThread: Thread started: 多用户下单 2-229
2026-09-11 10:32:59,072 INFO o.a.j.t.JMeterThread: Thread started: 多用户下单 2-230
2026-09-11 10:32:59,072 INFO o.a.j.t.JMeterThread: Thread is done: 多用户下单 2-51
2026-09-11 10:32:59,072 INFO o.a.j.t.JMeterThread: Thread finished: 多用户下单 2-51
2026-09-11 10:32:59,072 INFO o.a.j.t.JMeterThread: Thread started: 多用户下单 2-226
2026-09-11 10:32:59,072 INFO o.a.j.t.JMeterThread: Thread started: 多用户下单 2-225
2026-09-11 10:32:59,072 INFO o.a.j.t.JMeterThread: Thread started: 多用户下单 2-227
2026-09-11 10:32:59,073 INFO o.a.j.t.JMeterThread: Thread started: 多用户下单 2-231
2026-09-11 10:32:59,073 INFO o.a.j.t.JMeterThread: Thread started: 多用户下单 2-228
2026-09-11 10:32:59,073 INFO o.a.j.t.JMeterThread: Thread started: 多用户下单 2-232
2026-09-11 10:32:59,073 INFO o.a.j.t.JMeterThread: Thread started: 多用户下单 2-233
2026-09-11 10:32:59,074 INFO o.a.j.t.JMeterThread: Thread started: 多用户下单 2-234
2026-09-11 10:32:59,074 INFO o.a.j.t.JMeterThread: Thread started: 多用户下单 2-235
2026-09-11 10:32:59,074 INFO o.a.j.t.JMeterThread: Thread started: 多用户下单 2-236
2026-09-11 10:32:59,075 INFO o.a.j.t.JMeterThread: Thread started: 多用户下单 2-237
2026-09-11 10:32:59,075 INFO o.a.j.t.JMeterThread: Thread started: 多用户下单 2-238
2026-09-11 10:32:59,075 INFO o.a.j.t.JMeterThread: Thread is done: 多用户下单 2-55
2026-09-11 10:32:59,075 INFO o.a.j.t.JMeterThread: Thread finished: 多用户下单 2-55
2026-09-11 10:32:59,075 INFO o.a.j.t.JMeterThread: Thread started: 多用户下单 2-239
2026-09-11 10:32:59,076 INFO o.a.j.t.JMeterThread: Thread started: 多用户下单 2-240
2026-09-11 10:32:59,076 INFO o.a.j.t.JMeterThread: Thread started: 多用户下单 2-241
2026-09-11 10:32:59,076 INFO o.a.j.t.JMeterThread: Thread started: 多用户下单 2-243
2026-09-11 10:32:59,076 INFO o.a.j.t.JMeterThread: Thread started: 多用户下单 2-244
2026-09-11 10:32:59,076 INFO o.a.j.t.JMeterThread: Thread is done: 多用户下单 2-53
2026-09-11 10:32:59,077 INFO o.a.j.t.JMeterThread: Thread started: 多用户下单 2-249
2026-09-11 10:32:59,077 INFO o.a.j.t.JMeterThread: Thread started: 多用户下单 2-246
2026-09-11 10:32:59,077 INFO o.a.j.t.JMeterThread: Thread started: 多用户下单 2-247
2026-09-11 10:32:59,078 INFO o.a.j.t.JMeterThread: Thread started: 多用户下单 2-242
2026-09-11 10:32:59,078 INFO o.a.j.t.JMeterThread: Thread is done: 多用户下单 2-14
2026-09-11 10:32:59,078 INFO o.a.j.t.JMeterThread: Thread finished: 多用户下单 2-14
2026-09-11 10:32:59,078 INFO o.a.j.t.JMeterThread: Thread started: 多用户下单 2-248
2026-09-11 10:32:59,078 INFO o.a.j.t.JMeterThread: Thread started: 多用户下单 2-245
2026-09-11 10:32:59,078 INFO o.a.j.t.JMeterThread: Thread started: 多用户下单 2-250
2026-09-11 10:32:59,078 INFO o.a.j.t.JMeterThread: Thread started: 多用户下单 2-251
2026-09-11 10:32:59,078 INFO o.a.j.t.JMeterThread: Thread started: 多用户下单 2-252
2026-09-11 10:32:59,079 INFO o.a.j.t.JMeterThread: Thread started: 多用户下单 2-253
2026-09-11 10:32:59,079 INFO o.a.j.t.JMeterThread: Thread is done: 多用户下单 2-58
2026-09-11 10:32:59,079 INFO o.a.j.t.JMeterThread: Thread started: 多用户下单 2-257
2026-09-11 10:32:59,079 INFO o.a.j.t.JMeterThread: Thread finished: 多用户下单 2-58
2026-09-11 10:32:59,079 INFO o.a.j.t.JMeterThread: Thread is done: 多用户下单 2-56
2026-09-11 10:32:59,080 INFO o.a.j.t.JMeterThread: Thread finished: 多用户下单 2-56
2026-09-11 10:32:59,080 INFO o.a.j.t.JMeterThread: Thread started: 多用户下单 2-255
2026-09-11 10:32:59,080 INFO o.a.j.t.JMeterThread: Thread started: 多用户下单 2-256
2026-09-11 10:32:59,080 INFO o.a.j.t.JMeterThread: Thread started: 多用户下单 2-254
2026-09-11 10:32:59,080 INFO o.a.j.t.JMeterThread: Thread is done: 多用户下单 2-57
2026-09-11 10:32:59,080 INFO o.a.j.t.JMeterThread: Thread finished: 多用户下单 2-57
2026-09-11 10:32:59,080 INFO o.a.j.t.JMeterThread: Thread started: 多用户下单 2-265
2026-09-11 10:32:59,080 INFO o.a.j.t.JMeterThread: Thread started: 多用户下单 2-259
2026-09-11 10:32:59,081 INFO o.a.j.t.JMeterThread: Thread is done: 多用户下单 2-61
2026-09-11 10:32:59,081 INFO o.a.j.t.JMeterThread: Thread finished: 多用户下单 2-61
2026-09-11 10:32:59,081 INFO o.a.j.t.JMeterThread: Thread started: 多用户下单 2-260
2026-09-11 10:32:59,081 INFO o.a.j.t.JMeterThread: Thread is done: 多用户下单 2-63
2026-09-11 10:32:59,081 INFO o.a.j.t.JMeterThread: Thread started: 多用户下单 2-262
2026-09-11 10:32:59,081 INFO o.a.j.t.JMeterThread: Thread finished: 多用户下单 2-63
2026-09-11 10:32:59,081 INFO o.a.j.t.JMeterThread: Thread started: 多用户下单 2-263
2026-09-11 10:32:59,082 INFO o.a.j.t.JMeterThread: Thread is done: 多用户下单 2-64
2026-09-11 10:32:59,082 INFO o.a.j.t.JMeterThread: Thread finished: 多用户下单 2-64
2026-09-11 10:32:59,082 INFO o.a.j.t.JMeterThread: Thread started: 多用户下单 2-264
2026-09-11 10:32:59,082 INFO o.a.j.t.JMeterThread: Thread started: 多用户下单 2-258
2026-09-11 10:32:59,082 INFO o.a.j.t.JMeterThread: Thread is done: 多用户下单 2-62
2026-09-11 10:32:59,082 INFO o.a.j.t.JMeterThread: Thread finished: 多用户下单 2-62
2026-09-11 10:32:59,082 INFO o.a.j.t.JMeterThread: Thread is done: 多用户下单 2-65
2026-09-11 10:32:59,083 INFO o.a.j.t.JMeterThread: Thread finished: 多用户下单 2-65
2026-09-11 10:32:59,082 INFO o.a.j.t.JMeterThread: Thread started: 多用户下单 2-266
2026-09-11 10:32:59,083 INFO o.a.j.t.JMeterThread: Thread started: 多用户下单 2-267
2026-09-11 10:32:59,083 INFO o.a.j.t.JMeterThread: Thread started: 多用户下单 2-268
2026-09-11 10:32:59,083 INFO o.a.j.t.JMeterThread: Thread started: 多用户下单 2-261
2026-09-11 10:32:59,083 INFO o.a.j.t.JMeterThread: Thread started: 多用户下单 2-269
2026-09-11 10:32:59,084 INFO o.a.j.t.JMeterThread: Thread started: 多用户下单 2-270
2026-09-11 10:32:59,084 INFO o.a.j.t.JMeterThread: Thread is done: 多用户下单 2-66
2026-09-11 10:32:59,084 INFO o.a.j.t.JMeterThread: Thread is done: 多用户下单 2-69
2026-09-11 10:32:59,084 INFO o.a.j.t.JMeterThread: Thread finished: 多用户下单 2-66
2026-09-11 10:32:59,085 INFO o.a.j.t.JMeterThread: Thread finished: 多用户下单 2-69
2026-09-11 10:32:59,085 INFO o.a.j.t.JMeterThread: Thread started: 多用户下单 2-271
2026-09-11 10:32:59,085 INFO o.a.j.t.JMeterThread: Thread started: 多用户下单 2-272
2026-09-11 10:32:59,085 INFO o.a.j.t.JMeterThread: Thread is done: 多用户下单 2-60
2026-09-11 10:32:59,085 INFO o.a.j.t.JMeterThread: Thread finished: 多用户下单 2-60
2026-09-11 10:32:59,085 INFO o.a.j.t.JMeterThread: Thread started: 多用户下单 2-273
2026-09-11 10:32:59,085 INFO o.a.j.t.JMeterThread: Thread is done: 多用户下单 2-59
2026-09-11 10:32:59,085 INFO o.a.j.t.JMeterThread: Thread started: 多用户下单 2-274
2026-09-11 10:32:59,085 INFO o.a.j.t.JMeterThread: Thread finished: 多用户下单 2-59
2026-09-11 10:32:59,085 INFO o.a.j.t.JMeterThread: Thread started: 多用户下单 2-275
2026-09-11 10:32:59,085 INFO o.a.j.t.JMeterThread: Thread started: 多用户下单 2-276
2026-09-11 10:32:59,085 INFO o.a.j.t.JMeterThread: Thread is done: 多用户下单 2-8
2026-09-11 10:32:59,085 INFO o.a.j.t.JMeterThread: Thread finished: 多用户下单 2-8
2026-09-11 10:32:59,086 INFO o.a.j.t.JMeterThread: Thread started: 多用户下单 2-277
2026-09-11 10:32:59,086 INFO o.a.j.t.JMeterThread: Thread started: 多用户下单 2-278
2026-09-11 10:32:59,086 INFO o.a.j.t.JMeterThread: Thread is done: 多用户下单 2-67
2026-09-11 10:32:59,086 INFO o.a.j.t.JMeterThread: Thread started: 多用户下单 2-279
2026-09-11 10:32:59,086 INFO o.a.j.t.JMeterThread: Thread finished: 多用户下单 2-67
2026-09-11 10:32:59,087 INFO o.a.j.t.JMeterThread: Thread started: 多用户下单 2-280
2026-09-11 10:32:59,087 INFO o.a.j.t.JMeterThread: Thread started: 多用户下单 2-281
2026-09-11 10:32:59,087 INFO o.a.j.t.JMeterThread: Thread started: 多用户下单 2-282
2026-09-11 10:32:59,087 INFO o.a.j.t.JMeterThread: Thread is done: 多用户下单 2-70
2026-09-11 10:32:59,087 INFO o.a.j.t.JMeterThread: Thread finished: 多用户下单 2-70
2026-09-11 10:32:59,087 INFO o.a.j.t.JMeterThread: Thread started: 多用户下单 2-283
2026-09-11 10:32:59,088 INFO o.a.j.t.JMeterThread: Thread is done: 多用户下单 2-71
2026-09-11 10:32:59,088 INFO o.a.j.t.JMeterThread: Thread started: 多用户下单 2-284
2026-09-11 10:32:59,088 INFO o.a.j.t.JMeterThread: Thread finished: 多用户下单 2-71
2026-09-11 10:32:59,088 INFO o.a.j.t.JMeterThread: Thread started: 多用户下单 2-285
2026-09-11 10:32:59,089 INFO o.a.j.t.JMeterThread: Thread started: 多用户下单 2-286
2026-09-11 10:32:59,089 INFO o.a.j.t.JMeterThread: Thread is done: 多用户下单 2-11
2026-09-11 10:32:59,089 INFO o.a.j.t.JMeterThread: Thread finished: 多用户下单 2-11
2026-09-11 10:32:59,089 INFO o.a.j.t.JMeterThread: Thread started: 多用户下单 2-287
2026-09-11 10:32:59,089 INFO o.a.j.t.JMeterThread: Thread started: 多用户下单 2-288
2026-09-11 10:32:59,076 INFO o.a.j.t.JMeterThread: Thread finished: 多用户下单 2-53
2026-09-11 10:32:59,090 INFO o.a.j.t.JMeterThread: Thread is done: 多用户下单 2-10
2026-09-11 10:32:59,090 INFO o.a.j.t.JMeterThread: Thread started: 多用户下单 2-289
2026-09-11 10:32:59,090 INFO o.a.j.t.JMeterThread: Thread finished: 多用户下单 2-10
2026-09-11 10:32:59,090 INFO o.a.j.t.JMeterThread: Thread is done: 多用户下单 2-74
2026-09-11 10:32:59,090 INFO o.a.j.t.JMeterThread: Thread finished: 多用户下单 2-74
2026-09-11 10:32:59,090 INFO o.a.j.t.JMeterThread: Thread started: 多用户下单 2-290
2026-09-11 10:32:59,090 INFO o.a.j.t.JMeterThread: Thread started: 多用户下单 2-291
2026-09-11 10:32:59,091 INFO o.a.j.t.JMeterThread: Thread is done: 多用户下单 2-76
2026-09-11 10:32:59,091 INFO o.a.j.t.JMeterThread: Thread is done: 多用户下单 2-79
2026-09-11 10:32:59,091 INFO o.a.j.t.JMeterThread: Thread finished: 多用户下单 2-76
2026-09-11 10:32:59,091 INFO o.a.j.t.JMeterThread: Thread finished: 多用户下单 2-79
2026-09-11 10:32:59,091 INFO o.a.j.t.JMeterThread: Thread started: 多用户下单 2-292
2026-09-11 10:32:59,092 INFO o.a.j.t.JMeterThread: Thread started: 多用户下单 2-293
2026-09-11 10:32:59,092 INFO o.a.j.t.JMeterThread: Thread started: 多用户下单 2-294
2026-09-11 10:32:59,092 INFO o.a.j.t.JMeterThread: Thread is done: 多用户下单 2-75
2026-09-11 10:32:59,092 INFO o.a.j.t.JMeterThread: Thread finished: 多用户下单 2-75
2026-09-11 10:32:59,092 INFO o.a.j.t.JMeterThread: Thread is done: 多用户下单 2-77
2026-09-11 10:32:59,092 INFO o.a.j.t.JMeterThread: Thread finished: 多用户下单 2-77
2026-09-11 10:32:59,093 INFO o.a.j.t.JMeterThread: Thread started: 多用户下单 2-295
2026-09-11 10:32:59,093 INFO o.a.j.t.JMeterThread: Thread started: 多用户下单 2-296
2026-09-11 10:32:59,094 INFO o.a.j.t.JMeterThread: Thread started: 多用户下单 2-297
2026-09-11 10:32:59,094 INFO o.a.j.t.JMeterThread: Thread started: 多用户下单 2-298
2026-09-11 10:32:59,094 INFO o.a.j.t.JMeterThread: Thread started: 多用户下单 2-299
2026-09-11 10:32:59,094 INFO o.a.j.t.JMeterThread: Thread is done: 多用户下单 2-22
2026-09-11 10:32:59,094 INFO o.a.j.t.JMeterThread: Thread finished: 多用户下单 2-22
2026-09-11 10:32:59,094 INFO o.a.j.t.JMeterThread: Thread started: 多用户下单 2-300
2026-09-11 10:32:59,095 INFO o.a.j.t.JMeterThread: Thread started: 多用户下单 2-301
2026-09-11 10:32:59,095 INFO o.a.j.t.JMeterThread: Thread started: 多用户下单 2-302
2026-09-11 10:32:59,095 INFO o.a.j.t.JMeterThread: Thread started: 多用户下单 2-303
2026-09-11 10:32:59,096 INFO o.a.j.t.JMeterThread: Thread is done: 多用户下单 2-25
2026-09-11 10:32:59,096 INFO o.a.j.t.JMeterThread: Thread finished: 多用户下单 2-25
2026-09-11 10:32:59,096 INFO o.a.j.t.JMeterThread: Thread started: 多用户下单 2-304
2026-09-11 10:32:59,096 INFO o.a.j.t.JMeterThread: Thread started: 多用户下单 2-305
2026-09-11 10:32:59,096 INFO o.a.j.t.JMeterThread: Thread started: 多用户下单 2-307
2026-09-11 10:32:59,096 INFO o.a.j.t.JMeterThread: Thread started: 多用户下单 2-306
2026-09-11 10:32:59,096 INFO o.a.j.t.JMeterThread: Thread is done: 多用户下单 2-78
2026-09-11 10:32:59,096 INFO o.a.j.t.JMeterThread: Thread started: 多用户下单 2-308
2026-09-11 10:32:59,097 INFO o.a.j.t.JMeterThread: Thread finished: 多用户下单 2-78
2026-09-11 10:32:59,097 INFO o.a.j.t.JMeterThread: Thread started: 多用户下单 2-309
2026-09-11 10:32:59,098 INFO o.a.j.t.JMeterThread: Thread is done: 多用户下单 2-305
2026-09-11 10:32:59,098 INFO o.a.j.t.JMeterThread: Thread is done: 多用户下单 2-307
2026-09-11 10:32:59,098 INFO o.a.j.t.JMeterThread: Thread finished: 多用户下单 2-305
2026-09-11 10:32:59,098 INFO o.a.j.t.JMeterThread: Thread finished: 多用户下单 2-307
2026-09-11 10:32:59,098 INFO o.a.j.t.JMeterThread: Thread started: 多用户下单 2-310
2026-09-11 10:32:59,098 INFO o.a.j.t.JMeterThread: Thread started: 多用户下单 2-311
2026-09-11 10:32:59,098 INFO o.a.j.t.JMeterThread: Thread is done: 多用户下单 2-306
2026-09-11 10:32:59,098 INFO o.a.j.t.JMeterThread: Thread finished: 多用户下单 2-306
2026-09-11 10:32:59,098 INFO o.a.j.t.JMeterThread: Thread is done: 多用户下单 2-308
2026-09-11 10:32:59,098 INFO o.a.j.t.JMeterThread: Thread started: 多用户下单 2-312
2026-09-11 10:32:59,098 INFO o.a.j.t.JMeterThread: Thread is done: 多用户下单 2-304
2026-09-11 10:32:59,098 INFO o.a.j.t.JMeterThread: Thread finished: 多用户下单 2-308
2026-09-11 10:32:59,098 INFO o.a.j.t.JMeterThread: Thread finished: 多用户下单 2-304
2026-09-11 10:32:59,098 INFO o.a.j.t.JMeterThread: Thread started: 多用户下单 2-313
2026-09-11 10:32:59,098 INFO o.a.j.t.JMeterThread: Thread started: 多用户下单 2-314
2026-09-11 10:32:59,098 INFO o.a.j.t.JMeterThread: Thread started: 多用户下单 2-318
2026-09-11 10:32:59,099 INFO o.a.j.t.JMeterThread: Thread is done: 多用户下单 2-84
2026-09-11 10:32:59,099 INFO o.a.j.t.JMeterThread: Thread finished: 多用户下单 2-84
2026-09-11 10:32:59,099 INFO o.a.j.t.JMeterThread: Thread is done: 多用户下单 2-309
2026-09-11 10:32:59,099 INFO o.a.j.t.JMeterThread: Thread started: 多用户下单 2-316
2026-09-11 10:32:59,099 INFO o.a.j.t.JMeterThread: Thread finished: 多用户下单 2-309
2026-09-11 10:32:59,099 INFO o.a.j.t.JMeterThread: Thread is done: 多用户下单 2-310
2026-09-11 10:32:59,099 INFO o.a.j.t.JMeterThread: Thread is done: 多用户下单 2-311
2026-09-11 10:32:59,099 INFO o.a.j.t.JMeterThread: Thread finished: 多用户下单 2-310
2026-09-11 10:32:59,099 INFO o.a.j.t.JMeterThread: Thread started: 多用户下单 2-317
2026-09-11 10:32:59,099 INFO o.a.j.t.JMeterThread: Thread finished: 多用户下单 2-311
2026-09-11 10:32:59,100 INFO o.a.j.t.JMeterThread: Thread started: 多用户下单 2-322
2026-09-11 10:32:59,100 INFO o.a.j.t.JMeterThread: Thread started: 多用户下单 2-319
2026-09-11 10:32:59,100 INFO o.a.j.t.JMeterThread: Thread is done: 多用户下单 2-87
2026-09-11 10:32:59,100 INFO o.a.j.t.JMeterThread: Thread started: 多用户下单 2-320
2026-09-11 10:32:59,100 INFO o.a.j.t.JMeterThread: Thread finished: 多用户下单 2-87
2026-09-11 10:32:59,100 INFO o.a.j.t.JMeterThread: Thread started: 多用户下单 2-321
2026-09-11 10:32:59,100 INFO o.a.j.t.JMeterThread: Thread is done: 多用户下单 2-312
2026-09-11 10:32:59,100 INFO o.a.j.t.JMeterThread: Thread finished: 多用户下单 2-312
2026-09-11 10:32:59,100 INFO o.a.j.t.JMeterThread: Thread is done: 多用户下单 2-82
2026-09-11 10:32:59,100 INFO o.a.j.t.JMeterThread: Thread started: 多用户下单 2-315
2026-09-11 10:32:59,100 INFO o.a.j.t.JMeterThread: Thread finished: 多用户下单 2-82
2026-09-11 10:32:59,101 INFO o.a.j.t.JMeterThread: Thread is done: 多用户下单 2-314
2026-09-11 10:32:59,101 INFO o.a.j.t.JMeterThread: Thread finished: 多用户下单 2-314
2026-09-11 10:32:59,101 INFO o.a.j.t.JMeterThread: Thread is done: 多用户下单 2-318
2026-09-11 10:32:59,101 INFO o.a.j.t.JMeterThread: Thread finished: 多用户下单 2-318
2026-09-11 10:32:59,101 INFO o.a.j.t.JMeterThread: Thread started: 多用户下单 2-324
2026-09-11 10:32:59,101 INFO o.a.j.t.JMeterThread: Thread is done: 多用户下单 2-313
2026-09-11 10:32:59,101 INFO o.a.j.t.JMeterThread: Thread finished: 多用户下单 2-313
2026-09-11 10:32:59,101 INFO o.a.j.t.JMeterThread: Thread is done: 多用户下单 2-85
2026-09-11 10:32:59,101 INFO o.a.j.t.JMeterThread: Thread started: 多用户下单 2-323
2026-09-11 10:32:59,102 INFO o.a.j.t.JMeterThread: Thread finished: 多用户下单 2-85
2026-09-11 10:32:59,102 INFO o.a.j.t.JMeterThread: Thread started: 多用户下单 2-325
2026-09-11 10:32:59,102 INFO o.a.j.t.JMeterThread: Thread is done: 多用户下单 2-83
2026-09-11 10:32:59,102 INFO o.a.j.t.JMeterThread: Thread finished: 多用户下单 2-83
2026-09-11 10:32:59,102 INFO o.a.j.t.JMeterThread: Thread started: 多用户下单 2-326
2026-09-11 10:32:59,102 INFO o.a.j.t.JMeterThread: Thread is done: 多用户下单 2-317
2026-09-11 10:32:59,102 INFO o.a.j.t.JMeterThread: Thread finished: 多用户下单 2-317
2026-09-11 10:32:59,102 INFO o.a.j.t.JMeterThread: Thread is done: 多用户下单 2-319
2026-09-11 10:32:59,102 INFO o.a.j.t.JMeterThread: Thread is done: 多用户下单 2-316
2026-09-11 10:32:59,102 INFO o.a.j.t.JMeterThread: Thread finished: 多用户下单 2-319
2026-09-11 10:32:59,102 INFO o.a.j.t.JMeterThread: Thread started: 多用户下单 2-327
2026-09-11 10:32:59,102 INFO o.a.j.t.JMeterThread: Thread finished: 多用户下单 2-316
2026-09-11 10:32:59,102 INFO o.a.j.t.JMeterThread: Thread is done: 多用户下单 2-322
2026-09-11 10:32:59,102 INFO o.a.j.t.JMeterThread: Thread finished: 多用户下单 2-322
2026-09-11 10:32:59,102 INFO o.a.j.t.JMeterThread: Thread started: 多用户下单 2-328
2026-09-11 10:32:59,103 INFO o.a.j.t.JMeterThread: Thread is done: 多用户下单 2-320
2026-09-11 10:32:59,103 INFO o.a.j.t.JMeterThread: Thread finished: 多用户下单 2-320
2026-09-11 10:32:59,103 INFO o.a.j.t.JMeterThread: Thread is done: 多用户下单 2-90
2026-09-11 10:32:59,103 INFO o.a.j.t.JMeterThread: Thread finished: 多用户下单 2-90
2026-09-11 10:32:59,103 INFO o.a.j.t.JMeterThread: Thread is done: 多用户下单 2-315
2026-09-11 10:32:59,103 INFO o.a.j.t.JMeterThread: Thread finished: 多用户下单 2-315
2026-09-11 10:32:59,103 INFO o.a.j.t.JMeterThread: Thread is done: 多用户下单 2-321
2026-09-11 10:32:59,103 INFO o.a.j.t.JMeterThread: Thread is done: 多用户下单 2-89
2026-09-11 10:32:59,103 INFO o.a.j.t.JMeterThread: Thread finished: 多用户下单 2-321
2026-09-11 10:32:59,103 INFO o.a.j.t.JMeterThread: Thread started: 多用户下单 2-329
2026-09-11 10:32:59,103 INFO o.a.j.t.JMeterThread: Thread finished: 多用户下单 2-89
2026-09-11 10:32:59,103 INFO o.a.j.t.JMeterThread: Thread is done: 多用户下单 2-324
2026-09-11 10:32:59,104 INFO o.a.j.t.JMeterThread: Thread finished: 多用户下单 2-324
2026-09-11 10:32:59,103 INFO o.a.j.t.JMeterThread: Thread started: 多用户下单 2-330
2026-09-11 10:32:59,104 INFO o.a.j.t.JMeterThread: Thread is done: 多用户下单 2-323
2026-09-11 10:32:59,104 INFO o.a.j.t.JMeterThread: Thread finished: 多用户下单 2-323
2026-09-11 10:32:59,104 INFO o.a.j.t.JMeterThread: Thread is done: 多用户下单 2-91
2026-09-11 10:32:59,104 INFO o.a.j.t.JMeterThread: Thread finished: 多用户下单 2-91
2026-09-11 10:32:59,104 INFO o.a.j.t.JMeterThread: Thread started: 多用户下单 2-331
2026-09-11 10:32:59,104 INFO o.a.j.t.JMeterThread: Thread is done: 多用户下单 2-325
2026-09-11 10:32:59,104 INFO o.a.j.t.JMeterThread: Thread is done: 多用户下单 2-88
2026-09-11 10:32:59,105 INFO o.a.j.t.JMeterThread: Thread is done: 多用户下单 2-326
2026-09-11 10:32:59,105 INFO o.a.j.t.JMeterThread: Thread finished: 多用户下单 2-325
2026-09-11 10:32:59,105 INFO o.a.j.t.JMeterThread: Thread is done: 多用户下单 2-327
2026-09-11 10:32:59,105 INFO o.a.j.t.JMeterThread: Thread is done: 多用户下单 2-328
2026-09-11 10:32:59,105 INFO o.a.j.t.JMeterThread: Thread finished: 多用户下单 2-326
2026-09-11 10:32:59,105 INFO o.a.j.t.JMeterThread: Thread finished: 多用户下单 2-328
2026-09-11 10:32:59,105 INFO o.a.j.t.JMeterThread: Thread finished: 多用户下单 2-88
2026-09-11 10:32:59,105 INFO o.a.j.t.JMeterThread: Thread started: 多用户下单 2-332
2026-09-11 10:32:59,105 INFO o.a.j.t.JMeterThread: Thread finished: 多用户下单 2-327
2026-09-11 10:32:59,105 INFO o.a.j.t.JMeterThread: Thread is done: 多用户下单 2-329
2026-09-11 10:32:59,106 INFO o.a.j.t.JMeterThread: Thread finished: 多用户下单 2-329
2026-09-11 10:32:59,106 INFO o.a.j.t.JMeterThread: Thread is done: 多用户下单 2-330
2026-09-11 10:32:59,106 INFO o.a.j.t.JMeterThread: Thread started: 多用户下单 2-333
2026-09-11 10:32:59,106 INFO o.a.j.t.JMeterThread: Thread is done: 多用户下单 2-94
2026-09-11 10:32:59,106 INFO o.a.j.t.JMeterThread: Thread finished: 多用户下单 2-330
2026-09-11 10:32:59,106 INFO o.a.j.t.JMeterThread: Thread finished: 多用户下单 2-94
2026-09-11 10:32:59,106 INFO o.a.j.t.JMeterThread: Thread started: 多用户下单 2-334
2026-09-11 10:32:59,106 INFO o.a.j.t.JMeterThread: Thread started: 多用户下单 2-335
2026-09-11 10:32:59,106 INFO o.a.j.t.JMeterThread: Thread is done: 多用户下单 2-331
2026-09-11 10:32:59,107 INFO o.a.j.t.JMeterThread: Thread finished: 多用户下单 2-331
2026-09-11 10:32:59,107 INFO o.a.j.t.JMeterThread: Thread started: 多用户下单 2-336
2026-09-11 10:32:59,107 INFO o.a.j.t.JMeterThread: Thread is done: 多用户下单 2-92
2026-09-11 10:32:59,107 INFO o.a.j.t.JMeterThread: Thread finished: 多用户下单 2-92
2026-09-11 10:32:59,107 INFO o.a.j.t.JMeterThread: Thread started: 多用户下单 2-337
2026-09-11 10:32:59,107 INFO o.a.j.t.JMeterThread: Thread is done: 多用户下单 2-96
2026-09-11 10:32:59,107 INFO o.a.j.t.JMeterThread: Thread finished: 多用户下单 2-96
2026-09-11 10:32:59,108 INFO o.a.j.t.JMeterThread: Thread is done: 多用户下单 2-332
2026-09-11 10:32:59,108 INFO o.a.j.t.JMeterThread: Thread finished: 多用户下单 2-332
2026-09-11 10:32:59,108 INFO o.a.j.t.JMeterThread: Thread started: 多用户下单 2-338
2026-09-11 10:32:59,108 INFO o.a.j.t.JMeterThread: Thread started: 多用户下单 2-339
2026-09-11 10:32:59,108 INFO o.a.j.t.JMeterThread: Thread is done: 多用户下单 2-333
2026-09-11 10:32:59,109 INFO o.a.j.t.JMeterThread: Thread finished: 多用户下单 2-333
2026-09-11 10:32:59,109 INFO o.a.j.t.JMeterThread: Thread is done: 多用户下单 2-95
2026-09-11 10:32:59,109 INFO o.a.j.t.JMeterThread: Thread finished: 多用户下单 2-95
2026-09-11 10:32:59,109 INFO o.a.j.t.JMeterThread: Thread is done: Thread Group 1-91
2026-09-11 10:32:59,109 INFO o.a.j.t.JMeterThread: Thread is done: Thread Group 1-79
2026-09-11 10:32:59,109 INFO o.a.j.t.JMeterThread: Thread started: 多用户下单 2-340
2026-09-11 10:32:59,109 INFO o.a.j.t.JMeterThread: Thread finished: Thread Group 1-91
2026-09-11 10:32:59,109 INFO o.a.j.t.JMeterThread: Thread finished: Thread Group 1-79
2026-09-11 10:32:59,109 INFO o.a.j.t.JMeterThread: Thread is done: 多用户下单 2-93
2026-09-11 10:32:59,109 INFO o.a.j.t.JMeterThread: Thread finished: 多用户下单 2-93
2026-09-11 10:32:59,109 INFO o.a.j.t.JMeterThread: Thread is done: 多用户下单 2-334
2026-09-11 10:32:59,109 INFO o.a.j.t.JMeterThread: Thread finished: 多用户下单 2-334
2026-09-11 10:32:59,109 INFO o.a.j.t.JMeterThread: Thread started: 多用户下单 2-341
2026-09-11 10:32:59,110 INFO o.a.j.t.JMeterThread: Thread is done: 多用户下单 2-335
2026-09-11 10:32:59,110 INFO o.a.j.t.JMeterThread: Thread finished: 多用户下单 2-335
2026-09-11 10:32:59,110 INFO o.a.j.t.JMeterThread: Thread is done: 多用户下单 2-336
2026-09-11 10:32:59,110 INFO o.a.j.t.JMeterThread: Thread is done: 多用户下单 2-97
2026-09-11 10:32:59,110 INFO o.a.j.t.JMeterThread: Thread finished: 多用户下单 2-336
2026-09-11 10:32:59,110 INFO o.a.j.t.JMeterThread: Thread started: 多用户下单 2-342
2026-09-11 10:32:59,110 INFO o.a.j.t.JMeterThread: Thread finished: 多用户下单 2-97
2026-09-11 10:32:59,110 INFO o.a.j.t.JMeterThread: Thread is done: 多用户下单 2-337
2026-09-11 10:32:59,110 INFO o.a.j.t.JMeterThread: Thread finished: 多用户下单 2-337
2026-09-11 10:32:59,110 INFO o.a.j.t.JMeterThread: Thread is done: 多用户下单 2-98
2026-09-11 10:32:59,110 INFO o.a.j.t.JMeterThread: Thread finished: 多用户下单 2-98
2026-09-11 10:32:59,110 INFO o.a.j.t.JMeterThread: Thread started: 多用户下单 2-343
2026-09-11 10:32:59,110 INFO o.a.j.t.JMeterThread: Thread is done: 多用户下单 2-338
2026-09-11 10:32:59,110 INFO o.a.j.t.JMeterThread: Thread finished: 多用户下单 2-338
2026-09-11 10:32:59,111 INFO o.a.j.t.JMeterThread: Thread is done: 多用户下单 2-339
2026-09-11 10:32:59,111 INFO o.a.j.t.JMeterThread: Thread finished: 多用户下单 2-339
2026-09-11 10:32:59,111 INFO o.a.j.t.JMeterThread: Thread started: 多用户下单 2-344
2026-09-11 10:32:59,111 INFO o.a.j.t.JMeterThread: Thread is done: 多用户下单 2-340
2026-09-11 10:32:59,111 INFO o.a.j.t.JMeterThread: Thread is done: 多用户下单 2-99
2026-09-11 10:32:59,111 INFO o.a.j.t.JMeterThread: Thread finished: 多用户下单 2-340
2026-09-11 10:32:59,111 INFO o.a.j.t.JMeterThread: Thread finished: 多用户下单 2-99
2026-09-11 10:32:59,112 INFO o.a.j.t.JMeterThread: Thread is done: 多用户下单 2-101
2026-09-11 10:32:59,112 INFO o.a.j.t.JMeterThread: Thread finished: 多用户下单 2-101
2026-09-11 10:32:59,112 INFO o.a.j.t.JMeterThread: Thread started: 多用户下单 2-345
2026-09-11 10:32:59,112 INFO o.a.j.t.JMeterThread: Thread started: 多用户下单 2-346
2026-09-11 10:32:59,112 INFO o.a.j.t.JMeterThread: Thread is done: 多用户下单 2-341
2026-09-11 10:32:59,112 INFO o.a.j.t.JMeterThread: Thread finished: 多用户下单 2-341
2026-09-11 10:32:59,112 INFO o.a.j.t.JMeterThread: Thread is done: 多用户下单 2-342
2026-09-11 10:32:59,112 INFO o.a.j.t.JMeterThread: Thread finished: 多用户下单 2-342
2026-09-11 10:32:59,112 INFO o.a.j.t.JMeterThread: Thread is done: 多用户下单 2-100
2026-09-11 10:32:59,112 INFO o.a.j.t.JMeterThread: Thread finished: 多用户下单 2-100
2026-09-11 10:32:59,112 INFO o.a.j.t.JMeterThread: Thread is done: 多用户下单 2-343
2026-09-11 10:32:59,112 INFO o.a.j.t.JMeterThread: Thread is done: 多用户下单 2-102
2026-09-11 10:32:59,112 INFO o.a.j.t.JMeterThread: Thread started: 多用户下单 2-347
2026-09-11 10:32:59,112 INFO o.a.j.t.JMeterThread: Thread finished: 多用户下单 2-102
2026-09-11 10:32:59,112 INFO o.a.j.t.JMeterThread: Thread finished: 多用户下单 2-343
2026-09-11 10:32:59,113 INFO o.a.j.t.JMeterThread: Thread is done: 多用户下单 2-344
2026-09-11 10:32:59,112 INFO o.a.j.t.JMeterThread: Thread started: 多用户下单 2-348
2026-09-11 10:32:59,113 INFO o.a.j.t.JMeterThread: Thread finished: 多用户下单 2-344
2026-09-11 10:32:59,113 INFO o.a.j.t.JMeterThread: Thread is done: 多用户下单 2-104
2026-09-11 10:32:59,113 INFO o.a.j.t.JMeterThread: Thread finished: 多用户下单 2-104
2026-09-11 10:32:59,113 INFO o.a.j.t.JMeterThread: Thread started: 多用户下单 2-349
2026-09-11 10:32:59,114 INFO o.a.j.t.JMeterThread: Thread is done: 多用户下单 2-345
2026-09-11 10:32:59,114 INFO o.a.j.t.JMeterThread: Thread finished: 多用户下单 2-345
2026-09-11 10:32:59,114 INFO o.a.j.t.JMeterThread: Thread is done: 多用户下单 2-346
2026-09-11 10:32:59,114 INFO o.a.j.t.JMeterThread: Thread finished: 多用户下单 2-346
2026-09-11 10:32:59,114 INFO o.a.j.t.JMeterThread: Thread started: 多用户下单 2-350
2026-09-11 10:32:59,114 INFO o.a.j.t.JMeterThread: Thread is done: 多用户下单 2-347
2026-09-11 10:32:59,114 INFO o.a.j.t.JMeterThread: Thread started: 多用户下单 2-351
2026-09-11 10:32:59,114 INFO o.a.j.t.JMeterThread: Thread finished: 多用户下单 2-347
2026-09-11 10:32:59,114 INFO o.a.j.t.JMeterThread: Thread is done: 多用户下单 2-106
2026-09-11 10:32:59,114 INFO o.a.j.t.JMeterThread: Thread is done: 多用户下单 2-103
2026-09-11 10:32:59,114 INFO o.a.j.t.JMeterThread: Thread finished: 多用户下单 2-106
2026-09-11 10:32:59,114 INFO o.a.j.t.JMeterThread: Thread finished: 多用户下单 2-103
2026-09-11 10:32:59,115 INFO o.a.j.t.JMeterThread: Thread is done: 多用户下单 2-348
2026-09-11 10:32:59,115 INFO o.a.j.t.JMeterThread: Thread finished: 多用户下单 2-348
2026-09-11 10:32:59,114 INFO o.a.j.t.JMeterThread: Thread started: 多用户下单 2-352
2026-09-11 10:32:59,115 INFO o.a.j.t.JMeterThread: Thread is done: 多用户下单 2-108
2026-09-11 10:32:59,115 INFO o.a.j.t.JMeterThread: Thread finished: 多用户下单 2-108
2026-09-11 10:32:59,115 INFO o.a.j.t.JMeterThread: Thread is done: 多用户下单 2-105
2026-09-11 10:32:59,115 INFO o.a.j.t.JMeterThread: Thread finished: 多用户下单 2-105
2026-09-11 10:32:59,115 INFO o.a.j.t.JMeterThread: Thread started: 多用户下单 2-353
2026-09-11 10:32:59,115 INFO o.a.j.t.JMeterThread: Thread is done: 多用户下单 2-349
2026-09-11 10:32:59,115 INFO o.a.j.t.JMeterThread: Thread finished: 多用户下单 2-349
2026-09-11 10:32:59,116 INFO o.a.j.t.JMeterThread: Thread started: 多用户下单 2-354
2026-09-11 10:32:59,116 INFO o.a.j.t.JMeterThread: Thread is done: 多用户下单 2-350
2026-09-11 10:32:59,116 INFO o.a.j.t.JMeterThread: Thread finished: 多用户下单 2-350
2026-09-11 10:32:59,116 INFO o.a.j.t.JMeterThread: Thread is done: 多用户下单 2-351
2026-09-11 10:32:59,117 INFO o.a.j.t.JMeterThread: Thread finished: 多用户下单 2-351
2026-09-11 10:32:59,116 INFO o.a.j.t.JMeterThread: Thread started: 多用户下单 2-355
2026-09-11 10:32:59,117 INFO o.a.j.t.JMeterThread: Thread is done: 多用户下单 2-109
2026-09-11 10:32:59,117 INFO o.a.j.t.JMeterThread: Thread started: 多用户下单 2-356
2026-09-11 10:32:59,117 INFO o.a.j.t.JMeterThread: Thread finished: 多用户下单 2-109
2026-09-11 10:32:59,117 INFO o.a.j.t.JMeterThread: Thread is done: 多用户下单 2-352
2026-09-11 10:32:59,117 INFO o.a.j.t.JMeterThread: Thread finished: 多用户下单 2-352
2026-09-11 10:32:59,117 INFO o.a.j.t.JMeterThread: Thread started: 多用户下单 2-357
2026-09-11 10:32:59,117 INFO o.a.j.t.JMeterThread: Thread started: 多用户下单 2-358
2026-09-11 10:32:59,117 INFO o.a.j.t.JMeterThread: Thread is done: 多用户下单 2-107
2026-09-11 10:32:59,117 INFO o.a.j.t.JMeterThread: Thread finished: 多用户下单 2-107
2026-09-11 10:32:59,117 INFO o.a.j.t.JMeterThread: Thread started: 多用户下单 2-359
2026-09-11 10:32:59,117 INFO o.a.j.t.JMeterThread: Thread is done: 多用户下单 2-353
2026-09-11 10:32:59,118 INFO o.a.j.t.JMeterThread: Thread is done: 多用户下单 2-355
2026-09-11 10:32:59,118 INFO o.a.j.t.JMeterThread: Thread finished: 多用户下单 2-353
2026-09-11 10:32:59,118 INFO o.a.j.t.JMeterThread: Thread finished: 多用户下单 2-355
2026-09-11 10:32:59,118 INFO o.a.j.t.JMeterThread: Thread started: 多用户下单 2-360
2026-09-11 10:32:59,118 INFO o.a.j.t.JMeterThread: Thread is done: 多用户下单 2-354
2026-09-11 10:32:59,118 INFO o.a.j.t.JMeterThread: Thread finished: 多用户下单 2-354
2026-09-11 10:32:59,118 INFO o.a.j.t.JMeterThread: Thread started: 多用户下单 2-361
2026-09-11 10:32:59,118 INFO o.a.j.t.JMeterThread: Thread is done: 多用户下单 2-356
2026-09-11 10:32:59,118 INFO o.a.j.t.JMeterThread: Thread finished: 多用户下单 2-356
2026-09-11 10:32:59,118 INFO o.a.j.t.JMeterThread: Thread started: 多用户下单 2-362
2026-09-11 10:32:59,119 INFO o.a.j.t.JMeterThread: Thread is done: 多用户下单 2-112
2026-09-11 10:32:59,119 INFO o.a.j.t.JMeterThread: Thread finished: 多用户下单 2-112
2026-09-11 10:32:59,119 INFO o.a.j.t.JMeterThread: Thread started: 多用户下单 2-363
2026-09-11 10:32:59,119 INFO o.a.j.t.JMeterThread: Thread is done: 多用户下单 2-357
2026-09-11 10:32:59,119 INFO o.a.j.t.JMeterThread: Thread finished: 多用户下单 2-357
2026-09-11 10:32:59,119 INFO o.a.j.t.JMeterThread: Thread is done: 多用户下单 2-110
2026-09-11 10:32:59,119 INFO o.a.j.t.JMeterThread: Thread finished: 多用户下单 2-110
2026-09-11 10:32:59,120 INFO o.a.j.t.JMeterThread: Thread started: 多用户下单 2-364
2026-09-11 10:32:59,120 INFO o.a.j.t.JMeterThread: Thread is done: 多用户下单 2-358
2026-09-11 10:32:59,120 INFO o.a.j.t.JMeterThread: Thread finished: 多用户下单 2-358
2026-09-11 10:32:59,120 INFO o.a.j.t.JMeterThread: Thread started: 多用户下单 2-365
2026-09-11 10:32:59,120 INFO o.a.j.t.JMeterThread: Thread is done: 多用户下单 2-111
2026-09-11 10:32:59,120 INFO o.a.j.t.JMeterThread: Thread is done: 多用户下单 2-113
2026-09-11 10:32:59,120 INFO o.a.j.t.JMeterThread: Thread finished: 多用户下单 2-111
2026-09-11 10:32:59,120 INFO o.a.j.t.JMeterThread: Thread finished: 多用户下单 2-113
2026-09-11 10:32:59,120 INFO o.a.j.t.JMeterThread: Thread is done: 多用户下单 2-360
2026-09-11 10:32:59,120 INFO o.a.j.t.JMeterThread: Thread finished: 多用户下单 2-360
2026-09-11 10:32:59,120 INFO o.a.j.t.JMeterThread: Thread started: 多用户下单 2-366
2026-09-11 10:32:59,120 INFO o.a.j.t.JMeterThread: Thread is done: 多用户下单 2-359
2026-09-11 10:32:59,120 INFO o.a.j.t.JMeterThread: Thread is done: 多用户下单 2-361
2026-09-11 10:32:59,120 INFO o.a.j.t.JMeterThread: Thread finished: 多用户下单 2-359
2026-09-11 10:32:59,120 INFO o.a.j.t.JMeterThread: Thread finished: 多用户下单 2-361
2026-09-11 10:32:59,121 INFO o.a.j.t.JMeterThread: Thread started: 多用户下单 2-367
2026-09-11 10:32:59,121 INFO o.a.j.t.JMeterThread: Thread is done: 多用户下单 2-362
2026-09-11 10:32:59,121 INFO o.a.j.t.JMeterThread: Thread finished: 多用户下单 2-362
2026-09-11 10:32:59,121 INFO o.a.j.t.JMeterThread: Thread is done: 多用户下单 2-363
2026-09-11 10:32:59,121 INFO o.a.j.t.JMeterThread: Thread finished: 多用户下单 2-363
2026-09-11 10:32:59,121 INFO o.a.j.t.JMeterThread: Thread started: 多用户下单 2-368
2026-09-11 10:32:59,121 INFO o.a.j.t.JMeterThread: Thread is done: 多用户下单 2-365
2026-09-11 10:32:59,121 INFO o.a.j.t.JMeterThread: Thread finished: 多用户下单 2-365
2026-09-11 10:32:59,121 INFO o.a.j.t.JMeterThread: Thread started: 多用户下单 2-369
2026-09-11 10:32:59,121 INFO o.a.j.t.JMeterThread: Thread is done: 多用户下单 2-116
2026-09-11 10:32:59,122 INFO o.a.j.t.JMeterThread: Thread is done: 多用户下单 2-364
2026-09-11 10:32:59,122 INFO o.a.j.t.JMeterThread: Thread started: 多用户下单 2-370
2026-09-11 10:32:59,122 INFO o.a.j.t.JMeterThread: Thread finished: 多用户下单 2-116
2026-09-11 10:32:59,122 INFO o.a.j.t.JMeterThread: Thread finished: 多用户下单 2-364
2026-09-11 10:32:59,122 INFO o.a.j.t.JMeterThread: Thread started: 多用户下单 2-371
2026-09-11 10:32:59,122 INFO o.a.j.t.JMeterThread: Thread is done: 多用户下单 2-366
2026-09-11 10:32:59,122 INFO o.a.j.t.JMeterThread: Thread finished: 多用户下单 2-366
2026-09-11 10:32:59,123 INFO o.a.j.t.JMeterThread: Thread is done: 多用户下单 2-118
2026-09-11 10:32:59,123 INFO o.a.j.t.JMeterThread: Thread finished: 多用户下单 2-118
2026-09-11 10:32:59,123 INFO o.a.j.t.JMeterThread: Thread started: 多用户下单 2-372
2026-09-11 10:32:59,123 INFO o.a.j.t.JMeterThread: Thread is done: 多用户下单 2-367
2026-09-11 10:32:59,123 INFO o.a.j.t.JMeterThread: Thread started: 多用户下单 2-373
2026-09-11 10:32:59,123 INFO o.a.j.t.JMeterThread: Thread is done: 多用户下单 2-114
2026-09-11 10:32:59,123 INFO o.a.j.t.JMeterThread: Thread finished: 多用户下单 2-367
2026-09-11 10:32:59,123 INFO o.a.j.t.JMeterThread: Thread is done: 多用户下单 2-368
2026-09-11 10:32:59,123 INFO o.a.j.t.JMeterThread: Thread finished: 多用户下单 2-114
2026-09-11 10:32:59,123 INFO o.a.j.t.JMeterThread: Thread finished: 多用户下单 2-368
2026-09-11 10:32:59,123 INFO o.a.j.t.JMeterThread: Thread is done: 多用户下单 2-369
2026-09-11 10:32:59,123 INFO o.a.j.t.JMeterThread: Thread finished: 多用户下单 2-369
2026-09-11 10:32:59,123 INFO o.a.j.t.JMeterThread: Thread started: 多用户下单 2-374
2026-09-11 10:32:59,123 INFO o.a.j.t.JMeterThread: Thread is done: 多用户下单 2-370
2026-09-11 10:32:59,123 INFO o.a.j.t.JMeterThread: Thread finished: 多用户下单 2-370
2026-09-11 10:32:59,123 INFO o.a.j.t.JMeterThread: Thread started: 多用户下单 2-375
2026-09-11 10:32:59,124 INFO o.a.j.t.JMeterThread: Thread is done: 多用户下单 2-371
2026-09-11 10:32:59,124 INFO o.a.j.t.JMeterThread: Thread finished: 多用户下单 2-371
2026-09-11 10:32:59,124 INFO o.a.j.t.JMeterThread: Thread is done: 多用户下单 2-115
2026-09-11 10:32:59,124 INFO o.a.j.t.JMeterThread: Thread finished: 多用户下单 2-115
2026-09-11 10:32:59,125 INFO o.a.j.t.JMeterThread: Thread started: 多用户下单 2-376
2026-09-11 10:32:59,125 INFO o.a.j.t.JMeterThread: Thread is done: 多用户下单 2-119
2026-09-11 10:32:59,125 INFO o.a.j.t.JMeterThread: Thread finished: 多用户下单 2-119
2026-09-11 10:32:59,125 INFO o.a.j.t.JMeterThread: Thread started: 多用户下单 2-377
2026-09-11 10:32:59,125 INFO o.a.j.t.JMeterThread: Thread is done: 多用户下单 2-121
2026-09-11 10:32:59,125 INFO o.a.j.t.JMeterThread: Thread is done: 多用户下单 2-373
2026-09-11 10:32:59,125 INFO o.a.j.t.JMeterThread: Thread is done: 多用户下单 2-372
2026-09-11 10:32:59,125 INFO o.a.j.t.JMeterThread: Thread finished: 多用户下单 2-121
2026-09-11 10:32:59,125 INFO o.a.j.t.JMeterThread: Thread finished: 多用户下单 2-373
2026-09-11 10:32:59,125 INFO o.a.j.t.JMeterThread: Thread finished: 多用户下单 2-372
2026-09-11 10:32:59,125 INFO o.a.j.t.JMeterThread: Thread is done: 多用户下单 2-120
2026-09-11 10:32:59,125 INFO o.a.j.t.JMeterThread: Thread finished: 多用户下单 2-120
2026-09-11 10:32:59,125 INFO o.a.j.t.JMeterThread: Thread is done: 多用户下单 2-123
2026-09-11 10:32:59,126 INFO o.a.j.t.JMeterThread: Thread finished: 多用户下单 2-123
2026-09-11 10:32:59,125 INFO o.a.j.t.JMeterThread: Thread started: 多用户下单 2-378
2026-09-11 10:32:59,126 INFO o.a.j.t.JMeterThread: Thread started: 多用户下单 2-379
2026-09-11 10:32:59,126 INFO o.a.j.t.JMeterThread: Thread started: 多用户下单 2-380
2026-09-11 10:32:59,126 INFO o.a.j.t.JMeterThread: Thread is done: 多用户下单 2-117
2026-09-11 10:32:59,126 INFO o.a.j.t.JMeterThread: Thread finished: 多用户下单 2-117
2026-09-11 10:32:59,126 INFO o.a.j.t.JMeterThread: Thread started: 多用户下单 2-381
2026-09-11 10:32:59,127 INFO o.a.j.t.JMeterThread: Thread started: 多用户下单 2-382
2026-09-11 10:32:59,127 INFO o.a.j.t.JMeterThread: Thread started: 多用户下单 2-383
2026-09-11 10:32:59,127 INFO o.a.j.t.JMeterThread: Thread is done: 多用户下单 2-126
2026-09-11 10:32:59,128 INFO o.a.j.t.JMeterThread: Thread finished: 多用户下单 2-126
2026-09-11 10:32:59,128 INFO o.a.j.t.JMeterThread: Thread is done: 多用户下单 2-125
2026-09-11 10:32:59,128 INFO o.a.j.t.JMeterThread: Thread finished: 多用户下单 2-125
2026-09-11 10:32:59,128 INFO o.a.j.t.JMeterThread: Thread started: 多用户下单 2-384
2026-09-11 10:32:59,128 INFO o.a.j.t.JMeterThread: Thread started: 多用户下单 2-385
2026-09-11 10:32:59,128 INFO o.a.j.t.JMeterThread: Thread started: 多用户下单 2-386
2026-09-11 10:32:59,128 INFO o.a.j.t.JMeterThread: Thread started: 多用户下单 2-387
2026-09-11 10:32:59,129 INFO o.a.j.t.JMeterThread: Thread started: 多用户下单 2-388
2026-09-11 10:32:59,129 INFO o.a.j.t.JMeterThread: Thread started: 多用户下单 2-389
2026-09-11 10:32:59,129 INFO o.a.j.t.JMeterThread: Thread is done: 多用户下单 2-124
2026-09-11 10:32:59,129 INFO o.a.j.t.JMeterThread: Thread finished: 多用户下单 2-124
2026-09-11 10:32:59,129 INFO o.a.j.t.JMeterThread: Thread started: 多用户下单 2-390
2026-09-11 10:32:59,129 INFO o.a.j.t.JMeterThread: Thread started: 多用户下单 2-391
2026-09-11 10:32:59,130 INFO o.a.j.t.JMeterThread: Thread is done: 多用户下单 2-127
2026-09-11 10:32:59,130 INFO o.a.j.t.JMeterThread: Thread finished: 多用户下单 2-127
2026-09-11 10:32:59,130 INFO o.a.j.t.JMeterThread: Thread started: 多用户下单 2-392
2026-09-11 10:32:59,130 INFO o.a.j.t.JMeterThread: Thread started: 多用户下单 2-393
2026-09-11 10:32:59,130 INFO o.a.j.t.JMeterThread: Thread started: 多用户下单 2-394
2026-09-11 10:32:59,130 INFO o.a.j.t.JMeterThread: Thread started: 多用户下单 2-395
2026-09-11 10:32:59,131 INFO o.a.j.t.JMeterThread: Thread started: 多用户下单 2-396
2026-09-11 10:32:59,131 INFO o.a.j.t.JMeterThread: Thread started: 多用户下单 2-397
2026-09-11 10:32:59,131 INFO o.a.j.t.JMeterThread: Thread is done: 多用户下单 2-128
2026-09-11 10:32:59,131 INFO o.a.j.t.JMeterThread: Thread is done: 多用户下单 2-122
2026-09-11 10:32:59,131 INFO o.a.j.t.JMeterThread: Thread is done: 多用户下单 2-129
2026-09-11 10:32:59,132 INFO o.a.j.t.JMeterThread: Thread finished: 多用户下单 2-122
2026-09-11 10:32:59,131 INFO o.a.j.t.JMeterThread: Thread finished: 多用户下单 2-128
2026-09-11 10:32:59,132 INFO o.a.j.t.JMeterThread: Thread finished: 多用户下单 2-129
2026-09-11 10:32:59,132 INFO o.a.j.t.JMeterThread: Thread started: 多用户下单 2-398
2026-09-11 10:32:59,132 INFO o.a.j.t.JMeterThread: Thread started: 多用户下单 2-399
2026-09-11 10:32:59,132 INFO o.a.j.t.JMeterThread: Thread started: 多用户下单 2-400
2026-09-11 10:32:59,133 INFO o.a.j.t.JMeterThread: Thread started: 多用户下单 2-401
2026-09-11 10:32:59,133 INFO o.a.j.t.JMeterThread: Thread started: 多用户下单 2-402
2026-09-11 10:32:59,133 INFO o.a.j.t.JMeterThread: Thread is done: 多用户下单 2-132
2026-09-11 10:32:59,133 INFO o.a.j.t.JMeterThread: Thread started: 多用户下单 2-403
2026-09-11 10:32:59,133 INFO o.a.j.t.JMeterThread: Thread finished: 多用户下单 2-132
2026-09-11 10:32:59,133 INFO o.a.j.t.JMeterThread: Thread started: 多用户下单 2-404
2026-09-11 10:32:59,133 INFO o.a.j.t.JMeterThread: Thread is done: 多用户下单 2-131
2026-09-11 10:32:59,133 INFO o.a.j.t.JMeterThread: Thread finished: 多用户下单 2-131
2026-09-11 10:32:59,134 INFO o.a.j.t.JMeterThread: Thread started: 多用户下单 2-405
2026-09-11 10:32:59,134 INFO o.a.j.t.JMeterThread: Thread started: 多用户下单 2-406
2026-09-11 10:32:59,135 INFO o.a.j.t.JMeterThread: Thread started: 多用户下单 2-407
2026-09-11 10:32:59,135 INFO o.a.j.t.JMeterThread: Thread is done: 多用户下单 2-136
2026-09-11 10:32:59,135 INFO o.a.j.t.JMeterThread: Thread finished: 多用户下单 2-136
2026-09-11 10:32:59,135 INFO o.a.j.t.JMeterThread: Thread is done: 多用户下单 2-134
2026-09-11 10:32:59,135 INFO o.a.j.t.JMeterThread: Thread finished: 多用户下单 2-134
2026-09-11 10:32:59,135 INFO o.a.j.t.JMeterThread: Thread started: 多用户下单 2-408
2026-09-11 10:32:59,136 INFO o.a.j.t.JMeterThread: Thread is done: 多用户下单 2-133
2026-09-11 10:32:59,136 INFO o.a.j.t.JMeterThread: Thread started: 多用户下单 2-409
2026-09-11 10:32:59,136 INFO o.a.j.t.JMeterThread: Thread finished: 多用户下单 2-133
2026-09-11 10:32:59,136 INFO o.a.j.t.JMeterThread: Thread started: 多用户下单 2-410
2026-09-11 10:32:59,136 INFO o.a.j.t.JMeterThread: Thread is done: 多用户下单 2-130
2026-09-11 10:32:59,136 INFO o.a.j.t.JMeterThread: Thread finished: 多用户下单 2-130
2026-09-11 10:32:59,136 INFO o.a.j.t.JMeterThread: Thread started: 多用户下单 2-411
2026-09-11 10:32:59,136 INFO o.a.j.t.JMeterThread: Thread is done: 多用户下单 2-135
2026-09-11 10:32:59,136 INFO o.a.j.t.JMeterThread: Thread finished: 多用户下单 2-135
2026-09-11 10:32:59,137 INFO o.a.j.t.JMeterThread: Thread started: 多用户下单 2-412
2026-09-11 10:32:59,137 INFO o.a.j.t.JMeterThread: Thread is done: 多用户下单 2-140
2026-09-11 10:32:59,137 INFO o.a.j.t.JMeterThread: Thread finished: 多用户下单 2-140
2026-09-11 10:32:59,138 INFO o.a.j.t.JMeterThread: Thread started: 多用户下单 2-413
2026-09-11 10:32:59,138 INFO o.a.j.t.JMeterThread: Thread started: 多用户下单 2-414
2026-09-11 10:32:59,138 INFO o.a.j.t.JMeterThread: Thread is done: 多用户下单 2-137
2026-09-11 10:32:59,138 INFO o.a.j.t.JMeterThread: Thread finished: 多用户下单 2-137
2026-09-11 10:32:59,138 INFO o.a.j.t.JMeterThread: Thread is done: 多用户下单 2-142
2026-09-11 10:32:59,138 INFO o.a.j.t.JMeterThread: Thread started: 多用户下单 2-415
2026-09-11 10:32:59,138 INFO o.a.j.t.JMeterThread: Thread finished: 多用户下单 2-142
2026-09-11 10:32:59,138 INFO o.a.j.t.JMeterThread: Thread started: 多用户下单 2-416
2026-09-11 10:32:59,139 INFO o.a.j.t.JMeterThread: Thread started: 多用户下单 2-417
2026-09-11 10:32:59,139 INFO o.a.j.t.JMeterThread: Thread started: 多用户下单 2-418
2026-09-11 10:32:59,139 INFO o.a.j.t.JMeterThread: Thread is done: 多用户下单 2-138
2026-09-11 10:32:59,139 INFO o.a.j.t.JMeterThread: Thread is done: 多用户下单 2-139
2026-09-11 10:32:59,139 INFO o.a.j.t.JMeterThread: Thread is done: 多用户下单 2-141
2026-09-11 10:32:59,139 INFO o.a.j.t.JMeterThread: Thread finished: 多用户下单 2-139
2026-09-11 10:32:59,139 INFO o.a.j.t.JMeterThread: Thread finished: 多用户下单 2-138
2026-09-11 10:32:59,139 INFO o.a.j.t.JMeterThread: Thread finished: 多用户下单 2-141
2026-09-11 10:32:59,139 INFO o.a.j.t.JMeterThread: Thread started: 多用户下单 2-419
2026-09-11 10:32:59,140 INFO o.a.j.t.JMeterThread: Thread started: 多用户下单 2-420
2026-09-11 10:32:59,140 INFO o.a.j.t.JMeterThread: Thread started: 多用户下单 2-421
2026-09-11 10:32:59,140 INFO o.a.j.t.JMeterThread: Thread started: 多用户下单 2-422
2026-09-11 10:32:59,141 INFO o.a.j.t.JMeterThread: Thread started: 多用户下单 2-423
2026-09-11 10:32:59,141 INFO o.a.j.t.JMeterThread: Thread started: 多用户下单 2-424
2026-09-11 10:32:59,142 INFO o.a.j.t.JMeterThread: Thread started: 多用户下单 2-425
2026-09-11 10:32:59,142 INFO o.a.j.t.JMeterThread: Thread started: 多用户下单 2-426
2026-09-11 10:32:59,142 INFO o.a.j.t.JMeterThread: Thread started: 多用户下单 2-427
2026-09-11 10:32:59,142 INFO o.a.j.t.JMeterThread: Thread started: 多用户下单 2-428
2026-09-11 10:32:59,143 INFO o.a.j.t.JMeterThread: Thread started: 多用户下单 2-429
2026-09-11 10:32:59,143 INFO o.a.j.t.JMeterThread: Thread is done: 多用户下单 2-144
2026-09-11 10:32:59,143 INFO o.a.j.t.JMeterThread: Thread finished: 多用户下单 2-144
2026-09-11 10:32:59,143 INFO o.a.j.t.JMeterThread: Thread is done: 多用户下单 2-147
2026-09-11 10:32:59,143 INFO o.a.j.t.JMeterThread: Thread is done: 多用户下单 2-146
2026-09-11 10:32:59,143 INFO o.a.j.t.JMeterThread: Thread finished: 多用户下单 2-147
2026-09-11 10:32:59,143 INFO o.a.j.t.JMeterThread: Thread finished: 多用户下单 2-146
2026-09-11 10:32:59,143 INFO o.a.j.t.JMeterThread: Thread is done: 多用户下单 2-143
2026-09-11 10:32:59,143 INFO o.a.j.t.JMeterThread: Thread finished: 多用户下单 2-143
2026-09-11 10:32:59,143 INFO o.a.j.t.JMeterThread: Thread started: 多用户下单 2-430
2026-09-11 10:32:59,144 INFO o.a.j.t.JMeterThread: Thread started: 多用户下单 2-431
2026-09-11 10:32:59,144 INFO o.a.j.t.JMeterThread: Thread is done: 多用户下单 2-149
2026-09-11 10:32:59,144 INFO o.a.j.t.JMeterThread: Thread finished: 多用户下单 2-149
2026-09-11 10:32:59,144 INFO o.a.j.t.JMeterThread: Thread is done: 多用户下单 2-145
2026-09-11 10:32:59,144 INFO o.a.j.t.JMeterThread: Thread finished: 多用户下单 2-145
2026-09-11 10:32:59,144 INFO o.a.j.t.JMeterThread: Thread started: 多用户下单 2-432
2026-09-11 10:32:59,145 INFO o.a.j.t.JMeterThread: Thread started: 多用户下单 2-433
2026-09-11 10:32:59,145 INFO o.a.j.t.JMeterThread: Thread started: 多用户下单 2-434
2026-09-11 10:32:59,145 INFO o.a.j.t.JMeterThread: Thread is done: 多用户下单 2-148
2026-09-11 10:32:59,145 INFO o.a.j.t.JMeterThread: Thread started: 多用户下单 2-435
2026-09-11 10:32:59,145 INFO o.a.j.t.JMeterThread: Thread finished: 多用户下单 2-148
2026-09-11 10:32:59,146 INFO o.a.j.t.JMeterThread: Thread started: 多用户下单 2-436
2026-09-11 10:32:59,146 INFO o.a.j.t.JMeterThread: Thread is done: 多用户下单 2-151
2026-09-11 10:32:59,146 INFO o.a.j.t.JMeterThread: Thread finished: 多用户下单 2-151
2026-09-11 10:32:59,146 INFO o.a.j.t.JMeterThread: Thread started: 多用户下单 2-437
2026-09-11 10:32:59,147 INFO o.a.j.t.JMeterThread: Thread is done: 多用户下单 2-150
2026-09-11 10:32:59,147 INFO o.a.j.t.JMeterThread: Thread started: 多用户下单 2-438
2026-09-11 10:32:59,147 INFO o.a.j.t.JMeterThread: Thread finished: 多用户下单 2-150
2026-09-11 10:32:59,147 INFO o.a.j.t.JMeterThread: Thread started: 多用户下单 2-439
2026-09-11 10:32:59,148 INFO o.a.j.t.JMeterThread: Thread is done: 多用户下单 2-153
2026-09-11 10:32:59,148 INFO o.a.j.t.JMeterThread: Thread finished: 多用户下单 2-153
2026-09-11 10:32:59,148 INFO o.a.j.t.JMeterThread: Thread started: 多用户下单 2-440
2026-09-11 10:32:59,148 INFO o.a.j.t.JMeterThread: Thread started: 多用户下单 2-441
2026-09-11 10:32:59,148 INFO o.a.j.t.JMeterThread: Thread started: 多用户下单 2-442
2026-09-11 10:32:59,149 INFO o.a.j.t.JMeterThread: Thread is done: 多用户下单 2-155
2026-09-11 10:32:59,149 INFO o.a.j.t.JMeterThread: Thread finished: 多用户下单 2-155
2026-09-11 10:32:59,149 INFO o.a.j.t.JMeterThread: Thread started: 多用户下单 2-443
2026-09-11 10:32:59,149 INFO o.a.j.t.JMeterThread: Thread is done: 多用户下单 2-154
2026-09-11 10:32:59,149 INFO o.a.j.t.JMeterThread: Thread finished: 多用户下单 2-154
2026-09-11 10:32:59,149 INFO o.a.j.t.JMeterThread: Thread started: 多用户下单 2-444
2026-09-11 10:32:59,149 INFO o.a.j.t.JMeterThread: Thread started: 多用户下单 2-445
2026-09-11 10:32:59,150 INFO o.a.j.t.JMeterThread: Thread is done: 多用户下单 2-152
2026-09-11 10:32:59,150 INFO o.a.j.t.JMeterThread: Thread finished: 多用户下单 2-152
2026-09-11 10:32:59,150 INFO o.a.j.t.JMeterThread: Thread started: 多用户下单 2-446
2026-09-11 10:32:59,150 INFO o.a.j.t.JMeterThread: Thread is done: 多用户下单 2-157
2026-09-11 10:32:59,150 INFO o.a.j.t.JMeterThread: Thread finished: 多用户下单 2-157
2026-09-11 10:32:59,150 INFO o.a.j.t.JMeterThread: Thread started: 多用户下单 2-447
2026-09-11 10:32:59,150 INFO o.a.j.t.JMeterThread: Thread started: 多用户下单 2-448
2026-09-11 10:32:59,150 INFO o.a.j.t.JMeterThread: Thread is done: 多用户下单 2-156
2026-09-11 10:32:59,151 INFO o.a.j.t.JMeterThread: Thread finished: 多用户下单 2-156
2026-09-11 10:32:59,151 INFO o.a.j.t.JMeterThread: Thread started: 多用户下单 2-449
2026-09-11 10:32:59,152 INFO o.a.j.t.JMeterThread: Thread is done: 多用户下单 2-161
2026-09-11 10:32:59,152 INFO o.a.j.t.JMeterThread: Thread finished: 多用户下单 2-161
2026-09-11 10:32:59,152 INFO o.a.j.t.JMeterThread: Thread started: 多用户下单 2-450
2026-09-11 10:32:59,152 INFO o.a.j.t.JMeterThread: Thread is done: 多用户下单 2-160
2026-09-11 10:32:59,152 INFO o.a.j.t.JMeterThread: Thread is done: 多用户下单 2-158
2026-09-11 10:32:59,152 INFO o.a.j.t.JMeterThread: Thread finished: 多用户下单 2-160
2026-09-11 10:32:59,152 INFO o.a.j.t.JMeterThread: Thread finished: 多用户下单 2-158
2026-09-11 10:32:59,152 INFO o.a.j.t.JMeterThread: Thread started: 多用户下单 2-451
2026-09-11 10:32:59,153 INFO o.a.j.t.JMeterThread: Thread is done: 多用户下单 2-159
2026-09-11 10:32:59,153 INFO o.a.j.t.JMeterThread: Thread finished: 多用户下单 2-159
2026-09-11 10:32:59,153 INFO o.a.j.t.JMeterThread: Thread started: 多用户下单 2-452
2026-09-11 10:32:59,153 INFO o.a.j.t.JMeterThread: Thread started: 多用户下单 2-453
2026-09-11 10:32:59,153 INFO o.a.j.t.JMeterThread: Thread is done: 多用户下单 2-164
2026-09-11 10:32:59,153 INFO o.a.j.t.JMeterThread: Thread finished: 多用户下单 2-164
2026-09-11 10:32:59,153 INFO o.a.j.t.JMeterThread: Thread started: 多用户下单 2-454
2026-09-11 10:32:59,154 INFO o.a.j.t.JMeterThread: Thread started: 多用户下单 2-455
2026-09-11 10:32:59,154 INFO o.a.j.t.JMeterThread: Thread is done: 多用户下单 2-163
2026-09-11 10:32:59,154 INFO o.a.j.t.JMeterThread: Thread is done: 多用户下单 2-165
2026-09-11 10:32:59,154 INFO o.a.j.t.JMeterThread: Thread finished: 多用户下单 2-163
2026-09-11 10:32:59,154 INFO o.a.j.t.JMeterThread: Thread finished: 多用户下单 2-165
2026-09-11 10:32:59,155 INFO o.a.j.t.JMeterThread: Thread started: 多用户下单 2-456
2026-09-11 10:32:59,155 INFO o.a.j.t.JMeterThread: Thread started: 多用户下单 2-457
2026-09-11 10:32:59,155 INFO o.a.j.t.JMeterThread: Thread started: 多用户下单 2-458
2026-09-11 10:32:59,156 INFO o.a.j.t.JMeterThread: Thread started: 多用户下单 2-459
2026-09-11 10:32:59,156 INFO o.a.j.t.JMeterThread: Thread started: 多用户下单 2-460
2026-09-11 10:32:59,156 INFO o.a.j.t.JMeterThread: Thread started: 多用户下单 2-461
2026-09-11 10:32:59,156 INFO o.a.j.t.JMeterThread: Thread started: 多用户下单 2-462
2026-09-11 10:32:59,157 INFO o.a.j.t.JMeterThread: Thread is done: 多用户下单 2-162
2026-09-11 10:32:59,157 INFO o.a.j.t.JMeterThread: Thread finished: 多用户下单 2-162
2026-09-11 10:32:59,157 INFO o.a.j.t.JMeterThread: Thread is done: 多用户下单 2-169
2026-09-11 10:32:59,157 INFO o.a.j.t.JMeterThread: Thread is done: 多用户下单 2-166
2026-09-11 10:32:59,157 INFO o.a.j.t.JMeterThread: Thread started: 多用户下单 2-463
2026-09-11 10:32:59,157 INFO o.a.j.t.JMeterThread: Thread finished: 多用户下单 2-169
2026-09-11 10:32:59,157 INFO o.a.j.t.JMeterThread: Thread finished: 多用户下单 2-166
2026-09-11 10:32:59,157 INFO o.a.j.t.JMeterThread: Thread started: 多用户下单 2-464
2026-09-11 10:32:59,158 INFO o.a.j.t.JMeterThread: Thread started: 多用户下单 2-465
2026-09-11 10:32:59,158 INFO o.a.j.t.JMeterThread: Thread is done: 多用户下单 2-167
2026-09-11 10:32:59,158 INFO o.a.j.t.JMeterThread: Thread is done: 多用户下单 2-168
2026-09-11 10:32:59,158 INFO o.a.j.t.JMeterThread: Thread finished: 多用户下单 2-167
2026-09-11 10:32:59,158 INFO o.a.j.t.JMeterThread: Thread finished: 多用户下单 2-168
2026-09-11 10:32:59,158 INFO o.a.j.t.JMeterThread: Thread started: 多用户下单 2-466
2026-09-11 10:32:59,158 INFO o.a.j.t.JMeterThread: Thread started: 多用户下单 2-467
2026-09-11 10:32:59,159 INFO o.a.j.t.JMeterThread: Thread started: 多用户下单 2-468
2026-09-11 10:32:59,159 INFO o.a.j.t.JMeterThread: Thread started: 多用户下单 2-469
2026-09-11 10:32:59,160 INFO o.a.j.t.JMeterThread: Thread started: 多用户下单 2-470
2026-09-11 10:32:59,160 INFO o.a.j.t.JMeterThread: Thread started: 多用户下单 2-471
2026-09-11 10:32:59,160 INFO o.a.j.t.JMeterThread: Thread started: 多用户下单 2-472
2026-09-11 10:32:59,161 INFO o.a.j.t.JMeterThread: Thread is done: 多用户下单 2-171
2026-09-11 10:32:59,161 INFO o.a.j.t.JMeterThread: Thread started: 多用户下单 2-473
2026-09-11 10:32:59,161 INFO o.a.j.t.JMeterThread: Thread finished: 多用户下单 2-171
2026-09-11 10:32:59,161 INFO o.a.j.t.JMeterThread: Thread started: 多用户下单 2-474
2026-09-11 10:32:59,161 INFO o.a.j.t.JMeterThread: Thread started: 多用户下单 2-475
2026-09-11 10:32:59,161 INFO o.a.j.t.JMeterThread: Thread is done: 多用户下单 2-469
2026-09-11 10:32:59,161 INFO o.a.j.t.JMeterThread: Thread finished: 多用户下单 2-469
2026-09-11 10:32:59,161 INFO o.a.j.t.JMeterThread: Thread is done: 多用户下单 2-470
2026-09-11 10:32:59,161 INFO o.a.j.t.JMeterThread: Thread finished: 多用户下单 2-470
2026-09-11 10:32:59,162 INFO o.a.j.t.JMeterThread: Thread started: 多用户下单 2-476
2026-09-11 10:32:59,162 INFO o.a.j.t.JMeterThread: Thread started: 多用户下单 2-477
2026-09-11 10:32:59,163 INFO o.a.j.t.JMeterThread: Thread started: 多用户下单 2-478
2026-09-11 10:32:59,163 INFO o.a.j.t.JMeterThread: Thread is done: 多用户下单 2-170
2026-09-11 10:32:59,163 INFO o.a.j.t.JMeterThread: Thread finished: 多用户下单 2-170
2026-09-11 10:32:59,163 INFO o.a.j.t.JMeterThread: Thread is done: 多用户下单 2-178
2026-09-11 10:32:59,163 INFO o.a.j.t.JMeterThread: Thread is done: 多用户下单 2-472
2026-09-11 10:32:59,163 INFO o.a.j.t.JMeterThread: Thread finished: 多用户下单 2-178
2026-09-11 10:32:59,163 INFO o.a.j.t.JMeterThread: Thread finished: 多用户下单 2-472
2026-09-11 10:32:59,163 INFO o.a.j.t.JMeterThread: Thread is done: 多用户下单 2-172
2026-09-11 10:32:59,163 INFO o.a.j.t.JMeterThread: Thread is done: 多用户下单 2-471
2026-09-11 10:32:59,163 INFO o.a.j.t.JMeterThread: Thread finished: 多用户下单 2-172
2026-09-11 10:32:59,163 INFO o.a.j.t.JMeterThread: Thread is done: 多用户下单 2-473
2026-09-11 10:32:59,163 INFO o.a.j.t.JMeterThread: Thread finished: 多用户下单 2-471
2026-09-11 10:32:59,163 INFO o.a.j.t.JMeterThread: Thread finished: 多用户下单 2-473
2026-09-11 10:32:59,164 INFO o.a.j.t.JMeterThread: Thread started: 多用户下单 2-479
2026-09-11 10:32:59,164 INFO o.a.j.t.JMeterThread: Thread is done: 多用户下单 2-173
2026-09-11 10:32:59,164 INFO o.a.j.t.JMeterThread: Thread finished: 多用户下单 2-173
2026-09-11 10:32:59,164 INFO o.a.j.t.JMeterThread: Thread is done: 多用户下单 2-475
2026-09-11 10:32:59,164 INFO o.a.j.t.JMeterThread: Thread finished: 多用户下单 2-475
2026-09-11 10:32:59,164 INFO o.a.j.t.JMeterThread: Thread is done: 多用户下单 2-476
2026-09-11 10:32:59,164 INFO o.a.j.t.JMeterThread: Thread finished: 多用户下单 2-476
2026-09-11 10:32:59,164 INFO o.a.j.t.JMeterThread: Thread is done: 多用户下单 2-175
2026-09-11 10:32:59,164 INFO o.a.j.t.JMeterThread: Thread finished: 多用户下单 2-175
2026-09-11 10:32:59,164 INFO o.a.j.t.JMeterThread: Thread started: 多用户下单 2-480
2026-09-11 10:32:59,164 INFO o.a.j.t.JMeterThread: Thread is done: 多用户下单 2-177
2026-09-11 10:32:59,164 INFO o.a.j.t.JMeterThread: Thread is done: 多用户下单 2-474
2026-09-11 10:32:59,164 INFO o.a.j.t.JMeterThread: Thread finished: 多用户下单 2-177
2026-09-11 10:32:59,164 INFO o.a.j.t.JMeterThread: Thread is done: 多用户下单 2-174
2026-09-11 10:32:59,164 INFO o.a.j.t.JMeterThread: Thread finished: 多用户下单 2-474
2026-09-11 10:32:59,165 INFO o.a.j.t.JMeterThread: Thread finished: 多用户下单 2-174
2026-09-11 10:32:59,165 INFO o.a.j.t.JMeterThread: Thread started: 多用户下单 2-481
2026-09-11 10:32:59,165 INFO o.a.j.t.JMeterThread: Thread is done: 多用户下单 2-477
2026-09-11 10:32:59,165 INFO o.a.j.t.JMeterThread: Thread finished: 多用户下单 2-477
2026-09-11 10:32:59,165 INFO o.a.j.t.JMeterThread: Thread is done: 多用户下单 2-478
2026-09-11 10:32:59,165 INFO o.a.j.t.JMeterThread: Thread finished: 多用户下单 2-478
2026-09-11 10:32:59,165 INFO o.a.j.t.JMeterThread: Thread started: 多用户下单 2-482
2026-09-11 10:32:59,166 INFO o.a.j.t.JMeterThread: Thread is done: 多用户下单 2-479
2026-09-11 10:32:59,166 INFO o.a.j.t.JMeterThread: Thread started: 多用户下单 2-483
2026-09-11 10:32:59,166 INFO o.a.j.t.JMeterThread: Thread finished: 多用户下单 2-479
2026-09-11 10:32:59,166 INFO o.a.j.t.JMeterThread: Thread is done: 多用户下单 2-179
2026-09-11 10:32:59,166 INFO o.a.j.t.JMeterThread: Thread finished: 多用户下单 2-179
2026-09-11 10:32:59,166 INFO o.a.j.t.JMeterThread: Thread is done: 多用户下单 2-176
2026-09-11 10:32:59,167 INFO o.a.j.t.JMeterThread: Thread finished: 多用户下单 2-176
2026-09-11 10:32:59,167 INFO o.a.j.t.JMeterThread: Thread is done: 多用户下单 2-480
2026-09-11 10:32:59,167 INFO o.a.j.t.JMeterThread: Thread finished: 多用户下单 2-480
2026-09-11 10:32:59,167 INFO o.a.j.t.JMeterThread: Thread started: 多用户下单 2-484
2026-09-11 10:32:59,167 INFO o.a.j.t.JMeterThread: Thread started: 多用户下单 2-485
2026-09-11 10:32:59,167 INFO o.a.j.t.JMeterThread: Thread is done: 多用户下单 2-180
2026-09-11 10:32:59,167 INFO o.a.j.t.JMeterThread: Thread is done: 多用户下单 2-481
2026-09-11 10:32:59,167 INFO o.a.j.t.JMeterThread: Thread is done: 多用户下单 2-181
2026-09-11 10:32:59,167 INFO o.a.j.t.JMeterThread: Thread finished: 多用户下单 2-481
2026-09-11 10:32:59,167 INFO o.a.j.t.JMeterThread: Thread is done: 多用户下单 2-182
2026-09-11 10:32:59,167 INFO o.a.j.t.JMeterThread: Thread finished: 多用户下单 2-180
2026-09-11 10:32:59,167 INFO o.a.j.t.JMeterThread: Thread finished: 多用户下单 2-181
2026-09-11 10:32:59,167 INFO o.a.j.t.JMeterThread: Thread finished: 多用户下单 2-182
2026-09-11 10:32:59,167 INFO o.a.j.t.JMeterThread: Thread started: 多用户下单 2-486
2026-09-11 10:32:59,168 INFO o.a.j.t.JMeterThread: Thread started: 多用户下单 2-487
2026-09-11 10:32:59,168 INFO o.a.j.t.JMeterThread: Thread is done: 多用户下单 2-184
2026-09-11 10:32:59,168 INFO o.a.j.t.JMeterThread: Thread finished: 多用户下单 2-184
2026-09-11 10:32:59,168 INFO o.a.j.t.JMeterThread: Thread is done: 多用户下单 2-482
2026-09-11 10:32:59,169 INFO o.a.j.t.JMeterThread: Thread finished: 多用户下单 2-482
2026-09-11 10:32:59,169 INFO o.a.j.t.JMeterThread: Thread is done: 多用户下单 2-483
2026-09-11 10:32:59,169 INFO o.a.j.t.JMeterThread: Thread finished: 多用户下单 2-483
2026-09-11 10:32:59,169 INFO o.a.j.t.JMeterThread: Thread started: 多用户下单 2-488
2026-09-11 10:32:59,169 INFO o.a.j.t.JMeterThread: Thread started: 多用户下单 2-489
2026-09-11 10:32:59,169 INFO o.a.j.t.JMeterThread: Thread is done: 多用户下单 2-484
2026-09-11 10:32:59,169 INFO o.a.j.t.JMeterThread: Thread is done: 多用户下单 2-485
2026-09-11 10:32:59,169 INFO o.a.j.t.JMeterThread: Thread finished: 多用户下单 2-484
2026-09-11 10:32:59,169 INFO o.a.j.t.JMeterThread: Thread finished: 多用户下单 2-485
2026-09-11 10:32:59,169 INFO o.a.j.t.JMeterThread: Thread started: 多用户下单 2-490
2026-09-11 10:32:59,170 INFO o.a.j.t.JMeterThread: Thread is done: 多用户下单 2-486
2026-09-11 10:32:59,170 INFO o.a.j.t.JMeterThread: Thread finished: 多用户下单 2-486
2026-09-11 10:32:59,170 INFO o.a.j.t.JMeterThread: Thread is done: 多用户下单 2-487
2026-09-11 10:32:59,170 INFO o.a.j.t.JMeterThread: Thread finished: 多用户下单 2-487
2026-09-11 10:32:59,171 INFO o.a.j.t.JMeterThread: Thread started: 多用户下单 2-491
2026-09-11 10:32:59,171 INFO o.a.j.t.JMeterThread: Thread is done: 多用户下单 2-188
2026-09-11 10:32:59,171 INFO o.a.j.t.JMeterThread: Thread is done: 多用户下单 2-185
2026-09-11 10:32:59,171 INFO o.a.j.t.JMeterThread: Thread finished: 多用户下单 2-188
2026-09-11 10:32:59,171 INFO o.a.j.t.JMeterThread: Thread finished: 多用户下单 2-185
2026-09-11 10:32:59,171 INFO o.a.j.t.JMeterThread: Thread is done: 多用户下单 2-488
2026-09-11 10:32:59,171 INFO o.a.j.t.JMeterThread: Thread finished: 多用户下单 2-488
2026-09-11 10:32:59,171 INFO o.a.j.t.JMeterThread: Thread started: 多用户下单 2-492
2026-09-11 10:32:59,172 INFO o.a.j.t.JMeterThread: Thread is done: 多用户下单 2-189
2026-09-11 10:32:59,172 INFO o.a.j.t.JMeterThread: Thread finished: 多用户下单 2-189
2026-09-11 10:32:59,172 INFO o.a.j.t.JMeterThread: Thread is done: 多用户下单 2-183
2026-09-11 10:32:59,172 INFO o.a.j.t.JMeterThread: Thread started: 多用户下单 2-493
2026-09-11 10:32:59,172 INFO o.a.j.t.JMeterThread: Thread is done: 多用户下单 2-489
2026-09-11 10:32:59,172 INFO o.a.j.t.JMeterThread: Thread is done: 多用户下单 2-186
2026-09-11 10:32:59,172 INFO o.a.j.t.JMeterThread: Thread finished: 多用户下单 2-183
2026-09-11 10:32:59,172 INFO o.a.j.t.JMeterThread: Thread finished: 多用户下单 2-489
2026-09-11 10:32:59,172 INFO o.a.j.t.JMeterThread: Thread finished: 多用户下单 2-186
2026-09-11 10:32:59,172 INFO o.a.j.t.JMeterThread: Thread is done: 多用户下单 2-490
2026-09-11 10:32:59,172 INFO o.a.j.t.JMeterThread: Thread finished: 多用户下单 2-490
2026-09-11 10:32:59,172 INFO o.a.j.t.JMeterThread: Thread started: 多用户下单 2-494
2026-09-11 10:32:59,172 INFO o.a.j.t.JMeterThread: Thread started: 多用户下单 2-495
2026-09-11 10:32:59,173 INFO o.a.j.t.JMeterThread: Thread is done: 多用户下单 2-491
2026-09-11 10:32:59,173 INFO o.a.j.t.JMeterThread: Thread finished: 多用户下单 2-491
2026-09-11 10:32:59,173 INFO o.a.j.t.JMeterThread: Thread started: 多用户下单 2-496
2026-09-11 10:32:59,173 INFO o.a.j.t.JMeterThread: Thread is done: 多用户下单 2-192
2026-09-11 10:32:59,173 INFO o.a.j.t.JMeterThread: Thread is done: 多用户下单 2-187
2026-09-11 10:32:59,173 INFO o.a.j.t.JMeterThread: Thread finished: 多用户下单 2-192
2026-09-11 10:32:59,173 INFO o.a.j.t.JMeterThread: Thread started: 多用户下单 2-497
2026-09-11 10:32:59,173 INFO o.a.j.t.JMeterThread: Thread finished: 多用户下单 2-187
2026-09-11 10:32:59,174 INFO o.a.j.t.JMeterThread: Thread is done: 多用户下单 2-492
2026-09-11 10:32:59,174 INFO o.a.j.t.JMeterThread: Thread started: 多用户下单 2-498
2026-09-11 10:32:59,174 INFO o.a.j.t.JMeterThread: Thread finished: 多用户下单 2-492
2026-09-11 10:32:59,174 INFO o.a.j.t.JMeterThread: Thread is done: 多用户下单 2-493
2026-09-11 10:32:59,174 INFO o.a.j.t.JMeterThread: Thread finished: 多用户下单 2-493
2026-09-11 10:32:59,174 INFO o.a.j.t.JMeterThread: Thread started: 多用户下单 2-499
2026-09-11 10:32:59,174 INFO o.a.j.t.JMeterThread: Thread is done: 多用户下单 2-495
2026-09-11 10:32:59,174 INFO o.a.j.t.JMeterThread: Thread is done: 多用户下单 2-494
2026-09-11 10:32:59,174 INFO o.a.j.t.JMeterThread: Thread finished: 多用户下单 2-495
2026-09-11 10:32:59,174 INFO o.a.j.t.JMeterThread: Thread finished: 多用户下单 2-494
2026-09-11 10:32:59,174 INFO o.a.j.t.JMeterThread: Thread is done: 多用户下单 2-191
2026-09-11 10:32:59,174 INFO o.a.j.t.JMeterThread: Thread started: 多用户下单 2-500
2026-09-11 10:32:59,175 INFO o.a.j.t.JMeterThread: Thread is done: 多用户下单 2-196
2026-09-11 10:32:59,175 INFO o.a.j.t.JMeterThread: Thread is done: 多用户下单 2-497
2026-09-11 10:32:59,175 INFO o.a.j.t.JMeterThread: Thread is done: 多用户下单 2-496
2026-09-11 10:32:59,174 INFO o.a.j.t.JMeterThread: Thread finished: 多用户下单 2-191
2026-09-11 10:32:59,175 INFO o.a.j.t.JMeterThread: Thread finished: 多用户下单 2-496
2026-09-11 10:32:59,175 INFO o.a.j.t.JMeterThread: Thread finished: 多用户下单 2-497
2026-09-11 10:32:59,175 INFO o.a.j.t.JMeterThread: Thread started: 多用户下单 2-501
2026-09-11 10:32:59,175 INFO o.a.j.t.JMeterThread: Thread finished: 多用户下单 2-196
2026-09-11 10:32:59,175 INFO o.a.j.t.JMeterThread: Thread is done: 多用户下单 2-190
2026-09-11 10:32:59,176 INFO o.a.j.t.JMeterThread: Thread finished: 多用户下单 2-190
2026-09-11 10:32:59,176 INFO o.a.j.t.JMeterThread: Thread is done: 多用户下单 2-193
2026-09-11 10:32:59,176 INFO o.a.j.t.JMeterThread: Thread started: 多用户下单 2-502
2026-09-11 10:32:59,176 INFO o.a.j.t.JMeterThread: Thread finished: 多用户下单 2-193
2026-09-11 10:32:59,176 INFO o.a.j.t.JMeterThread: Thread started: 多用户下单 2-503
2026-09-11 10:32:59,176 INFO o.a.j.t.JMeterThread: Thread is done: 多用户下单 2-499
2026-09-11 10:32:59,176 INFO o.a.j.t.JMeterThread: Thread finished: 多用户下单 2-499
2026-09-11 10:32:59,176 INFO o.a.j.t.JMeterThread: Thread is done: 多用户下单 2-498
2026-09-11 10:32:59,176 INFO o.a.j.t.JMeterThread: Thread finished: 多用户下单 2-498
2026-09-11 10:32:59,176 INFO o.a.j.t.JMeterThread: Thread is done: 多用户下单 2-197
2026-09-11 10:32:59,176 INFO o.a.j.t.JMeterThread: Thread is done: 多用户下单 2-194
2026-09-11 10:32:59,176 INFO o.a.j.t.JMeterThread: Thread finished: 多用户下单 2-197
2026-09-11 10:32:59,176 INFO o.a.j.t.JMeterThread: Thread finished: 多用户下单 2-194
2026-09-11 10:32:59,176 INFO o.a.j.t.JMeterThread: Thread started: 多用户下单 2-504
2026-09-11 10:32:59,177 INFO o.a.j.t.JMeterThread: Thread is done: 多用户下单 2-500
2026-09-11 10:32:59,177 INFO o.a.j.t.JMeterThread: Thread finished: 多用户下单 2-500
2026-09-11 10:32:59,177 INFO o.a.j.t.JMeterThread: Thread started: 多用户下单 2-505
2026-09-11 10:32:59,178 INFO o.a.j.t.JMeterThread: Thread is done: 多用户下单 2-501
2026-09-11 10:32:59,178 INFO o.a.j.t.JMeterThread: Thread finished: 多用户下单 2-501
2026-09-11 10:32:59,178 INFO o.a.j.t.JMeterThread: Thread is done: 多用户下单 2-199
2026-09-11 10:32:59,178 INFO o.a.j.t.JMeterThread: Thread finished: 多用户下单 2-199
2026-09-11 10:32:59,178 INFO o.a.j.t.JMeterThread: Thread is done: 多用户下单 2-502
2026-09-11 10:32:59,178 INFO o.a.j.t.JMeterThread: Thread started: 多用户下单 2-506
2026-09-11 10:32:59,178 INFO o.a.j.t.JMeterThread: Thread finished: 多用户下单 2-502
2026-09-11 10:32:59,178 INFO o.a.j.t.JMeterThread: Thread is done: 多用户下单 2-198
2026-09-11 10:32:59,178 INFO o.a.j.t.JMeterThread: Thread is done: 多用户下单 2-202
2026-09-11 10:32:59,178 INFO o.a.j.t.JMeterThread: Thread finished: 多用户下单 2-198
2026-09-11 10:32:59,178 INFO o.a.j.t.JMeterThread: Thread is done: 多用户下单 2-195
2026-09-11 10:32:59,178 INFO o.a.j.t.JMeterThread: Thread finished: 多用户下单 2-195
2026-09-11 10:32:59,178 INFO o.a.j.t.JMeterThread: Thread finished: 多用户下单 2-202
2026-09-11 10:32:59,178 INFO o.a.j.t.JMeterThread: Thread is done: 多用户下单 2-503
2026-09-11 10:32:59,178 INFO o.a.j.t.JMeterThread: Thread finished: 多用户下单 2-503
2026-09-11 10:32:59,178 INFO o.a.j.t.JMeterThread: Thread started: 多用户下单 2-507
2026-09-11 10:32:59,178 INFO o.a.j.t.JMeterThread: Thread started: 多用户下单 2-508
2026-09-11 10:32:59,178 INFO o.a.j.t.JMeterThread: Thread is done: 多用户下单 2-200
2026-09-11 10:32:59,179 INFO o.a.j.t.JMeterThread: Thread finished: 多用户下单 2-200
2026-09-11 10:32:59,179 INFO o.a.j.t.JMeterThread: Thread is done: 多用户下单 2-201
2026-09-11 10:32:59,179 INFO o.a.j.t.JMeterThread: Thread finished: 多用户下单 2-201
2026-09-11 10:32:59,179 INFO o.a.j.t.JMeterThread: Thread started: 多用户下单 2-509
2026-09-11 10:32:59,179 INFO o.a.j.t.JMeterThread: Thread is done: 多用户下单 2-504
2026-09-11 10:32:59,179 INFO o.a.j.t.JMeterThread: Thread finished: 多用户下单 2-504
2026-09-11 10:32:59,179 INFO o.a.j.t.JMeterThread: Thread is done: 多用户下单 2-204
2026-09-11 10:32:59,179 INFO o.a.j.t.JMeterThread: Thread finished: 多用户下单 2-204
2026-09-11 10:32:59,179 INFO o.a.j.t.JMeterThread: Thread is done: 多用户下单 2-203
2026-09-11 10:32:59,180 INFO o.a.j.t.JMeterThread: Thread finished: 多用户下单 2-203
2026-09-11 10:32:59,180 INFO o.a.j.t.JMeterThread: Thread started: 多用户下单 2-510
2026-09-11 10:32:59,180 INFO o.a.j.t.JMeterThread: Thread is done: 多用户下单 2-506
2026-09-11 10:32:59,180 INFO o.a.j.t.JMeterThread: Thread finished: 多用户下单 2-506
2026-09-11 10:32:59,180 INFO o.a.j.t.JMeterThread: Thread is done: 多用户下单 2-505
2026-09-11 10:32:59,180 INFO o.a.j.t.JMeterThread: Thread finished: 多用户下单 2-505
2026-09-11 10:32:59,180 INFO o.a.j.t.JMeterThread: Thread started: 多用户下单 2-511
2026-09-11 10:32:59,180 INFO o.a.j.t.JMeterThread: Thread started: 多用户下单 2-512
2026-09-11 10:32:59,180 INFO o.a.j.t.JMeterThread: Thread is done: 多用户下单 2-205
2026-09-11 10:32:59,181 INFO o.a.j.t.JMeterThread: Thread finished: 多用户下单 2-205
2026-09-11 10:32:59,181 INFO o.a.j.t.JMeterThread: Thread is done: 多用户下单 2-507
2026-09-11 10:32:59,181 INFO o.a.j.t.JMeterThread: Thread finished: 多用户下单 2-507
2026-09-11 10:32:59,181 INFO o.a.j.t.JMeterThread: Thread is done: 多用户下单 2-508
2026-09-11 10:32:59,181 INFO o.a.j.t.JMeterThread: Thread finished: 多用户下单 2-508
2026-09-11 10:32:59,181 INFO o.a.j.t.JMeterThread: Thread started: 多用户下单 2-513
2026-09-11 10:32:59,181 INFO o.a.j.t.JMeterThread: Thread is done: 多用户下单 2-209
2026-09-11 10:32:59,181 INFO o.a.j.t.JMeterThread: Thread finished: 多用户下单 2-209
2026-09-11 10:32:59,181 INFO o.a.j.t.JMeterThread: Thread is done: 多用户下单 2-206
2026-09-11 10:32:59,181 INFO o.a.j.t.JMeterThread: Thread finished: 多用户下单 2-206
2026-09-11 10:32:59,181 INFO o.a.j.t.JMeterThread: Thread is done: 多用户下单 2-509
2026-09-11 10:32:59,182 INFO o.a.j.t.JMeterThread: Thread started: 多用户下单 2-514
2026-09-11 10:32:59,182 INFO o.a.j.t.JMeterThread: Thread finished: 多用户下单 2-509
2026-09-11 10:32:59,182 INFO o.a.j.t.JMeterThread: Thread is done: 多用户下单 2-510
2026-09-11 10:32:59,182 INFO o.a.j.t.JMeterThread: Thread finished: 多用户下单 2-510
2026-09-11 10:32:59,182 INFO o.a.j.t.JMeterThread: Thread is done: 多用户下单 2-211
2026-09-11 10:32:59,182 INFO o.a.j.t.JMeterThread: Thread finished: 多用户下单 2-211
2026-09-11 10:32:59,182 INFO o.a.j.t.JMeterThread: Thread started: 多用户下单 2-515
2026-09-11 10:32:59,182 INFO o.a.j.t.JMeterThread: Thread is done: 多用户下单 2-511
2026-09-11 10:32:59,182 INFO o.a.j.t.JMeterThread: Thread is done: 多用户下单 2-208
2026-09-11 10:32:59,182 INFO o.a.j.t.JMeterThread: Thread finished: 多用户下单 2-511
2026-09-11 10:32:59,182 INFO o.a.j.t.JMeterThread: Thread finished: 多用户下单 2-208
2026-09-11 10:32:59,182 INFO o.a.j.t.JMeterThread: Thread started: 多用户下单 2-516
2026-09-11 10:32:59,182 INFO o.a.j.t.JMeterThread: Thread is done: 多用户下单 2-207
2026-09-11 10:32:59,183 INFO o.a.j.t.JMeterThread: Thread finished: 多用户下单 2-207
2026-09-11 10:32:59,183 INFO o.a.j.t.JMeterThread: Thread is done: 多用户下单 2-512
2026-09-11 10:32:59,183 INFO o.a.j.t.JMeterThread: Thread finished: 多用户下单 2-512
2026-09-11 10:32:59,183 INFO o.a.j.t.JMeterThread: Thread is done: 多用户下单 2-212
2026-09-11 10:32:59,183 INFO o.a.j.t.JMeterThread: Thread started: 多用户下单 2-517
2026-09-11 10:32:59,183 INFO o.a.j.t.JMeterThread: Thread finished: 多用户下单 2-212
2026-09-11 10:32:59,183 INFO o.a.j.t.JMeterThread: Thread is done: 多用户下单 2-513
2026-09-11 10:32:59,183 INFO o.a.j.t.JMeterThread: Thread finished: 多用户下单 2-513
2026-09-11 10:32:59,183 INFO o.a.j.t.JMeterThread: Thread is done: 多用户下单 2-514
2026-09-11 10:32:59,183 INFO o.a.j.t.JMeterThread: Thread started: 多用户下单 2-518
2026-09-11 10:32:59,183 INFO o.a.j.t.JMeterThread: Thread finished: 多用户下单 2-514
2026-09-11 10:32:59,183 INFO o.a.j.t.JMeterThread: Thread is done: 多用户下单 2-215
2026-09-11 10:32:59,183 INFO o.a.j.t.JMeterThread: Thread finished: 多用户下单 2-215
2026-09-11 10:32:59,184 INFO o.a.j.t.JMeterThread: Thread is done: 多用户下单 2-210
2026-09-11 10:32:59,184 INFO o.a.j.t.JMeterThread: Thread is done: 多用户下单 2-515
2026-09-11 10:32:59,184 INFO o.a.j.t.JMeterThread: Thread finished: 多用户下单 2-210
2026-09-11 10:32:59,184 INFO o.a.j.t.JMeterThread: Thread started: 多用户下单 2-519
2026-09-11 10:32:59,184 INFO o.a.j.t.JMeterThread: Thread finished: 多用户下单 2-515
2026-09-11 10:32:59,184 INFO o.a.j.t.JMeterThread: Thread is done: 多用户下单 2-516
2026-09-11 10:32:59,185 INFO o.a.j.t.JMeterThread: Thread finished: 多用户下单 2-516
2026-09-11 10:32:59,185 INFO o.a.j.t.JMeterThread: Thread started: 多用户下单 2-520
2026-09-11 10:32:59,185 INFO o.a.j.t.JMeterThread: Thread started: 多用户下单 2-521
2026-09-11 10:32:59,185 INFO o.a.j.t.JMeterThread: Thread is done: 多用户下单 2-517
2026-09-11 10:32:59,185 INFO o.a.j.t.JMeterThread: Thread finished: 多用户下单 2-517
2026-09-11 10:32:59,185 INFO o.a.j.t.JMeterThread: Thread started: 多用户下单 2-522
2026-09-11 10:32:59,185 INFO o.a.j.t.JMeterThread: Thread is done: 多用户下单 2-213
2026-09-11 10:32:59,185 INFO o.a.j.t.JMeterThread: Thread finished: 多用户下单 2-213
2026-09-11 10:32:59,185 INFO o.a.j.t.JMeterThread: Thread is done: 多用户下单 2-518
2026-09-11 10:32:59,185 INFO o.a.j.t.JMeterThread: Thread finished: 多用户下单 2-518
2026-09-11 10:32:59,185 INFO o.a.j.t.JMeterThread: Thread started: 多用户下单 2-523
2026-09-11 10:32:59,186 INFO o.a.j.t.JMeterThread: Thread is done: 多用户下单 2-519
2026-09-11 10:32:59,186 INFO o.a.j.t.JMeterThread: Thread finished: 多用户下单 2-519
2026-09-11 10:32:59,186 INFO o.a.j.t.JMeterThread: Thread started: 多用户下单 2-524
2026-09-11 10:32:59,187 INFO o.a.j.t.JMeterThread: Thread started: 多用户下单 2-525
2026-09-11 10:32:59,187 INFO o.a.j.t.JMeterThread: Thread is done: 多用户下单 2-217
2026-09-11 10:32:59,187 INFO o.a.j.t.JMeterThread: Thread finished: 多用户下单 2-217
2026-09-11 10:32:59,187 INFO o.a.j.t.JMeterThread: Thread started: 多用户下单 2-526
2026-09-11 10:32:59,187 INFO o.a.j.t.JMeterThread: Thread is done: 多用户下单 2-214
2026-09-11 10:32:59,187 INFO o.a.j.t.JMeterThread: Thread finished: 多用户下单 2-214
2026-09-11 10:32:59,187 INFO o.a.j.t.JMeterThread: Thread started: 多用户下单 2-527
2026-09-11 10:32:59,188 INFO o.a.j.t.JMeterThread: Thread started: 多用户下单 2-528
2026-09-11 10:32:59,188 INFO o.a.j.t.JMeterThread: Thread started: 多用户下单 2-529
2026-09-11 10:32:59,189 INFO o.a.j.t.JMeterThread: Thread started: 多用户下单 2-530
2026-09-11 10:32:59,189 INFO o.a.j.t.JMeterThread: Thread started: 多用户下单 2-531
2026-09-11 10:32:59,189 INFO o.a.j.t.JMeterThread: Thread is done: 多用户下单 2-219
2026-09-11 10:32:59,189 INFO o.a.j.t.JMeterThread: Thread finished: 多用户下单 2-219
2026-09-11 10:32:59,189 INFO o.a.j.t.JMeterThread: Thread started: 多用户下单 2-532
2026-09-11 10:32:59,190 INFO o.a.j.t.JMeterThread: Thread is done: 多用户下单 2-220
2026-09-11 10:32:59,190 INFO o.a.j.t.JMeterThread: Thread started: 多用户下单 2-533
2026-09-11 10:32:59,190 INFO o.a.j.t.JMeterThread: Thread finished: 多用户下单 2-220
2026-09-11 10:32:59,191 INFO o.a.j.t.JMeterThread: Thread is done: 多用户下单 2-218
2026-09-11 10:32:59,191 INFO o.a.j.t.JMeterThread: Thread is done: 多用户下单 2-216
2026-09-11 10:32:59,191 INFO o.a.j.t.JMeterThread: Thread finished: 多用户下单 2-218
2026-09-11 10:32:59,191 INFO o.a.j.t.JMeterThread: Thread finished: 多用户下单 2-216
2026-09-11 10:32:59,191 INFO o.a.j.t.JMeterThread: Thread started: 多用户下单 2-534
2026-09-11 10:32:59,191 INFO o.a.j.t.JMeterThread: Thread started: 多用户下单 2-535
2026-09-11 10:32:59,191 INFO o.a.j.t.JMeterThread: Thread started: 多用户下单 2-536
2026-09-11 10:32:59,191 INFO o.a.j.t.JMeterThread: Thread started: 多用户下单 2-537
2026-09-11 10:32:59,192 INFO o.a.j.t.JMeterThread: Thread is done: 多用户下单 2-222
2026-09-11 10:32:59,192 INFO o.a.j.t.JMeterThread: Thread finished: 多用户下单 2-222
2026-09-11 10:32:59,192 INFO o.a.j.t.JMeterThread: Thread started: 多用户下单 2-538
2026-09-11 10:32:59,192 INFO o.a.j.t.JMeterThread: Thread is done: 多用户下单 2-221
2026-09-11 10:32:59,193 INFO o.a.j.t.JMeterThread: Thread finished: 多用户下单 2-221
2026-09-11 10:32:59,193 INFO o.a.j.t.JMeterThread: Thread started: 多用户下单 2-539
2026-09-11 10:32:59,193 INFO o.a.j.t.JMeterThread: Thread started: 多用户下单 2-540
2026-09-11 10:32:59,193 INFO o.a.j.t.JMeterThread: Thread is done: 多用户下单 2-230
2026-09-11 10:32:59,193 INFO o.a.j.t.JMeterThread: Thread finished: 多用户下单 2-230
2026-09-11 10:32:59,193 INFO o.a.j.t.JMeterThread: Thread is done: 多用户下单 2-223
2026-09-11 10:32:59,193 INFO o.a.j.t.JMeterThread: Thread finished: 多用户下单 2-223
2026-09-11 10:32:59,193 INFO o.a.j.t.JMeterThread: Thread started: 多用户下单 2-541
2026-09-11 10:32:59,193 INFO o.a.j.t.JMeterThread: Thread is done: 多用户下单 2-224
2026-09-11 10:32:59,194 INFO o.a.j.t.JMeterThread: Thread finished: 多用户下单 2-224
2026-09-11 10:32:59,194 INFO o.a.j.t.JMeterThread: Thread is done: 多用户下单 2-225
2026-09-11 10:32:59,194 INFO o.a.j.t.JMeterThread: Thread finished: 多用户下单 2-225
2026-09-11 10:32:59,194 INFO o.a.j.t.JMeterThread: Thread started: 多用户下单 2-542
2026-09-11 10:32:59,194 INFO o.a.j.t.JMeterThread: Thread started: 多用户下单 2-543
2026-09-11 10:32:59,194 INFO o.a.j.t.JMeterThread: Thread started: 多用户下单 2-544
2026-09-11 10:32:59,194 INFO o.a.j.t.JMeterThread: Thread started: 多用户下单 2-545
2026-09-11 10:32:59,194 INFO o.a.j.t.JMeterThread: Thread is done: 多用户下单 2-229
2026-09-11 10:32:59,194 INFO o.a.j.t.JMeterThread: Thread finished: 多用户下单 2-229
2026-09-11 10:32:59,194 INFO o.a.j.t.JMeterThread: Thread is done: 多用户下单 2-227
2026-09-11 10:32:59,195 INFO o.a.j.t.JMeterThread: Thread finished: 多用户下单 2-227
2026-09-11 10:32:59,195 INFO o.a.j.t.JMeterThread: Thread started: 多用户下单 2-546
2026-09-11 10:32:59,195 INFO o.a.j.t.JMeterThread: Thread started: 多用户下单 2-547
2026-09-11 10:32:59,195 INFO o.a.j.t.JMeterThread: Thread is done: 多用户下单 2-231
2026-09-11 10:32:59,195 INFO o.a.j.t.JMeterThread: Thread finished: 多用户下单 2-231
2026-09-11 10:32:59,195 INFO o.a.j.t.JMeterThread: Thread started: 多用户下单 2-548
2026-09-11 10:32:59,196 INFO o.a.j.t.JMeterThread: Thread started: 多用户下单 2-549
2026-09-11 10:32:59,196 INFO o.a.j.t.JMeterThread: Thread is done: 多用户下单 2-226
2026-09-11 10:32:59,196 INFO o.a.j.t.JMeterThread: Thread is done: 多用户下单 2-232
2026-09-11 10:32:59,196 INFO o.a.j.t.JMeterThread: Thread finished: 多用户下单 2-226
2026-09-11 10:32:59,196 INFO o.a.j.t.JMeterThread: Thread finished: 多用户下单 2-232
2026-09-11 10:32:59,196 INFO o.a.j.t.JMeterThread: Thread started: 多用户下单 2-550
2026-09-11 10:32:59,197 INFO o.a.j.t.JMeterThread: Thread started: 多用户下单 2-551
2026-09-11 10:32:59,197 INFO o.a.j.t.JMeterThread: Thread started: 多用户下单 2-552
2026-09-11 10:32:59,197 INFO o.a.j.t.JMeterThread: Thread is done: 多用户下单 2-228
2026-09-11 10:32:59,197 INFO o.a.j.t.JMeterThread: Thread started: 多用户下单 2-553
2026-09-11 10:32:59,198 INFO o.a.j.t.JMeterThread: Thread finished: 多用户下单 2-228
2026-09-11 10:32:59,198 INFO o.a.j.t.JMeterThread: Thread started: 多用户下单 2-554
2026-09-11 10:32:59,198 INFO o.a.j.t.JMeterThread: Thread started: 多用户下单 2-555
2026-09-11 10:32:59,198 INFO o.a.j.t.JMeterThread: Thread is done: 多用户下单 2-234
2026-09-11 10:32:59,198 INFO o.a.j.t.JMeterThread: Thread finished: 多用户下单 2-234
2026-09-11 10:32:59,198 INFO o.a.j.t.JMeterThread: Thread is done: 多用户下单 2-235
2026-09-11 10:32:59,198 INFO o.a.j.t.JMeterThread: Thread started: 多用户下单 2-556
2026-09-11 10:32:59,198 INFO o.a.j.t.JMeterThread: Thread finished: 多用户下单 2-235
2026-09-11 10:32:59,199 INFO o.a.j.t.JMeterThread: Thread is done: 多用户下单 2-233
2026-09-11 10:32:59,199 INFO o.a.j.t.JMeterThread: Thread finished: 多用户下单 2-233
2026-09-11 10:32:59,199 INFO o.a.j.t.JMeterThread: Thread started: 多用户下单 2-557
2026-09-11 10:32:59,200 INFO o.a.j.t.JMeterThread: Thread started: 多用户下单 2-558
2026-09-11 10:32:59,200 INFO o.a.j.t.JMeterThread: Thread started: 多用户下单 2-559
2026-09-11 10:32:59,200 INFO o.a.j.t.JMeterThread: Thread started: 多用户下单 2-560
2026-09-11 10:32:59,200 INFO o.a.j.t.JMeterThread: Thread started: 多用户下单 2-561
2026-09-11 10:32:59,200 INFO o.a.j.t.JMeterThread: Thread started: 多用户下单 2-562
2026-09-11 10:32:59,201 INFO o.a.j.t.JMeterThread: Thread started: 多用户下单 2-563
2026-09-11 10:32:59,201 INFO o.a.j.t.JMeterThread: Thread started: 多用户下单 2-564
2026-09-11 10:32:59,202 INFO o.a.j.t.JMeterThread: Thread started: 多用户下单 2-565
2026-09-11 10:32:59,202 INFO o.a.j.t.JMeterThread: Thread is done: 多用户下单 2-238
2026-09-11 10:32:59,202 INFO o.a.j.t.JMeterThread: Thread started: 多用户下单 2-566
2026-09-11 10:32:59,202 INFO o.a.j.t.JMeterThread: Thread finished: 多用户下单 2-238
2026-09-11 10:32:59,202 INFO o.a.j.t.JMeterThread: Thread started: 多用户下单 2-567
2026-09-11 10:32:59,202 INFO o.a.j.t.JMeterThread: Thread started: 多用户下单 2-568
2026-09-11 10:32:59,203 INFO o.a.j.t.JMeterThread: Thread is done: 多用户下单 2-239
2026-09-11 10:32:59,203 INFO o.a.j.t.JMeterThread: Thread is done: 多用户下单 2-237
2026-09-11 10:32:59,203 INFO o.a.j.t.JMeterThread: Thread started: 多用户下单 2-569
2026-09-11 10:32:59,203 INFO o.a.j.t.JMeterThread: Thread finished: 多用户下单 2-239
2026-09-11 10:32:59,203 INFO o.a.j.t.JMeterThread: Thread finished: 多用户下单 2-237
2026-09-11 10:32:59,204 INFO o.a.j.t.JMeterThread: Thread started: 多用户下单 2-570
2026-09-11 10:32:59,204 INFO o.a.j.t.JMeterThread: Thread is done: 多用户下单 2-236
2026-09-11 10:32:59,204 INFO o.a.j.t.JMeterThread: Thread finished: 多用户下单 2-236
2026-09-11 10:32:59,204 INFO o.a.j.t.JMeterThread: Thread started: 多用户下单 2-571
2026-09-11 10:32:59,205 INFO o.a.j.t.JMeterThread: Thread started: 多用户下单 2-572
2026-09-11 10:32:59,205 INFO o.a.j.t.JMeterThread: Thread started: 多用户下单 2-573
2026-09-11 10:32:59,205 INFO o.a.j.t.JMeterThread: Thread started: 多用户下单 2-574
2026-09-11 10:32:59,206 INFO o.a.j.t.JMeterThread: Thread started: 多用户下单 2-575
2026-09-11 10:32:59,206 INFO o.a.j.t.JMeterThread: Thread is done: 多用户下单 2-244
2026-09-11 10:32:59,206 INFO o.a.j.t.JMeterThread: Thread finished: 多用户下单 2-244
2026-09-11 10:32:59,206 INFO o.a.j.t.JMeterThread: Thread is done: 多用户下单 2-249
2026-09-11 10:32:59,206 INFO o.a.j.t.JMeterThread: Thread finished: 多用户下单 2-249
2026-09-11 10:32:59,206 INFO o.a.j.t.JMeterThread: Thread started: 多用户下单 2-576
2026-09-11 10:32:59,206 INFO o.a.j.t.JMeterThread: Thread is done: 多用户下单 2-243
2026-09-11 10:32:59,206 INFO o.a.j.t.JMeterThread: Thread finished: 多用户下单 2-243
2026-09-11 10:32:59,206 INFO o.a.j.t.JMeterThread: Thread started: 多用户下单 2-577
2026-09-11 10:32:59,206 INFO o.a.j.t.JMeterThread: Thread is done: 多用户下单 2-241
2026-09-11 10:32:59,206 INFO o.a.j.t.JMeterThread: Thread finished: 多用户下单 2-241
2026-09-11 10:32:59,207 INFO o.a.j.t.JMeterThread: Thread started: 多用户下单 2-578
2026-09-11 10:32:59,207 INFO o.a.j.t.JMeterThread: Thread is done: 多用户下单 2-240
2026-09-11 10:32:59,207 INFO o.a.j.t.JMeterThread: Thread finished: 多用户下单 2-240
2026-09-11 10:32:59,208 INFO o.a.j.t.JMeterThread: Thread started: 多用户下单 2-579
2026-09-11 10:32:59,208 INFO o.a.j.t.JMeterThread: Thread started: 多用户下单 2-580
2026-09-11 10:32:59,208 INFO o.a.j.t.JMeterThread: Thread started: 多用户下单 2-581
2026-09-11 10:32:59,209 INFO o.a.j.t.JMeterThread: Thread started: 多用户下单 2-582
2026-09-11 10:32:59,209 INFO o.a.j.t.JMeterThread: Thread is done: 多用户下单 2-247
2026-09-11 10:32:59,209 INFO o.a.j.t.JMeterThread: Thread finished: 多用户下单 2-247
2026-09-11 10:32:59,209 INFO o.a.j.t.JMeterThread: Thread started: 多用户下单 2-583
2026-09-11 10:32:59,209 INFO o.a.j.t.JMeterThread: Thread started: 多用户下单 2-584
2026-09-11 10:32:59,209 INFO o.a.j.t.JMeterThread: Thread is done: 多用户下单 2-246
2026-09-11 10:32:59,209 INFO o.a.j.t.JMeterThread: Thread finished: 多用户下单 2-246
2026-09-11 10:32:59,209 INFO o.a.j.t.JMeterThread: Thread started: 多用户下单 2-585
2026-09-11 10:32:59,210 INFO o.a.j.t.JMeterThread: Thread started: 多用户下单 2-586
2026-09-11 10:32:59,210 INFO o.a.j.t.JMeterThread: Thread is done: 多用户下单 2-248
2026-09-11 10:32:59,210 INFO o.a.j.t.JMeterThread: Thread finished: 多用户下单 2-248
2026-09-11 10:32:59,211 INFO o.a.j.t.JMeterThread: Thread started: 多用户下单 2-587
2026-09-11 10:32:59,211 INFO o.a.j.t.JMeterThread: Thread started: 多用户下单 2-588
2026-09-11 10:32:59,211 INFO o.a.j.t.JMeterThread: Thread started: 多用户下单 2-589
2026-09-11 10:32:59,211 INFO o.a.j.t.JMeterThread: Thread is done: 多用户下单 2-242
2026-09-11 10:32:59,211 INFO o.a.j.t.JMeterThread: Thread is done: 多用户下单 2-245
2026-09-11 10:32:59,211 INFO o.a.j.t.JMeterThread: Thread finished: 多用户下单 2-242
2026-09-11 10:32:59,211 INFO o.a.j.t.JMeterThread: Thread finished: 多用户下单 2-245
2026-09-11 10:32:59,212 INFO o.a.j.t.JMeterThread: Thread started: 多用户下单 2-590
2026-09-11 10:32:59,212 INFO o.a.j.t.JMeterThread: Thread started: 多用户下单 2-591
2026-09-11 10:32:59,213 INFO o.a.j.t.JMeterThread: Thread started: 多用户下单 2-592
2026-09-11 10:32:59,213 INFO o.a.j.t.JMeterThread: Thread is done: 多用户下单 2-252
2026-09-11 10:32:59,213 INFO o.a.j.t.JMeterThread: Thread finished: 多用户下单 2-252
2026-09-11 10:32:59,213 INFO o.a.j.t.JMeterThread: Thread started: 多用户下单 2-593
2026-09-11 10:32:59,213 INFO o.a.j.t.JMeterThread: Thread started: 多用户下单 2-594
2026-09-11 10:32:59,213 INFO o.a.j.t.JMeterThread: Thread is done: 多用户下单 2-251
2026-09-11 10:32:59,213 INFO o.a.j.t.JMeterThread: Thread finished: 多用户下单 2-251
2026-09-11 10:32:59,214 INFO o.a.j.t.JMeterThread: Thread started: 多用户下单 2-595
2026-09-11 10:32:59,214 INFO o.a.j.t.JMeterThread: Thread is done: 多用户下单 2-253
2026-09-11 10:32:59,214 INFO o.a.j.t.JMeterThread: Thread finished: 多用户下单 2-253
2026-09-11 10:32:59,214 INFO o.a.j.t.JMeterThread: Thread is done: 多用户下单 2-250
2026-09-11 10:32:59,214 INFO o.a.j.t.JMeterThread: Thread started: 多用户下单 2-596
2026-09-11 10:32:59,214 INFO o.a.j.t.JMeterThread: Thread finished: 多用户下单 2-250
2026-09-11 10:32:59,214 INFO o.a.j.t.JMeterThread: Thread is done: 多用户下单 2-591
2026-09-11 10:32:59,214 INFO o.a.j.t.JMeterThread: Thread is done: 多用户下单 2-257
2026-09-11 10:32:59,214 INFO o.a.j.t.JMeterThread: Thread finished: 多用户下单 2-591
2026-09-11 10:32:59,214 INFO o.a.j.t.JMeterThread: Thread finished: 多用户下单 2-257
2026-09-11 10:32:59,214 INFO o.a.j.t.JMeterThread: Thread is done: 多用户下单 2-255
2026-09-11 10:32:59,214 INFO o.a.j.t.JMeterThread: Thread finished: 多用户下单 2-255
2026-09-11 10:32:59,214 INFO o.a.j.t.JMeterThread: Thread is done: 多用户下单 2-590
2026-09-11 10:32:59,214 INFO o.a.j.t.JMeterThread: Thread started: 多用户下单 2-597
2026-09-11 10:32:59,214 INFO o.a.j.t.JMeterThread: Thread finished: 多用户下单 2-590
2026-09-11 10:32:59,215 INFO o.a.j.t.JMeterThread: Thread is done: 多用户下单 2-592
2026-09-11 10:32:59,215 INFO o.a.j.t.JMeterThread: Thread finished: 多用户下单 2-592
2026-09-11 10:32:59,215 INFO o.a.j.t.JMeterThread: Thread started: 多用户下单 2-598
2026-09-11 10:32:59,215 INFO o.a.j.t.JMeterThread: Thread is done: 多用户下单 2-593
2026-09-11 10:32:59,216 INFO o.a.j.t.JMeterThread: Thread finished: 多用户下单 2-593
2026-09-11 10:32:59,216 INFO o.a.j.t.JMeterThread: Thread started: 多用户下单 2-599
2026-09-11 10:32:59,217 INFO o.a.j.t.JMeterThread: Thread is done: 多用户下单 2-595
2026-09-11 10:32:59,217 INFO o.a.j.t.JMeterThread: Thread is done: 多用户下单 2-594
2026-09-11 10:32:59,217 INFO o.a.j.t.JMeterThread: Thread finished: 多用户下单 2-595
2026-09-11 10:32:59,217 INFO o.a.j.t.JMeterThread: Thread finished: 多用户下单 2-594
2026-09-11 10:32:59,217 INFO o.a.j.t.JMeterThread: Thread is done: 多用户下单 2-596
2026-09-11 10:32:59,217 INFO o.a.j.t.JMeterThread: Thread started: 多用户下单 2-600
2026-09-11 10:32:59,217 INFO o.a.j.t.JMeterThread: Thread finished: 多用户下单 2-596
2026-09-11 10:32:59,217 INFO o.a.j.t.JMeterThread: Thread is done: 多用户下单 2-254
2026-09-11 10:32:59,217 INFO o.a.j.t.JMeterThread: Thread finished: 多用户下单 2-254
2026-09-11 10:32:59,217 INFO o.a.j.t.JMeterThread: Thread is done: 多用户下单 2-597
2026-09-11 10:32:59,217 INFO o.a.j.t.JMeterThread: Thread is done: 多用户下单 2-598
2026-09-11 10:32:59,217 INFO o.a.j.t.JMeterThread: Thread finished: 多用户下单 2-597
2026-09-11 10:32:59,217 INFO o.a.j.t.JMeterThread: Thread finished: 多用户下单 2-598
2026-09-11 10:32:59,217 INFO o.a.j.t.JMeterThread: Thread is done: 多用户下单 2-259
2026-09-11 10:32:59,217 INFO o.a.j.t.JMeterThread: Thread finished: 多用户下单 2-259
2026-09-11 10:32:59,218 INFO o.a.j.t.JMeterThread: Thread started: 多用户下单 2-601
2026-09-11 10:32:59,218 INFO o.a.j.t.JMeterThread: Thread is done: 多用户下单 2-256
2026-09-11 10:32:59,218 INFO o.a.j.t.JMeterThread: Thread finished: 多用户下单 2-256
2026-09-11 10:32:59,218 INFO o.a.j.t.JMeterThread: Thread started: 多用户下单 2-602
2026-09-11 10:32:59,218 INFO o.a.j.t.JMeterThread: Thread is done: 多用户下单 2-599
2026-09-11 10:32:59,218 INFO o.a.j.t.JMeterThread: Thread finished: 多用户下单 2-599
2026-09-11 10:32:59,218 INFO o.a.j.t.JMeterThread: Thread is done: 多用户下单 2-600
2026-09-11 10:32:59,218 INFO o.a.j.t.JMeterThread: Thread started: 多用户下单 2-603
2026-09-11 10:32:59,218 INFO o.a.j.t.JMeterThread: Thread finished: 多用户下单 2-600
2026-09-11 10:32:59,218 INFO o.a.j.t.JMeterThread: Thread started: 多用户下单 2-604
2026-09-11 10:32:59,219 INFO o.a.j.t.JMeterThread: Thread started: 多用户下单 2-605
2026-09-11 10:32:59,220 INFO o.a.j.t.JMeterThread: Thread started: 多用户下单 2-606
2026-09-11 10:32:59,220 INFO o.a.j.t.JMeterThread: Thread is done: 多用户下单 2-265
2026-09-11 10:32:59,220 INFO o.a.j.t.JMeterThread: Thread finished: 多用户下单 2-265
2026-09-11 10:32:59,220 INFO o.a.j.t.JMeterThread: Thread is done: 多用户下单 2-602
2026-09-11 10:32:59,220 INFO o.a.j.t.JMeterThread: Thread finished: 多用户下单 2-602
2026-09-11 10:32:59,220 INFO o.a.j.t.JMeterThread: Thread started: 多用户下单 2-607
2026-09-11 10:32:59,220 INFO o.a.j.t.JMeterThread: Thread is done: 多用户下单 2-601
2026-09-11 10:32:59,220 INFO o.a.j.t.JMeterThread: Thread finished: 多用户下单 2-601
2026-09-11 10:32:59,220 INFO o.a.j.t.JMeterThread: Thread started: 多用户下单 2-608
2026-09-11 10:32:59,221 INFO o.a.j.t.JMeterThread: Thread started: 多用户下单 2-609
2026-09-11 10:32:59,221 INFO o.a.j.t.JMeterThread: Thread started: 多用户下单 2-610
2026-09-11 10:32:59,222 INFO o.a.j.t.JMeterThread: Thread is done: 多用户下单 2-603
2026-09-11 10:32:59,222 INFO o.a.j.t.JMeterThread: Thread finished: 多用户下单 2-603
2026-09-11 10:32:59,222 INFO o.a.j.t.JMeterThread: Thread is done: 多用户下单 2-604
2026-09-11 10:32:59,222 INFO o.a.j.t.JMeterThread: Thread finished: 多用户下单 2-604
2026-09-11 10:32:59,222 INFO o.a.j.t.JMeterThread: Thread started: 多用户下单 2-611
2026-09-11 10:32:59,222 INFO o.a.j.t.JMeterThread: Thread is done: 多用户下单 2-263
2026-09-11 10:32:59,222 INFO o.a.j.t.JMeterThread: Thread is done: 多用户下单 2-606
2026-09-11 10:32:59,222 INFO o.a.j.t.JMeterThread: Thread finished: 多用户下单 2-606
2026-09-11 10:32:59,222 INFO o.a.j.t.JMeterThread: Thread finished: 多用户下单 2-263
2026-09-11 10:32:59,222 INFO o.a.j.t.JMeterThread: Thread is done: 多用户下单 2-605
2026-09-11 10:32:59,222 INFO o.a.j.t.JMeterThread: Thread started: 多用户下单 2-612
2026-09-11 10:32:59,222 INFO o.a.j.t.JMeterThread: Thread is done: 多用户下单 2-607
2026-09-11 10:32:59,222 INFO o.a.j.t.JMeterThread: Thread finished: 多用户下单 2-605
2026-09-11 10:32:59,222 INFO o.a.j.t.JMeterThread: Thread finished: 多用户下单 2-607
2026-09-11 10:32:59,223 INFO o.a.j.t.JMeterThread: Thread started: 多用户下单 2-613
2026-09-11 10:32:59,223 INFO o.a.j.t.JMeterThread: Thread is done: 多用户下单 2-608
2026-09-11 10:32:59,223 INFO o.a.j.t.JMeterThread: Thread finished: 多用户下单 2-608
2026-09-11 10:32:59,224 INFO o.a.j.t.JMeterThread: Thread started: 多用户下单 2-614
2026-09-11 10:32:59,224 INFO o.a.j.t.JMeterThread: Thread is done: 多用户下单 2-609
2026-09-11 10:32:59,224 INFO o.a.j.t.JMeterThread: Thread finished: 多用户下单 2-609
2026-09-11 10:32:59,224 INFO o.a.j.t.JMeterThread: Thread is done: 多用户下单 2-262
2026-09-11 10:32:59,224 INFO o.a.j.t.JMeterThread: Thread is done: 多用户下单 2-610
2026-09-11 10:32:59,224 INFO o.a.j.t.JMeterThread: Thread is done: 多用户下单 2-260
2026-09-11 10:32:59,224 INFO o.a.j.t.JMeterThread: Thread finished: 多用户下单 2-262
2026-09-11 10:32:59,224 INFO o.a.j.t.JMeterThread: Thread finished: 多用户下单 2-610
2026-09-11 10:32:59,224 INFO o.a.j.t.JMeterThread: Thread finished: 多用户下单 2-260
2026-09-11 10:32:59,224 INFO o.a.j.t.JMeterThread: Thread is done: 多用户下单 2-264
2026-09-11 10:32:59,224 INFO o.a.j.t.JMeterThread: Thread is done: 多用户下单 2-611
2026-09-11 10:32:59,224 INFO o.a.j.t.JMeterThread: Thread finished: 多用户下单 2-264
2026-09-11 10:32:59,224 INFO o.a.j.t.JMeterThread: Thread started: 多用户下单 2-615
2026-09-11 10:32:59,224 INFO o.a.j.t.JMeterThread: Thread finished: 多用户下单 2-611
2026-09-11 10:32:59,225 INFO o.a.j.t.JMeterThread: Thread started: 多用户下单 2-616
2026-09-11 10:32:59,225 INFO o.a.j.t.JMeterThread: Thread is done: 多用户下单 2-258
2026-09-11 10:32:59,225 INFO o.a.j.t.JMeterThread: Thread is done: 多用户下单 2-612
2026-09-11 10:32:59,225 INFO o.a.j.t.JMeterThread: Thread finished: 多用户下单 2-258
2026-09-11 10:32:59,225 INFO o.a.j.t.JMeterThread: Thread finished: 多用户下单 2-612
2026-09-11 10:32:59,225 INFO o.a.j.t.JMeterThread: Thread is done: 多用户下单 2-268
2026-09-11 10:32:59,225 INFO o.a.j.t.JMeterThread: Thread finished: 多用户下单 2-268
2026-09-11 10:32:59,225 INFO o.a.j.t.JMeterThread: Thread started: 多用户下单 2-617
2026-09-11 10:32:59,225 INFO o.a.j.t.JMeterThread: Thread is done: 多用户下单 2-613
2026-09-11 10:32:59,225 INFO o.a.j.t.JMeterThread: Thread finished: 多用户下单 2-613
2026-09-11 10:32:59,226 INFO o.a.j.t.JMeterThread: Thread started: 多用户下单 2-618
2026-09-11 10:32:59,226 INFO o.a.j.t.JMeterThread: Thread is done: 多用户下单 2-614
2026-09-11 10:32:59,226 INFO o.a.j.t.JMeterThread: Thread finished: 多用户下单 2-614
2026-09-11 10:32:59,226 INFO o.a.j.t.JMeterThread: Thread is done: 多用户下单 2-615
2026-09-11 10:32:59,226 INFO o.a.j.t.JMeterThread: Thread finished: 多用户下单 2-615
2026-09-11 10:32:59,226 INFO o.a.j.t.JMeterThread: Thread started: 多用户下单 2-619
2026-09-11 10:32:59,226 INFO o.a.j.t.JMeterThread: Thread is done: 多用户下单 2-266
2026-09-11 10:32:59,226 INFO o.a.j.t.JMeterThread: Thread finished: 多用户下单 2-266
2026-09-11 10:32:59,226 INFO o.a.j.t.JMeterThread: Thread is done: 多用户下单 2-267
2026-09-11 10:32:59,226 INFO o.a.j.t.JMeterThread: Thread finished: 多用户下单 2-267
2026-09-11 10:32:59,226 INFO o.a.j.t.JMeterThread: Thread started: 多用户下单 2-620
2026-09-11 10:32:59,227 INFO o.a.j.t.JMeterThread: Thread is done: 多用户下单 2-269
2026-09-11 10:32:59,227 INFO o.a.j.t.JMeterThread: Thread finished: 多用户下单 2-269
2026-09-11 10:32:59,227 INFO o.a.j.t.JMeterThread: Thread is done: 多用户下单 2-616
2026-09-11 10:32:59,227 INFO o.a.j.t.JMeterThread: Thread finished: 多用户下单 2-616
2026-09-11 10:32:59,227 INFO o.a.j.t.JMeterThread: Thread started: 多用户下单 2-621
2026-09-11 10:32:59,228 INFO o.a.j.t.JMeterThread: Thread is done: 多用户下单 2-271
2026-09-11 10:32:59,228 INFO o.a.j.t.JMeterThread: Thread finished: 多用户下单 2-271
2026-09-11 10:32:59,228 INFO o.a.j.t.JMeterThread: Thread is done: 多用户下单 2-270
2026-09-11 10:32:59,228 INFO o.a.j.t.JMeterThread: Thread started: 多用户下单 2-622
2026-09-11 10:32:59,228 INFO o.a.j.t.JMeterThread: Thread is done: 多用户下单 2-618
2026-09-11 10:32:59,228 INFO o.a.j.t.JMeterThread: Thread is done: 多用户下单 2-261
2026-09-11 10:32:59,228 INFO o.a.j.t.JMeterThread: Thread finished: 多用户下单 2-618
2026-09-11 10:32:59,228 INFO o.a.j.t.JMeterThread: Thread finished: 多用户下单 2-270
2026-09-11 10:32:59,229 INFO o.a.j.t.JMeterThread: Thread finished: 多用户下单 2-261
2026-09-11 10:32:59,228 INFO o.a.j.t.JMeterThread: Thread is done: 多用户下单 2-617
2026-09-11 10:32:59,229 INFO o.a.j.t.JMeterThread: Thread started: 多用户下单 2-623
2026-09-11 10:32:59,229 INFO o.a.j.t.JMeterThread: Thread finished: 多用户下单 2-617
2026-09-11 10:32:59,229 INFO o.a.j.t.JMeterThread: Thread is done: 多用户下单 2-619
2026-09-11 10:32:59,229 INFO o.a.j.t.JMeterThread: Thread finished: 多用户下单 2-619
2026-09-11 10:32:59,229 INFO o.a.j.t.JMeterThread: Thread started: 多用户下单 2-624
2026-09-11 10:32:59,229 INFO o.a.j.t.JMeterThread: Thread is done: 多用户下单 2-620
2026-09-11 10:32:59,229 INFO o.a.j.t.JMeterThread: Thread finished: 多用户下单 2-620
2026-09-11 10:32:59,230 INFO o.a.j.t.JMeterThread: Thread started: 多用户下单 2-625
2026-09-11 10:32:59,230 INFO o.a.j.t.JMeterThread: Thread is done: 多用户下单 2-621
2026-09-11 10:32:59,230 INFO o.a.j.t.JMeterThread: Thread finished: 多用户下单 2-621
2026-09-11 10:32:59,230 INFO o.a.j.t.JMeterThread: Thread is done: 多用户下单 2-273
2026-09-11 10:32:59,230 INFO o.a.j.t.JMeterThread: Thread finished: 多用户下单 2-273
2026-09-11 10:32:59,230 INFO o.a.j.t.JMeterThread: Thread started: 多用户下单 2-626
2026-09-11 10:32:59,230 INFO o.a.j.t.JMeterThread: Thread started: 多用户下单 2-627
2026-09-11 10:32:59,230 INFO o.a.j.t.JMeterThread: Thread is done: 多用户下单 2-275
2026-09-11 10:32:59,231 INFO o.a.j.t.JMeterThread: Thread is done: 多用户下单 2-622
2026-09-11 10:32:59,231 INFO o.a.j.t.JMeterThread: Thread is done: 多用户下单 2-272
2026-09-11 10:32:59,231 INFO o.a.j.t.JMeterThread: Thread finished: 多用户下单 2-622
2026-09-11 10:32:59,231 INFO o.a.j.t.JMeterThread: Thread finished: 多用户下单 2-275
2026-09-11 10:32:59,231 INFO o.a.j.t.JMeterThread: Thread finished: 多用户下单 2-272
2026-09-11 10:32:59,231 INFO o.a.j.t.JMeterThread: Thread is done: 多用户下单 2-623
2026-09-11 10:32:59,231 INFO o.a.j.t.JMeterThread: Thread finished: 多用户下单 2-623
2026-09-11 10:32:59,231 INFO o.a.j.t.JMeterThread: Thread is done: 多用户下单 2-274
2026-09-11 10:32:59,231 INFO o.a.j.t.JMeterThread: Thread finished: 多用户下单 2-274
2026-09-11 10:32:59,231 INFO o.a.j.t.JMeterThread: Thread started: 多用户下单 2-628
2026-09-11 10:32:59,232 INFO o.a.j.t.JMeterThread: Thread started: 多用户下单 2-629
2026-09-11 10:32:59,232 INFO o.a.j.t.JMeterThread: Thread is done: 多用户下单 2-624
2026-09-11 10:32:59,232 INFO o.a.j.t.JMeterThread: Thread finished: 多用户下单 2-624
2026-09-11 10:32:59,233 INFO o.a.j.t.JMeterThread: Thread started: 多用户下单 2-630
2026-09-11 10:32:59,233 INFO o.a.j.t.JMeterThread: Thread is done: 多用户下单 2-625
2026-09-11 10:32:59,233 INFO o.a.j.t.JMeterThread: Thread finished: 多用户下单 2-625
2026-09-11 10:32:59,233 INFO o.a.j.t.JMeterThread: Thread started: 多用户下单 2-631
2026-09-11 10:32:59,233 INFO o.a.j.t.JMeterThread: Thread is done: 多用户下单 2-626
2026-09-11 10:32:59,233 INFO o.a.j.t.JMeterThread: Thread is done: 多用户下单 2-277
2026-09-11 10:32:59,233 INFO o.a.j.t.JMeterThread: Thread is done: 多用户下单 2-627
2026-09-11 10:32:59,233 INFO o.a.j.t.JMeterThread: Thread finished: 多用户下单 2-626
2026-09-11 10:32:59,233 INFO o.a.j.t.JMeterThread: Thread finished: 多用户下单 2-277
2026-09-11 10:32:59,233 INFO o.a.j.t.JMeterThread: Thread finished: 多用户下单 2-627
2026-09-11 10:32:59,233 INFO o.a.j.t.JMeterThread: Thread started: 多用户下单 2-632
2026-09-11 10:32:59,233 INFO o.a.j.t.JMeterThread: Thread is done: 多用户下单 2-628
2026-09-11 10:32:59,233 INFO o.a.j.t.JMeterThread: Thread finished: 多用户下单 2-628
2026-09-11 10:32:59,233 INFO o.a.j.t.JMeterThread: Thread started: 多用户下单 2-633
2026-09-11 10:32:59,234 INFO o.a.j.t.JMeterThread: Thread is done: 多用户下单 2-629
2026-09-11 10:32:59,234 INFO o.a.j.t.JMeterThread: Thread finished: 多用户下单 2-629
2026-09-11 10:32:59,234 INFO o.a.j.t.JMeterThread: Thread started: 多用户下单 2-634
2026-09-11 10:32:59,235 INFO o.a.j.t.JMeterThread: Thread started: 多用户下单 2-635
2026-09-11 10:32:59,235 INFO o.a.j.t.JMeterThread: Thread is done: 多用户下单 2-630
2026-09-11 10:32:59,235 INFO o.a.j.t.JMeterThread: Thread finished: 多用户下单 2-630
2026-09-11 10:32:59,235 INFO o.a.j.t.JMeterThread: Thread is done: 多用户下单 2-276
2026-09-11 10:32:59,235 INFO o.a.j.t.JMeterThread: Thread is done: 多用户下单 2-279
2026-09-11 10:32:59,235 INFO o.a.j.t.JMeterThread: Thread finished: 多用户下单 2-276
2026-09-11 10:32:59,235 INFO o.a.j.t.JMeterThread: Thread finished: 多用户下单 2-279
2026-09-11 10:32:59,235 INFO o.a.j.t.JMeterThread: Thread started: 多用户下单 2-636
2026-09-11 10:32:59,236 INFO o.a.j.t.JMeterThread: Thread is done: 多用户下单 2-632
2026-09-11 10:32:59,236 INFO o.a.j.t.JMeterThread: Thread finished: 多用户下单 2-632
2026-09-11 10:32:59,236 INFO o.a.j.t.JMeterThread: Thread is done: 多用户下单 2-631
2026-09-11 10:32:59,236 INFO o.a.j.t.JMeterThread: Thread finished: 多用户下单 2-631
2026-09-11 10:32:59,236 INFO o.a.j.t.JMeterThread: Thread is done: 多用户下单 2-633
2026-09-11 10:32:59,236 INFO o.a.j.t.JMeterThread: Thread finished: 多用户下单 2-633
2026-09-11 10:32:59,236 INFO o.a.j.t.JMeterThread: Thread started: 多用户下单 2-637
2026-09-11 10:32:59,236 INFO o.a.j.t.JMeterThread: Thread started: 多用户下单 2-638
2026-09-11 10:32:59,236 INFO o.a.j.t.JMeterThread: Thread is done: 多用户下单 2-634
2026-09-11 10:32:59,237 INFO o.a.j.t.JMeterThread: Thread finished: 多用户下单 2-634
2026-09-11 10:32:59,237 INFO o.a.j.t.JMeterThread: Thread started: 多用户下单 2-639
2026-09-11 10:32:59,237 INFO o.a.j.t.JMeterThread: Thread is done: 多用户下单 2-635
2026-09-11 10:32:59,237 INFO o.a.j.t.JMeterThread: Thread finished: 多用户下单 2-635
2026-09-11 10:32:59,237 INFO o.a.j.t.JMeterThread: Thread started: 多用户下单 2-640
2026-09-11 10:32:59,238 INFO o.a.j.t.JMeterThread: Thread started: 多用户下单 2-641
2026-09-11 10:32:59,238 INFO o.a.j.t.JMeterThread: Thread is done: 多用户下单 2-283
2026-09-11 10:32:59,238 INFO o.a.j.t.JMeterThread: Thread finished: 多用户下单 2-283
2026-09-11 10:32:59,238 INFO o.a.j.t.JMeterThread: Thread is done: 多用户下单 2-281
2026-09-11 10:32:59,238 INFO o.a.j.t.JMeterThread: Thread is done: 多用户下单 2-278
2026-09-11 10:32:59,238 INFO o.a.j.t.JMeterThread: Thread finished: 多用户下单 2-281
2026-09-11 10:32:59,238 INFO o.a.j.t.JMeterThread: Thread finished: 多用户下单 2-278
2026-09-11 10:32:59,238 INFO o.a.j.t.JMeterThread: Thread started: 多用户下单 2-642
2026-09-11 10:32:59,239 INFO o.a.j.t.JMeterThread: Thread is done: 多用户下单 2-282
2026-09-11 10:32:59,239 INFO o.a.j.t.JMeterThread: Thread is done: 多用户下单 2-636
2026-09-11 10:32:59,239 INFO o.a.j.t.JMeterThread: Thread finished: 多用户下单 2-282
2026-09-11 10:32:59,239 INFO o.a.j.t.JMeterThread: Thread finished: 多用户下单 2-636
2026-09-11 10:32:59,239 INFO o.a.j.t.JMeterThread: Thread started: 多用户下单 2-643
2026-09-11 10:32:59,239 INFO o.a.j.t.JMeterThread: Thread is done: 多用户下单 2-284
2026-09-11 10:32:59,239 INFO o.a.j.t.JMeterThread: Thread is done: 多用户下单 2-637
2026-09-11 10:32:59,239 INFO o.a.j.t.JMeterThread: Thread is done: 多用户下单 2-638
2026-09-11 10:32:59,239 INFO o.a.j.t.JMeterThread: Thread finished: 多用户下单 2-638
2026-09-11 10:32:59,239 INFO o.a.j.t.JMeterThread: Thread finished: 多用户下单 2-284
2026-09-11 10:32:59,239 INFO o.a.j.t.JMeterThread: Thread finished: 多用户下单 2-637
2026-09-11 10:32:59,239 INFO o.a.j.t.JMeterThread: Thread is done: 多用户下单 2-286
2026-09-11 10:32:59,239 INFO o.a.j.t.JMeterThread: Thread started: 多用户下单 2-644
2026-09-11 10:32:59,240 INFO o.a.j.t.JMeterThread: Thread finished: 多用户下单 2-286
2026-09-11 10:32:59,240 INFO o.a.j.t.JMeterThread: Thread is done: 多用户下单 2-640
2026-09-11 10:32:59,240 INFO o.a.j.t.JMeterThread: Thread is done: 多用户下单 2-641
2026-09-11 10:32:59,240 INFO o.a.j.t.JMeterThread: Thread finished: 多用户下单 2-640
2026-09-11 10:32:59,240 INFO o.a.j.t.JMeterThread: Thread finished: 多用户下单 2-641
2026-09-11 10:32:59,240 INFO o.a.j.t.JMeterThread: Thread is done: 多用户下单 2-639
2026-09-11 10:32:59,240 INFO o.a.j.t.JMeterThread: Thread finished: 多用户下单 2-639
2026-09-11 10:32:59,240 INFO o.a.j.t.JMeterThread: Thread started: 多用户下单 2-645
2026-09-11 10:32:59,240 INFO o.a.j.t.JMeterThread: Thread is done: 多用户下单 2-280
2026-09-11 10:32:59,241 INFO o.a.j.t.JMeterThread: Thread finished: 多用户下单 2-280
2026-09-11 10:32:59,241 INFO o.a.j.t.JMeterThread: Thread started: 多用户下单 2-646
2026-09-11 10:32:59,241 INFO o.a.j.t.JMeterThread: Thread started: 多用户下单 2-647
2026-09-11 10:32:59,241 INFO o.a.j.t.JMeterThread: Thread is done: 多用户下单 2-285
2026-09-11 10:32:59,242 INFO o.a.j.t.JMeterThread: Thread finished: 多用户下单 2-285
2026-09-11 10:32:59,241 INFO o.a.j.t.JMeterThread: Thread started: 多用户下单 2-648
2026-09-11 10:32:59,242 INFO o.a.j.t.JMeterThread: Thread started: 多用户下单 2-649
2026-09-11 10:32:59,243 INFO o.a.j.t.JMeterThread: Thread started: 多用户下单 2-650
2026-09-11 10:32:59,243 INFO o.a.j.t.JMeterThread: Thread is done: 多用户下单 2-288
2026-09-11 10:32:59,243 INFO o.a.j.t.JMeterThread: Thread started: 多用户下单 2-651
2026-09-11 10:32:59,243 INFO o.a.j.t.JMeterThread: Thread finished: 多用户下单 2-288
2026-09-11 10:32:59,243 INFO o.a.j.t.JMeterThread: Thread started: 多用户下单 2-652
2026-09-11 10:32:59,243 INFO o.a.j.t.JMeterThread: Thread is done: 多用户下单 2-287
2026-09-11 10:32:59,243 INFO o.a.j.t.JMeterThread: Thread finished: 多用户下单 2-287
2026-09-11 10:32:59,243 INFO o.a.j.t.JMeterThread: Thread is done: 多用户下单 2-291
2026-09-11 10:32:59,244 INFO o.a.j.t.JMeterThread: Thread finished: 多用户下单 2-291
2026-09-11 10:32:59,244 INFO o.a.j.t.JMeterThread: Thread started: 多用户下单 2-653
2026-09-11 10:32:59,244 INFO o.a.j.t.JMeterThread: Thread is done: 多用户下单 2-289
2026-09-11 10:32:59,244 INFO o.a.j.t.JMeterThread: Thread finished: 多用户下单 2-289
2026-09-11 10:32:59,244 INFO o.a.j.t.JMeterThread: Thread started: 多用户下单 2-654
2026-09-11 10:32:59,244 INFO o.a.j.t.JMeterThread: Thread started: 多用户下单 2-655
2026-09-11 10:32:59,244 INFO o.a.j.t.JMeterThread: Thread started: 多用户下单 2-656
2026-09-11 10:32:59,245 INFO o.a.j.t.JMeterThread: Thread is done: 多用户下单 2-290
2026-09-11 10:32:59,245 INFO o.a.j.t.JMeterThread: Thread finished: 多用户下单 2-290
2026-09-11 10:32:59,245 INFO o.a.j.t.JMeterThread: Thread started: 多用户下单 2-657
2026-09-11 10:32:59,245 INFO o.a.j.t.JMeterThread: Thread started: 多用户下单 2-658
2026-09-11 10:32:59,245 INFO o.a.j.t.JMeterThread: Thread started: 多用户下单 2-659
2026-09-11 10:32:59,246 INFO o.a.j.t.JMeterThread: Thread started: 多用户下单 2-660
2026-09-11 10:32:59,246 INFO o.a.j.t.JMeterThread: Thread started: 多用户下单 2-661
2026-09-11 10:32:59,246 INFO o.a.j.t.JMeterThread: Thread is done: 多用户下单 2-292
2026-09-11 10:32:59,246 INFO o.a.j.t.JMeterThread: Thread started: 多用户下单 2-662
2026-09-11 10:32:59,246 INFO o.a.j.t.JMeterThread: Thread finished: 多用户下单 2-292
2026-09-11 10:32:59,247 INFO o.a.j.t.JMeterThread: Thread started: 多用户下单 2-663
2026-09-11 10:32:59,247 INFO o.a.j.t.JMeterThread: Thread is done: 多用户下单 2-295
2026-09-11 10:32:59,247 INFO o.a.j.t.JMeterThread: Thread finished: 多用户下单 2-295
2026-09-11 10:32:59,247 INFO o.a.j.t.JMeterThread: Thread started: 多用户下单 2-664
2026-09-11 10:32:59,247 INFO o.a.j.t.JMeterThread: Thread is done: 多用户下单 2-294
2026-09-11 10:32:59,247 INFO o.a.j.t.JMeterThread: Thread finished: 多用户下单 2-294
2026-09-11 10:32:59,248 INFO o.a.j.t.JMeterThread: Thread started: 多用户下单 2-665
2026-09-11 10:32:59,248 INFO o.a.j.t.JMeterThread: Thread started: 多用户下单 2-666
2026-09-11 10:32:59,248 INFO o.a.j.t.JMeterThread: Thread started: 多用户下单 2-667
2026-09-11 10:32:59,248 INFO o.a.j.t.JMeterThread: Thread is done: 多用户下单 2-293
2026-09-11 10:32:59,248 INFO o.a.j.t.JMeterThread: Thread is done: 多用户下单 2-299
2026-09-11 10:32:59,248 INFO o.a.j.t.JMeterThread: Thread is done: 多用户下单 2-297
2026-09-11 10:32:59,248 INFO o.a.j.t.JMeterThread: Thread finished: 多用户下单 2-293
2026-09-11 10:32:59,248 INFO o.a.j.t.JMeterThread: Thread finished: 多用户下单 2-297
2026-09-11 10:32:59,248 INFO o.a.j.t.JMeterThread: Thread finished: 多用户下单 2-299
2026-09-11 10:32:59,249 INFO o.a.j.t.JMeterThread: Thread is done: 多用户下单 2-298
2026-09-11 10:32:59,249 INFO o.a.j.t.JMeterThread: Thread finished: 多用户下单 2-298
2026-09-11 10:32:59,249 INFO o.a.j.t.JMeterThread: Thread started: 多用户下单 2-668
2026-09-11 10:32:59,249 INFO o.a.j.t.JMeterThread: Thread started: 多用户下单 2-669
2026-09-11 10:32:59,249 INFO o.a.j.t.JMeterThread: Thread is done: 多用户下单 2-296
2026-09-11 10:32:59,250 INFO o.a.j.t.JMeterThread: Thread finished: 多用户下单 2-296
2026-09-11 10:32:59,250 INFO o.a.j.t.JMeterThread: Thread started: 多用户下单 2-670
2026-09-11 10:32:59,250 INFO o.a.j.t.JMeterThread: Thread started: 多用户下单 2-671
2026-09-11 10:32:59,250 INFO o.a.j.t.JMeterThread: Thread started: 多用户下单 2-672
2026-09-11 10:32:59,250 INFO o.a.j.t.JMeterThread: Thread is done: 多用户下单 2-302
2026-09-11 10:32:59,250 INFO o.a.j.t.JMeterThread: Thread finished: 多用户下单 2-302
2026-09-11 10:32:59,250 INFO o.a.j.t.JMeterThread: Thread is done: 多用户下单 2-301
2026-09-11 10:32:59,250 INFO o.a.j.t.JMeterThread: Thread finished: 多用户下单 2-301
2026-09-11 10:32:59,251 INFO o.a.j.t.JMeterThread: Thread started: 多用户下单 2-673
2026-09-11 10:32:59,251 INFO o.a.j.t.JMeterThread: Thread started: 多用户下单 2-674
2026-09-11 10:32:59,251 INFO o.a.j.t.JMeterThread: Thread is done: 多用户下单 2-300
2026-09-11 10:32:59,251 INFO o.a.j.t.JMeterThread: Thread started: 多用户下单 2-675
2026-09-11 10:32:59,251 INFO o.a.j.t.JMeterThread: Thread finished: 多用户下单 2-300
2026-09-11 10:32:59,251 INFO o.a.j.t.JMeterThread: Thread started: 多用户下单 2-676
2026-09-11 10:32:59,252 INFO o.a.j.t.JMeterThread: Thread started: 多用户下单 2-677
2026-09-11 10:32:59,252 INFO o.a.j.t.JMeterThread: Thread started: 多用户下单 2-678
2026-09-11 10:32:59,253 INFO o.a.j.t.JMeterThread: Thread is done: 多用户下单 2-303
2026-09-11 10:32:59,253 INFO o.a.j.t.JMeterThread: Thread finished: 多用户下单 2-303
2026-09-11 10:32:59,253 INFO o.a.j.t.JMeterThread: Thread started: 多用户下单 2-679
2026-09-11 10:32:59,253 INFO o.a.j.t.JMeterThread: Thread started: 多用户下单 2-680
2026-09-11 10:32:59,253 INFO o.a.j.t.JMeterThread: Thread is done: 多用户下单 2-374
2026-09-11 10:32:59,253 INFO o.a.j.t.JMeterThread: Thread finished: 多用户下单 2-374
2026-09-11 10:32:59,253 INFO o.a.j.t.JMeterThread: Thread started: 多用户下单 2-681
2026-09-11 10:32:59,253 INFO o.a.j.t.JMeterThread: Thread started: 多用户下单 2-682
2026-09-11 10:32:59,253 INFO o.a.j.t.JMeterThread: Thread is done: 多用户下单 2-375
2026-09-11 10:32:59,254 INFO o.a.j.t.JMeterThread: Thread finished: 多用户下单 2-375
2026-09-11 10:32:59,254 INFO o.a.j.t.JMeterThread: Thread is done: 多用户下单 2-376
2026-09-11 10:32:59,254 INFO o.a.j.t.JMeterThread: Thread finished: 多用户下单 2-376
2026-09-11 10:32:59,254 INFO o.a.j.t.JMeterThread: Thread started: 多用户下单 2-683
2026-09-11 10:32:59,254 INFO o.a.j.t.JMeterThread: Thread started: 多用户下单 2-685
2026-09-11 10:32:59,255 INFO o.a.j.t.JMeterThread: Thread started: 多用户下单 2-684
2026-09-11 10:32:59,255 INFO o.a.j.t.JMeterThread: Thread started: 多用户下单 2-686
2026-09-11 10:32:59,255 INFO o.a.j.t.JMeterThread: Thread started: 多用户下单 2-687
2026-09-11 10:32:59,256 INFO o.a.j.t.JMeterThread: Thread started: 多用户下单 2-688
2026-09-11 10:32:59,256 INFO o.a.j.t.JMeterThread: Thread started: 多用户下单 2-689
2026-09-11 10:32:59,256 INFO o.a.j.t.JMeterThread: Thread started: 多用户下单 2-690
2026-09-11 10:32:59,257 INFO o.a.j.t.JMeterThread: Thread started: 多用户下单 2-691
2026-09-11 10:32:59,257 INFO o.a.j.t.JMeterThread: Thread is done: 多用户下单 2-377
2026-09-11 10:32:59,257 INFO o.a.j.t.JMeterThread: Thread finished: 多用户下单 2-377
2026-09-11 10:32:59,257 INFO o.a.j.t.JMeterThread: Thread started: 多用户下单 2-692
2026-09-11 10:32:59,257 INFO o.a.j.t.JMeterThread: Thread started: 多用户下单 2-693
2026-09-11 10:32:59,257 INFO o.a.j.t.JMeterThread: Thread started: 多用户下单 2-694
2026-09-11 10:32:59,258 INFO o.a.j.t.JMeterThread: Thread is done: 多用户下单 2-378
2026-09-11 10:32:59,258 INFO o.a.j.t.JMeterThread: Thread started: 多用户下单 2-695
2026-09-11 10:32:59,258 INFO o.a.j.t.JMeterThread: Thread finished: 多用户下单 2-378
2026-09-11 10:32:59,258 INFO o.a.j.t.JMeterThread: Thread is done: 多用户下单 2-379
2026-09-11 10:32:59,258 INFO o.a.j.t.JMeterThread: Thread finished: 多用户下单 2-379
2026-09-11 10:32:59,258 INFO o.a.j.t.JMeterThread: Thread started: 多用户下单 2-696
2026-09-11 10:32:59,258 INFO o.a.j.t.JMeterThread: Thread started: 多用户下单 2-697
2026-09-11 10:32:59,259 INFO o.a.j.t.JMeterThread: Thread started: 多用户下单 2-698
2026-09-11 10:32:59,259 INFO o.a.j.t.JMeterThread: Thread started: 多用户下单 2-699
2026-09-11 10:32:59,260 INFO o.a.j.t.JMeterThread: Thread started: 多用户下单 2-701
2026-09-11 10:32:59,260 INFO o.a.j.t.JMeterThread: Thread started: 多用户下单 2-700
2026-09-11 10:32:59,260 INFO o.a.j.t.JMeterThread: Thread started: 多用户下单 2-702
2026-09-11 10:32:59,260 INFO o.a.j.t.JMeterThread: Thread started: 多用户下单 2-703
2026-09-11 10:32:59,260 INFO o.a.j.t.JMeterThread: Thread is done: 多用户下单 2-381
2026-09-11 10:32:59,260 INFO o.a.j.t.JMeterThread: Thread is done: 多用户下单 2-380
2026-09-11 10:32:59,260 INFO o.a.j.t.JMeterThread: Thread finished: 多用户下单 2-380
2026-09-11 10:32:59,260 INFO o.a.j.t.JMeterThread: Thread finished: 多用户下单 2-381
2026-09-11 10:32:59,261 INFO o.a.j.t.JMeterThread: Thread started: 多用户下单 2-704
2026-09-11 10:32:59,261 INFO o.a.j.t.JMeterThread: Thread started: 多用户下单 2-705
2026-09-11 10:32:59,261 INFO o.a.j.t.JMeterThread: Thread started: 多用户下单 2-706
2026-09-11 10:32:59,261 INFO o.a.j.t.JMeterThread: Thread is done: 多用户下单 2-382
2026-09-11 10:32:59,261 INFO o.a.j.t.JMeterThread: Thread finished: 多用户下单 2-382
2026-09-11 10:32:59,261 INFO o.a.j.t.JMeterThread: Thread started: 多用户下单 2-707
2026-09-11 10:32:59,262 INFO o.a.j.t.JMeterThread: Thread started: 多用户下单 2-708
2026-09-11 10:32:59,262 INFO o.a.j.t.JMeterThread: Thread is done: 多用户下单 2-383
2026-09-11 10:32:59,262 INFO o.a.j.t.JMeterThread: Thread finished: 多用户下单 2-383
2026-09-11 10:32:59,262 INFO o.a.j.t.JMeterThread: Thread started: 多用户下单 2-709
2026-09-11 10:32:59,263 INFO o.a.j.t.JMeterThread: Thread started: 多用户下单 2-710
2026-09-11 10:32:59,263 INFO o.a.j.t.JMeterThread: Thread started: 多用户下单 2-711
2026-09-11 10:32:59,263 INFO o.a.j.t.JMeterThread: Thread is done: 多用户下单 2-384
2026-09-11 10:32:59,263 INFO o.a.j.t.JMeterThread: Thread finished: 多用户下单 2-384
2026-09-11 10:32:59,263 INFO o.a.j.t.JMeterThread: Thread started: 多用户下单 2-712
2026-09-11 10:32:59,263 INFO o.a.j.t.JMeterThread: Thread is done: 多用户下单 2-385
2026-09-11 10:32:59,263 INFO o.a.j.t.JMeterThread: Thread started: 多用户下单 2-713
2026-09-11 10:32:59,263 INFO o.a.j.t.JMeterThread: Thread is done: 多用户下单 2-386
2026-09-11 10:32:59,263 INFO o.a.j.t.JMeterThread: Thread finished: 多用户下单 2-385
2026-09-11 10:32:59,263 INFO o.a.j.t.JMeterThread: Thread finished: 多用户下单 2-386
2026-09-11 10:32:59,263 INFO o.a.j.t.JMeterThread: Thread started: 多用户下单 2-714
2026-09-11 10:32:59,264 INFO o.a.j.t.JMeterThread: Thread is done: 多用户下单 2-708
2026-09-11 10:32:59,264 INFO o.a.j.t.JMeterThread: Thread started: 多用户下单 2-715
2026-09-11 10:32:59,264 INFO o.a.j.t.JMeterThread: Thread finished: 多用户下单 2-708
2026-09-11 10:32:59,265 INFO o.a.j.t.JMeterThread: Thread is done: 多用户下单 2-709
2026-09-11 10:32:59,265 INFO o.a.j.t.JMeterThread: Thread is done: 多用户下单 2-711
2026-09-11 10:32:59,265 INFO o.a.j.t.JMeterThread: Thread is done: 多用户下单 2-710
2026-09-11 10:32:59,265 INFO o.a.j.t.JMeterThread: Thread finished: 多用户下单 2-709
2026-09-11 10:32:59,265 INFO o.a.j.t.JMeterThread: Thread finished: 多用户下单 2-710
2026-09-11 10:32:59,265 INFO o.a.j.t.JMeterThread: Thread finished: 多用户下单 2-711
2026-09-11 10:32:59,265 INFO o.a.j.t.JMeterThread: Thread started: 多用户下单 2-716
2026-09-11 10:32:59,265 INFO o.a.j.t.JMeterThread: Thread is done: 多用户下单 2-387
2026-09-11 10:32:59,266 INFO o.a.j.t.JMeterThread: Thread finished: 多用户下单 2-387
2026-09-11 10:32:59,266 INFO o.a.j.t.JMeterThread: Thread started: 多用户下单 2-717
2026-09-11 10:32:59,266 INFO o.a.j.t.JMeterThread: Thread is done: 多用户下单 2-713
2026-09-11 10:32:59,266 INFO o.a.j.t.JMeterThread: Thread is done: 多用户下单 2-712
2026-09-11 10:32:59,266 INFO o.a.j.t.JMeterThread: Thread finished: 多用户下单 2-713
2026-09-11 10:32:59,266 INFO o.a.j.t.JMeterThread: Thread finished: 多用户下单 2-712
2026-09-11 10:32:59,266 INFO o.a.j.t.JMeterThread: Thread is done: 多用户下单 2-715
2026-09-11 10:32:59,266 INFO o.a.j.t.JMeterThread: Thread finished: 多用户下单 2-715
2026-09-11 10:32:59,266 INFO o.a.j.t.JMeterThread: Thread is done: 多用户下单 2-390
2026-09-11 10:32:59,267 INFO o.a.j.t.JMeterThread: Thread finished: 多用户下单 2-390
2026-09-11 10:32:59,266 INFO o.a.j.t.JMeterThread: Thread started: 多用户下单 2-719
2026-09-11 10:32:59,266 INFO o.a.j.t.JMeterThread: Thread started: 多用户下单 2-718
2026-09-11 10:32:59,267 INFO o.a.j.t.JMeterThread: Thread is done: 多用户下单 2-714
2026-09-11 10:32:59,267 INFO o.a.j.t.JMeterThread: Thread finished: 多用户下单 2-714
2026-09-11 10:32:59,267 INFO o.a.j.t.JMeterThread: Thread started: 多用户下单 2-720
2026-09-11 10:32:59,267 INFO o.a.j.t.JMeterThread: Thread started: 多用户下单 2-721
2026-09-11 10:32:59,267 INFO o.a.j.t.JMeterThread: Thread started: 多用户下单 2-722
2026-09-11 10:32:59,267 INFO o.a.j.t.JMeterThread: Thread started: 多用户下单 2-723
2026-09-11 10:32:59,268 INFO o.a.j.t.JMeterThread: Thread started: 多用户下单 2-724
2026-09-11 10:32:59,268 INFO o.a.j.t.JMeterThread: Thread is done: 多用户下单 2-716
2026-09-11 10:32:59,268 INFO o.a.j.t.JMeterThread: Thread started: 多用户下单 2-725
2026-09-11 10:32:59,268 INFO o.a.j.t.JMeterThread: Thread finished: 多用户下单 2-716
2026-09-11 10:32:59,268 INFO o.a.j.t.JMeterThread: Thread is done: 多用户下单 2-388
2026-09-11 10:32:59,268 INFO o.a.j.t.JMeterThread: Thread finished: 多用户下单 2-388
2026-09-11 10:32:59,268 INFO o.a.j.t.JMeterThread: Thread is done: 多用户下单 2-717
2026-09-11 10:32:59,268 INFO o.a.j.t.JMeterThread: Thread finished: 多用户下单 2-717
2026-09-11 10:32:59,268 INFO o.a.j.t.JMeterThread: Thread started: 多用户下单 2-726
2026-09-11 10:32:59,268 INFO o.a.j.t.JMeterThread: Thread is done: 多用户下单 2-718
2026-09-11 10:32:59,268 INFO o.a.j.t.JMeterThread: Thread is done: 多用户下单 2-720
2026-09-11 10:32:59,269 INFO o.a.j.t.JMeterThread: Thread finished: 多用户下单 2-718
2026-09-11 10:32:59,269 INFO o.a.j.t.JMeterThread: Thread finished: 多用户下单 2-720
2026-09-11 10:32:59,269 INFO o.a.j.t.JMeterThread: Thread started: 多用户下单 2-727
2026-09-11 10:32:59,269 INFO o.a.j.t.JMeterThread: Thread is done: 多用户下单 2-719
2026-09-11 10:32:59,269 INFO o.a.j.t.JMeterThread: Thread finished: 多用户下单 2-719
2026-09-11 10:32:59,269 INFO o.a.j.t.JMeterThread: Thread is done: 多用户下单 2-721
2026-09-11 10:32:59,269 INFO o.a.j.t.JMeterThread: Thread finished: 多用户下单 2-721
2026-09-11 10:32:59,269 INFO o.a.j.t.JMeterThread: Thread is done: 多用户下单 2-722
2026-09-11 10:32:59,269 INFO o.a.j.t.JMeterThread: Thread is done: 多用户下单 2-389
2026-09-11 10:32:59,269 INFO o.a.j.t.JMeterThread: Thread finished: 多用户下单 2-389
2026-09-11 10:32:59,269 INFO o.a.j.t.JMeterThread: Thread started: 多用户下单 2-728
2026-09-11 10:32:59,269 INFO o.a.j.t.JMeterThread: Thread finished: 多用户下单 2-722
2026-09-11 10:32:59,270 INFO o.a.j.t.JMeterThread: Thread is done: 多用户下单 2-391
2026-09-11 10:32:59,270 INFO o.a.j.t.JMeterThread: Thread finished: 多用户下单 2-391
2026-09-11 10:32:59,270 INFO o.a.j.t.JMeterThread: Thread started: 多用户下单 2-729
2026-09-11 10:32:59,270 INFO o.a.j.t.JMeterThread: Thread is done: 多用户下单 2-723
2026-09-11 10:32:59,270 INFO o.a.j.t.JMeterThread: Thread finished: 多用户下单 2-723
2026-09-11 10:32:59,270 INFO o.a.j.t.JMeterThread: Thread is done: 多用户下单 2-724
2026-09-11 10:32:59,270 INFO o.a.j.t.JMeterThread: Thread is done: 多用户下单 2-726
2026-09-11 10:32:59,270 INFO o.a.j.t.JMeterThread: Thread is done: 多用户下单 2-725
2026-09-11 10:32:59,270 INFO o.a.j.t.JMeterThread: Thread finished: 多用户下单 2-726
2026-09-11 10:32:59,270 INFO o.a.j.t.JMeterThread: Thread finished: 多用户下单 2-724
2026-09-11 10:32:59,270 INFO o.a.j.t.JMeterThread: Thread is done: 多用户下单 2-728
2026-09-11 10:32:59,270 INFO o.a.j.t.JMeterThread: Thread finished: 多用户下单 2-728
2026-09-11 10:32:59,270 INFO o.a.j.t.JMeterThread: Thread finished: 多用户下单 2-725
2026-09-11 10:32:59,270 INFO o.a.j.t.JMeterThread: Thread is done: 多用户下单 2-727
2026-09-11 10:32:59,270 INFO o.a.j.t.JMeterThread: Thread is done: 多用户下单 2-392
2026-09-11 10:32:59,270 INFO o.a.j.t.JMeterThread: Thread is done: 多用户下单 2-394
2026-09-11 10:32:59,270 INFO o.a.j.t.JMeterThread: Thread finished: 多用户下单 2-727
2026-09-11 10:32:59,270 INFO o.a.j.t.JMeterThread: Thread started: 多用户下单 2-730
2026-09-11 10:32:59,271 INFO o.a.j.t.JMeterThread: Thread finished: 多用户下单 2-394
2026-09-11 10:32:59,271 INFO o.a.j.t.JMeterThread: Thread is done: 多用户下单 2-729
2026-09-11 10:32:59,271 INFO o.a.j.t.JMeterThread: Thread finished: 多用户下单 2-392
2026-09-11 10:32:59,271 INFO o.a.j.t.JMeterThread: Thread finished: 多用户下单 2-729
2026-09-11 10:32:59,271 INFO o.a.j.t.JMeterThread: Thread started: 多用户下单 2-731
2026-09-11 10:32:59,271 INFO o.a.j.t.JMeterThread: Thread started: 多用户下单 2-732
2026-09-11 10:32:59,272 INFO o.a.j.t.JMeterThread: Thread is done: 多用户下单 2-393
2026-09-11 10:32:59,272 INFO o.a.j.t.JMeterThread: Thread finished: 多用户下单 2-393
2026-09-11 10:32:59,272 INFO o.a.j.t.JMeterThread: Thread is done: 多用户下单 2-395
2026-09-11 10:32:59,272 INFO o.a.j.t.JMeterThread: Thread finished: 多用户下单 2-395
2026-09-11 10:32:59,272 INFO o.a.j.t.JMeterThread: Thread started: 多用户下单 2-734
2026-09-11 10:32:59,272 INFO o.a.j.t.JMeterThread: Thread started: 多用户下单 2-733
2026-09-11 10:32:59,273 INFO o.a.j.t.JMeterThread: Thread is done: 多用户下单 2-732
2026-09-11 10:32:59,273 INFO o.a.j.t.JMeterThread: Thread finished: 多用户下单 2-732
2026-09-11 10:32:59,273 INFO o.a.j.t.JMeterThread: Thread is done: 多用户下单 2-730
2026-09-11 10:32:59,273 INFO o.a.j.t.JMeterThread: Thread is done: 多用户下单 2-731
2026-09-11 10:32:59,273 INFO o.a.j.t.JMeterThread: Thread finished: 多用户下单 2-730
2026-09-11 10:32:59,273 INFO o.a.j.t.JMeterThread: Thread finished: 多用户下单 2-731
2026-09-11 10:32:59,274 INFO o.a.j.t.JMeterThread: Thread started: 多用户下单 2-735
2026-09-11 10:32:59,274 INFO o.a.j.t.JMeterThread: Thread started: 多用户下单 2-736
2026-09-11 10:32:59,274 INFO o.a.j.t.JMeterThread: Thread started: 多用户下单 2-737
2026-09-11 10:32:59,274 INFO o.a.j.t.JMeterThread: Thread is done: 多用户下单 2-734
2026-09-11 10:32:59,274 INFO o.a.j.t.JMeterThread: Thread started: 多用户下单 2-738
2026-09-11 10:32:59,274 INFO o.a.j.t.JMeterThread: Thread finished: 多用户下单 2-734
2026-09-11 10:32:59,274 INFO o.a.j.t.JMeterThread: Thread is done: 多用户下单 2-733
2026-09-11 10:32:59,274 INFO o.a.j.t.JMeterThread: Thread finished: 多用户下单 2-733
2026-09-11 10:32:59,274 INFO o.a.j.t.JMeterThread: Thread started: 多用户下单 2-739
2026-09-11 10:32:59,275 INFO o.a.j.t.JMeterThread: Thread is done: 多用户下单 2-397
2026-09-11 10:32:59,275 INFO o.a.j.t.JMeterThread: Thread is done: 多用户下单 2-396
2026-09-11 10:32:59,275 INFO o.a.j.t.JMeterThread: Thread started: 多用户下单 2-741
2026-09-11 10:32:59,275 INFO o.a.j.t.JMeterThread: Thread started: 多用户下单 2-740
2026-09-11 10:32:59,275 INFO o.a.j.t.JMeterThread: Thread finished: 多用户下单 2-396
2026-09-11 10:32:59,275 INFO o.a.j.t.JMeterThread: Thread finished: 多用户下单 2-397
2026-09-11 10:32:59,276 INFO o.a.j.t.JMeterThread: Thread started: 多用户下单 2-742
2026-09-11 10:32:59,276 INFO o.a.j.t.JMeterThread: Thread started: 多用户下单 2-743
2026-09-11 10:32:59,276 INFO o.a.j.t.JMeterThread: Thread started: 多用户下单 2-744
2026-09-11 10:32:59,276 INFO o.a.j.t.JMeterThread: Thread is done: 多用户下单 2-735
2026-09-11 10:32:59,276 INFO o.a.j.t.JMeterThread: Thread finished: 多用户下单 2-735
2026-09-11 10:32:59,276 INFO o.a.j.t.JMeterThread: Thread started: 多用户下单 2-745
2026-09-11 10:32:59,276 INFO o.a.j.t.JMeterThread: Thread is done: 多用户下单 2-736
2026-09-11 10:32:59,277 INFO o.a.j.t.JMeterThread: Thread is done: 多用户下单 2-738
2026-09-11 10:32:59,277 INFO o.a.j.t.JMeterThread: Thread is done: 多用户下单 2-737
2026-09-11 10:32:59,277 INFO o.a.j.t.JMeterThread: Thread finished: 多用户下单 2-736
2026-09-11 10:32:59,277 INFO o.a.j.t.JMeterThread: Thread started: 多用户下单 2-746
2026-09-11 10:32:59,277 INFO o.a.j.t.JMeterThread: Thread is done: 多用户下单 2-741
2026-09-11 10:32:59,277 INFO o.a.j.t.JMeterThread: Thread is done: 多用户下单 2-739
2026-09-11 10:32:59,277 INFO o.a.j.t.JMeterThread: Thread finished: 多用户下单 2-737
2026-09-11 10:32:59,277 INFO o.a.j.t.JMeterThread: Thread finished: 多用户下单 2-738
2026-09-11 10:32:59,277 INFO o.a.j.t.JMeterThread: Thread finished: 多用户下单 2-739
2026-09-11 10:32:59,277 INFO o.a.j.t.JMeterThread: Thread finished: 多用户下单 2-741
2026-09-11 10:32:59,277 INFO o.a.j.t.JMeterThread: Thread started: 多用户下单 2-747
2026-09-11 10:32:59,277 INFO o.a.j.t.JMeterThread: Thread is done: 多用户下单 2-742
2026-09-11 10:32:59,277 INFO o.a.j.t.JMeterThread: Thread is done: 多用户下单 2-398
2026-09-11 10:32:59,277 INFO o.a.j.t.JMeterThread: Thread is done: 多用户下单 2-399
2026-09-11 10:32:59,277 INFO o.a.j.t.JMeterThread: Thread finished: 多用户下单 2-742
2026-09-11 10:32:59,277 INFO o.a.j.t.JMeterThread: Thread started: 多用户下单 2-748
2026-09-11 10:32:59,277 INFO o.a.j.t.JMeterThread: Thread finished: 多用户下单 2-399
2026-09-11 10:32:59,277 INFO o.a.j.t.JMeterThread: Thread is done: 多用户下单 2-740
2026-09-11 10:32:59,277 INFO o.a.j.t.JMeterThread: Thread finished: 多用户下单 2-398
2026-09-11 10:32:59,278 INFO o.a.j.t.JMeterThread: Thread finished: 多用户下单 2-740
2026-09-11 10:32:59,278 INFO o.a.j.t.JMeterThread: Thread started: 多用户下单 2-749
2026-09-11 10:32:59,278 INFO o.a.j.t.JMeterThread: Thread is done: 多用户下单 2-743
2026-09-11 10:32:59,278 INFO o.a.j.t.JMeterThread: Thread finished: 多用户下单 2-743
2026-09-11 10:32:59,278 INFO o.a.j.t.JMeterThread: Thread is done: 多用户下单 2-744
2026-09-11 10:32:59,278 INFO o.a.j.t.JMeterThread: Thread finished: 多用户下单 2-744
2026-09-11 10:32:59,279 INFO o.a.j.t.JMeterThread: Thread started: 多用户下单 2-750
2026-09-11 10:32:59,279 INFO o.a.j.t.JMeterThread: Thread is done: 多用户下单 2-745
2026-09-11 10:32:59,279 INFO o.a.j.t.JMeterThread: Thread finished: 多用户下单 2-745
2026-09-11 10:32:59,279 INFO o.a.j.t.JMeterThread: Thread is done: 多用户下单 2-400
2026-09-11 10:32:59,280 INFO o.a.j.t.JMeterThread: Thread finished: 多用户下单 2-400
2026-09-11 10:32:59,280 INFO o.a.j.t.JMeterThread: Thread is done: 多用户下单 2-746
2026-09-11 10:32:59,280 INFO o.a.j.t.JMeterThread: Thread finished: 多用户下单 2-746
2026-09-11 10:32:59,280 INFO o.a.j.t.JMeterThread: Thread is done: 多用户下单 2-747
2026-09-11 10:32:59,280 INFO o.a.j.t.JMeterThread: Thread finished: 多用户下单 2-747
2026-09-11 10:32:59,280 INFO o.a.j.t.JMeterThread: Thread started: 多用户下单 2-751
2026-09-11 10:32:59,280 INFO o.a.j.t.JMeterThread: Thread is done: 多用户下单 2-748
2026-09-11 10:32:59,280 INFO o.a.j.t.JMeterThread: Thread is done: 多用户下单 2-749
2026-09-11 10:32:59,280 INFO o.a.j.t.JMeterThread: Thread finished: 多用户下单 2-748
2026-09-11 10:32:59,281 INFO o.a.j.t.JMeterThread: Thread finished: 多用户下单 2-749
2026-09-11 10:32:59,280 INFO o.a.j.t.JMeterThread: Thread started: 多用户下单 2-752
2026-09-11 10:32:59,281 INFO o.a.j.t.JMeterThread: Thread is done: 多用户下单 2-750
2026-09-11 10:32:59,281 INFO o.a.j.t.JMeterThread: Thread finished: 多用户下单 2-750
2026-09-11 10:32:59,281 INFO o.a.j.t.JMeterThread: Thread started: 多用户下单 2-753
2026-09-11 10:32:59,281 INFO o.a.j.t.JMeterThread: Thread is done: 多用户下单 2-401
2026-09-11 10:32:59,282 INFO o.a.j.t.JMeterThread: Thread finished: 多用户下单 2-401
2026-09-11 10:32:59,282 INFO o.a.j.t.JMeterThread: Thread started: 多用户下单 2-754
2026-09-11 10:32:59,282 INFO o.a.j.t.JMeterThread: Thread is done: 多用户下单 2-404
2026-09-11 10:32:59,282 INFO o.a.j.t.JMeterThread: Thread finished: 多用户下单 2-404
2026-09-11 10:32:59,282 INFO o.a.j.t.JMeterThread: Thread started: 多用户下单 2-755
2026-09-11 10:32:59,282 INFO o.a.j.t.JMeterThread: Thread is done: 多用户下单 2-403
2026-09-11 10:32:59,282 INFO o.a.j.t.JMeterThread: Thread is done: 多用户下单 2-752
2026-09-11 10:32:59,282 INFO o.a.j.t.JMeterThread: Thread finished: 多用户下单 2-403
2026-09-11 10:32:59,282 INFO o.a.j.t.JMeterThread: Thread finished: 多用户下单 2-752
2026-09-11 10:32:59,282 INFO o.a.j.t.JMeterThread: Thread is done: 多用户下单 2-751
2026-09-11 10:32:59,282 INFO o.a.j.t.JMeterThread: Thread started: 多用户下单 2-757
2026-09-11 10:32:59,282 INFO o.a.j.t.JMeterThread: Thread finished: 多用户下单 2-751
2026-09-11 10:32:59,282 INFO o.a.j.t.JMeterThread: Thread started: 多用户下单 2-756
2026-09-11 10:32:59,282 INFO o.a.j.t.JMeterThread: Thread is done: 多用户下单 2-406
2026-09-11 10:32:59,283 INFO o.a.j.t.JMeterThread: Thread finished: 多用户下单 2-406
2026-09-11 10:32:59,283 INFO o.a.j.t.JMeterThread: Thread started: 多用户下单 2-758
2026-09-11 10:32:59,283 INFO o.a.j.t.JMeterThread: Thread started: 多用户下单 2-759
2026-09-11 10:32:59,283 INFO o.a.j.t.JMeterThread: Thread is done: 多用户下单 2-753
2026-09-11 10:32:59,283 INFO o.a.j.t.JMeterThread: Thread is done: 多用户下单 2-407
2026-09-11 10:32:59,283 INFO o.a.j.t.JMeterThread: Thread finished: 多用户下单 2-753
2026-09-11 10:32:59,283 INFO o.a.j.t.JMeterThread: Thread is done: 多用户下单 2-754
2026-09-11 10:32:59,284 INFO o.a.j.t.JMeterThread: Thread finished: 多用户下单 2-754
2026-09-11 10:32:59,283 INFO o.a.j.t.JMeterThread: Thread finished: 多用户下单 2-407
2026-09-11 10:32:59,284 INFO o.a.j.t.JMeterThread: Thread is done: 多用户下单 2-755
2026-09-11 10:32:59,284 INFO o.a.j.t.JMeterThread: Thread finished: 多用户下单 2-755
2026-09-11 10:32:59,284 INFO o.a.j.t.JMeterThread: Thread started: 多用户下单 2-760
2026-09-11 10:32:59,284 INFO o.a.j.t.JMeterThread: Thread is done: 多用户下单 2-410
2026-09-11 10:32:59,284 INFO o.a.j.t.JMeterThread: Thread finished: 多用户下单 2-410
2026-09-11 10:32:59,284 INFO o.a.j.t.JMeterThread: Thread is done: 多用户下单 2-402
2026-09-11 10:32:59,284 INFO o.a.j.t.JMeterThread: Thread finished: 多用户下单 2-402
2026-09-11 10:32:59,284 INFO o.a.j.t.JMeterThread: Thread started: 多用户下单 2-761
2026-09-11 10:32:59,284 INFO o.a.j.t.JMeterThread: Thread is done: 多用户下单 2-405
2026-09-11 10:32:59,285 INFO o.a.j.t.JMeterThread: Thread is done: 多用户下单 2-409
2026-09-11 10:32:59,285 INFO o.a.j.t.JMeterThread: Thread is done: 多用户下单 2-757
2026-09-11 10:32:59,285 INFO o.a.j.t.JMeterThread: Thread is done: 多用户下单 2-756
2026-09-11 10:32:59,285 INFO o.a.j.t.JMeterThread: Thread finished: 多用户下单 2-405
2026-09-11 10:32:59,285 INFO o.a.j.t.JMeterThread: Thread finished: 多用户下单 2-757
2026-09-11 10:32:59,285 INFO o.a.j.t.JMeterThread: Thread finished: 多用户下单 2-409
2026-09-11 10:32:59,285 INFO o.a.j.t.JMeterThread: Thread started: 多用户下单 2-762
2026-09-11 10:32:59,285 INFO o.a.j.t.JMeterThread: Thread finished: 多用户下单 2-756
2026-09-11 10:32:59,285 INFO o.a.j.t.JMeterThread: Thread is done: 多用户下单 2-759
2026-09-11 10:32:59,286 INFO o.a.j.t.JMeterThread: Thread finished: 多用户下单 2-759
2026-09-11 10:32:59,286 INFO o.a.j.t.JMeterThread: Thread started: 多用户下单 2-763
2026-09-11 10:32:59,286 INFO o.a.j.t.JMeterThread: Thread is done: 多用户下单 2-758
2026-09-11 10:32:59,286 INFO o.a.j.t.JMeterThread: Thread finished: 多用户下单 2-758
2026-09-11 10:32:59,286 INFO o.a.j.t.JMeterThread: Thread started: 多用户下单 2-764
2026-09-11 10:32:59,286 INFO o.a.j.t.JMeterThread: Thread is done: 多用户下单 2-760
2026-09-11 10:32:59,286 INFO o.a.j.t.JMeterThread: Thread finished: 多用户下单 2-760
2026-09-11 10:32:59,286 INFO o.a.j.t.JMeterThread: Thread is done: 多用户下单 2-408
2026-09-11 10:32:59,286 INFO o.a.j.t.JMeterThread: Thread finished: 多用户下单 2-408
2026-09-11 10:32:59,286 INFO o.a.j.t.JMeterThread: Thread is done: 多用户下单 2-412
2026-09-11 10:32:59,286 INFO o.a.j.t.JMeterThread: Thread finished: 多用户下单 2-412
2026-09-11 10:32:59,286 INFO o.a.j.t.JMeterThread: Thread started: 多用户下单 2-765
2026-09-11 10:32:59,286 INFO o.a.j.t.JMeterThread: Thread is done: 多用户下单 2-761
2026-09-11 10:32:59,287 INFO o.a.j.t.JMeterThread: Thread finished: 多用户下单 2-761
2026-09-11 10:32:59,287 INFO o.a.j.t.JMeterThread: Thread is done: 多用户下单 2-411
2026-09-11 10:32:59,287 INFO o.a.j.t.JMeterThread: Thread is done: 多用户下单 2-413
2026-09-11 10:32:59,287 INFO o.a.j.t.JMeterThread: Thread finished: 多用户下单 2-411
2026-09-11 10:32:59,287 INFO o.a.j.t.JMeterThread: Thread started: 多用户下单 2-766
2026-09-11 10:32:59,287 INFO o.a.j.t.JMeterThread: Thread finished: 多用户下单 2-413
2026-09-11 10:32:59,287 INFO o.a.j.t.JMeterThread: Thread is done: 多用户下单 2-762
2026-09-11 10:32:59,287 INFO o.a.j.t.JMeterThread: Thread is done: 多用户下单 2-763
2026-09-11 10:32:59,287 INFO o.a.j.t.JMeterThread: Thread finished: 多用户下单 2-762
2026-09-11 10:32:59,287 INFO o.a.j.t.JMeterThread: Thread finished: 多用户下单 2-763
2026-09-11 10:32:59,287 INFO o.a.j.t.JMeterThread: Thread is done: 多用户下单 2-764
2026-09-11 10:32:59,287 INFO o.a.j.t.JMeterThread: Thread started: 多用户下单 2-767
2026-09-11 10:32:59,287 INFO o.a.j.t.JMeterThread: Thread finished: 多用户下单 2-764
2026-09-11 10:32:59,287 INFO o.a.j.t.JMeterThread: Thread started: 多用户下单 2-768
2026-09-11 10:32:59,288 INFO o.a.j.t.JMeterThread: Thread is done: 多用户下单 2-765
2026-09-11 10:32:59,288 INFO o.a.j.t.JMeterThread: Thread finished: 多用户下单 2-765
2026-09-11 10:32:59,288 INFO o.a.j.t.JMeterThread: Thread started: 多用户下单 2-769
2026-09-11 10:32:59,288 INFO o.a.j.t.JMeterThread: Thread is done: 多用户下单 2-416
2026-09-11 10:32:59,288 INFO o.a.j.t.JMeterThread: Thread finished: 多用户下单 2-416
2026-09-11 10:32:59,288 INFO o.a.j.t.JMeterThread: Thread is done: 多用户下单 2-766
2026-09-11 10:32:59,288 INFO o.a.j.t.JMeterThread: Thread started: 多用户下单 2-770
2026-09-11 10:32:59,288 INFO o.a.j.t.JMeterThread: Thread finished: 多用户下单 2-766
2026-09-11 10:32:59,288 INFO o.a.j.t.JMeterThread: Thread is done: 多用户下单 2-414
2026-09-11 10:32:59,288 INFO o.a.j.t.JMeterThread: Thread finished: 多用户下单 2-414
2026-09-11 10:32:59,288 INFO o.a.j.t.JMeterThread: Thread started: 多用户下单 2-771
2026-09-11 10:32:59,289 INFO o.a.j.t.JMeterThread: Thread is done: 多用户下单 2-767
2026-09-11 10:32:59,289 INFO o.a.j.t.JMeterThread: Thread finished: 多用户下单 2-767
2026-09-11 10:32:59,289 INFO o.a.j.t.JMeterThread: Thread started: 多用户下单 2-772
2026-09-11 10:32:59,289 INFO o.a.j.t.JMeterThread: Thread is done: 多用户下单 2-768
2026-09-11 10:32:59,289 INFO o.a.j.t.JMeterThread: Thread finished: 多用户下单 2-768
2026-09-11 10:32:59,289 INFO o.a.j.t.JMeterThread: Thread started: 多用户下单 2-776
2026-09-11 10:32:59,289 INFO o.a.j.t.JMeterThread: Thread is done: 多用户下单 2-769
2026-09-11 10:32:59,289 INFO o.a.j.t.JMeterThread: Thread finished: 多用户下单 2-769
2026-09-11 10:32:59,289 INFO o.a.j.t.JMeterThread: Thread is done: 多用户下单 2-415
2026-09-11 10:32:59,289 INFO o.a.j.t.JMeterThread: Thread finished: 多用户下单 2-415
2026-09-11 10:32:59,290 INFO o.a.j.t.JMeterThread: Thread started: 多用户下单 2-775
2026-09-11 10:32:59,290 INFO o.a.j.t.JMeterThread: Thread started: 多用户下单 2-773
2026-09-11 10:32:59,290 INFO o.a.j.t.JMeterThread: Thread started: 多用户下单 2-774
2026-09-11 10:32:59,290 INFO o.a.j.t.JMeterThread: Thread started: 多用户下单 2-777
2026-09-11 10:32:59,290 INFO o.a.j.t.JMeterThread: Thread is done: 多用户下单 2-770
2026-09-11 10:32:59,290 INFO o.a.j.t.JMeterThread: Thread finished: 多用户下单 2-770
2026-09-11 10:32:59,290 INFO o.a.j.t.JMeterThread: Thread is done: 多用户下单 2-771
2026-09-11 10:32:59,290 INFO o.a.j.t.JMeterThread: Thread is done: 多用户下单 2-418
2026-09-11 10:32:59,290 INFO o.a.j.t.JMeterThread: Thread finished: 多用户下单 2-771
2026-09-11 10:32:59,290 INFO o.a.j.t.JMeterThread: Thread finished: 多用户下单 2-418
2026-09-11 10:32:59,290 INFO o.a.j.t.JMeterThread: Thread is done: 多用户下单 2-772
2026-09-11 10:32:59,290 INFO o.a.j.t.JMeterThread: Thread is done: 多用户下单 2-417
2026-09-11 10:32:59,290 INFO o.a.j.t.JMeterThread: Thread finished: 多用户下单 2-772
2026-09-11 10:32:59,290 INFO o.a.j.t.JMeterThread: Thread finished: 多用户下单 2-417
2026-09-11 10:32:59,290 INFO o.a.j.t.JMeterThread: Thread is done: 多用户下单 2-776
2026-09-11 10:32:59,291 INFO o.a.j.t.JMeterThread: Thread finished: 多用户下单 2-776
2026-09-11 10:32:59,291 INFO o.a.j.t.JMeterThread: Thread started: 多用户下单 2-779
2026-09-11 10:32:59,291 INFO o.a.j.t.JMeterThread: Thread started: 多用户下单 2-778
2026-09-11 10:32:59,291 INFO o.a.j.t.JMeterThread: Thread started: 多用户下单 2-781
2026-09-11 10:32:59,291 INFO o.a.j.t.JMeterThread: Thread started: 多用户下单 2-783
2026-09-11 10:32:59,292 INFO o.a.j.t.JMeterThread: Thread started: 多用户下单 2-780
2026-09-11 10:32:59,292 INFO o.a.j.t.JMeterThread: Thread is done: 多用户下单 2-773
2026-09-11 10:32:59,292 INFO o.a.j.t.JMeterThread: Thread finished: 多用户下单 2-773
2026-09-11 10:32:59,292 INFO o.a.j.t.JMeterThread: Thread started: 多用户下单 2-784
2026-09-11 10:32:59,292 INFO o.a.j.t.JMeterThread: Thread is done: 多用户下单 2-419
2026-09-11 10:32:59,293 INFO o.a.j.t.JMeterThread: Thread finished: 多用户下单 2-419
2026-09-11 10:32:59,293 INFO o.a.j.t.JMeterThread: Thread started: 多用户下单 2-785
2026-09-11 10:32:59,293 INFO o.a.j.t.JMeterThread: Thread started: 多用户下单 2-782
2026-09-11 10:32:59,293 INFO o.a.j.t.JMeterThread: Thread is done: 多用户下单 2-775
2026-09-11 10:32:59,293 INFO o.a.j.t.JMeterThread: Thread finished: 多用户下单 2-775
2026-09-11 10:32:59,294 INFO o.a.j.t.JMeterThread: Thread is done: 多用户下单 2-777
2026-09-11 10:32:59,294 INFO o.a.j.t.JMeterThread: Thread finished: 多用户下单 2-777
2026-09-11 10:32:59,294 INFO o.a.j.t.JMeterThread: Thread started: 多用户下单 2-786
2026-09-11 10:32:59,294 INFO o.a.j.t.JMeterThread: Thread is done: 多用户下单 2-774
2026-09-11 10:32:59,294 INFO o.a.j.t.JMeterThread: Thread finished: 多用户下单 2-774
2026-09-11 10:32:59,294 INFO o.a.j.t.JMeterThread: Thread started: 多用户下单 2-787
2026-09-11 10:32:59,294 INFO o.a.j.t.JMeterThread: Thread started: 多用户下单 2-788
2026-09-11 10:32:59,295 INFO o.a.j.t.JMeterThread: Thread is done: 多用户下单 2-420
2026-09-11 10:32:59,295 INFO o.a.j.t.JMeterThread: Thread finished: 多用户下单 2-420
2026-09-11 10:32:59,295 INFO o.a.j.t.JMeterThread: Thread is done: 多用户下单 2-781
2026-09-11 10:32:59,295 INFO o.a.j.t.JMeterThread: Thread finished: 多用户下单 2-781
2026-09-11 10:32:59,295 INFO o.a.j.t.JMeterThread: Thread started: 多用户下单 2-789
2026-09-11 10:32:59,295 INFO o.a.j.t.JMeterThread: Thread is done: 多用户下单 2-779
2026-09-11 10:32:59,295 INFO o.a.j.t.JMeterThread: Thread is done: 多用户下单 2-783
2026-09-11 10:32:59,295 INFO o.a.j.t.JMeterThread: Thread finished: 多用户下单 2-779
2026-09-11 10:32:59,295 INFO o.a.j.t.JMeterThread: Thread is done: 多用户下单 2-780
2026-09-11 10:32:59,296 INFO o.a.j.t.JMeterThread: Thread is done: 多用户下单 2-778
2026-09-11 10:32:59,295 INFO o.a.j.t.JMeterThread: Thread finished: 多用户下单 2-783
2026-09-11 10:32:59,296 INFO o.a.j.t.JMeterThread: Thread finished: 多用户下单 2-780
2026-09-11 10:32:59,296 INFO o.a.j.t.JMeterThread: Thread started: 多用户下单 2-790
2026-09-11 10:32:59,296 INFO o.a.j.t.JMeterThread: Thread is done: 多用户下单 2-421
2026-09-11 10:32:59,296 INFO o.a.j.t.JMeterThread: Thread finished: 多用户下单 2-778
2026-09-11 10:32:59,296 INFO o.a.j.t.JMeterThread: Thread finished: 多用户下单 2-421
2026-09-11 10:32:59,297 INFO o.a.j.t.JMeterThread: Thread started: 多用户下单 2-791
2026-09-11 10:32:59,297 INFO o.a.j.t.JMeterThread: Thread started: 多用户下单 2-792
2026-09-11 10:32:59,297 INFO o.a.j.t.JMeterThread: Thread is done: 多用户下单 2-422
2026-09-11 10:32:59,297 INFO o.a.j.t.JMeterThread: Thread finished: 多用户下单 2-422
2026-09-11 10:32:59,297 INFO o.a.j.t.JMeterThread: Thread started: 多用户下单 2-793
2026-09-11 10:32:59,298 INFO o.a.j.t.JMeterThread: Thread is done: 多用户下单 2-424
2026-09-11 10:32:59,298 INFO o.a.j.t.JMeterThread: Thread finished: 多用户下单 2-424
2026-09-11 10:32:59,298 INFO o.a.j.t.JMeterThread: Thread started: 多用户下单 2-794
2026-09-11 10:32:59,298 INFO o.a.j.t.JMeterThread: Thread started: 多用户下单 2-795
2026-09-11 10:32:59,298 INFO o.a.j.t.JMeterThread: Thread is done: 多用户下单 2-423
2026-09-11 10:32:59,299 INFO o.a.j.t.JMeterThread: Thread finished: 多用户下单 2-423
2026-09-11 10:32:59,299 INFO o.a.j.t.JMeterThread: Thread started: 多用户下单 2-796
2026-09-11 10:32:59,299 INFO o.a.j.t.JMeterThread: Thread is done: 多用户下单 2-425
2026-09-11 10:32:59,299 INFO o.a.j.t.JMeterThread: Thread finished: 多用户下单 2-425
2026-09-11 10:32:59,299 INFO o.a.j.t.JMeterThread: Thread started: 多用户下单 2-797
2026-09-11 10:32:59,299 INFO o.a.j.t.JMeterThread: Thread started: 多用户下单 2-798
2026-09-11 10:32:59,299 INFO o.a.j.t.JMeterThread: Thread is done: 多用户下单 2-427
2026-09-11 10:32:59,299 INFO o.a.j.t.JMeterThread: Thread finished: 多用户下单 2-427
2026-09-11 10:32:59,300 INFO o.a.j.t.JMeterThread: Thread started: 多用户下单 2-799
2026-09-11 10:32:59,300 INFO o.a.j.t.JMeterThread: Thread started: 多用户下单 2-800
2026-09-11 10:32:59,301 INFO o.a.j.t.JMeterThread: Thread is done: 多用户下单 2-428
2026-09-11 10:32:59,301 INFO o.a.j.t.JMeterThread: Thread finished: 多用户下单 2-428
2026-09-11 10:32:59,301 INFO o.a.j.t.JMeterThread: Thread started: 多用户下单 2-801
2026-09-11 10:32:59,301 INFO o.a.j.t.JMeterThread: Thread is done: 多用户下单 2-429
2026-09-11 10:32:59,301 INFO o.a.j.t.JMeterThread: Thread finished: 多用户下单 2-429
2026-09-11 10:32:59,301 INFO o.a.j.t.JMeterThread: Thread started: 多用户下单 2-802
2026-09-11 10:32:59,301 INFO o.a.j.t.JMeterThread: Thread is done: 多用户下单 2-426
2026-09-11 10:32:59,301 INFO o.a.j.t.JMeterThread: Thread finished: 多用户下单 2-426
2026-09-11 10:32:59,301 INFO o.a.j.t.JMeterThread: Thread is done: 多用户下单 2-431
2026-09-11 10:32:59,301 INFO o.a.j.t.JMeterThread: Thread started: 多用户下单 2-803
2026-09-11 10:32:59,302 INFO o.a.j.t.JMeterThread: Thread finished: 多用户下单 2-431
2026-09-11 10:32:59,302 INFO o.a.j.t.JMeterThread: Thread started: 多用户下单 2-804
2026-09-11 10:32:59,303 INFO o.a.j.t.JMeterThread: Thread started: 多用户下单 2-805
2026-09-11 10:32:59,303 INFO o.a.j.t.JMeterThread: Thread started: 多用户下单 2-806
2026-09-11 10:32:59,303 INFO o.a.j.t.JMeterThread: Thread is done: 多用户下单 2-430
2026-09-11 10:32:59,303 INFO o.a.j.t.JMeterThread: Thread finished: 多用户下单 2-430
2026-09-11 10:32:59,303 INFO o.a.j.t.JMeterThread: Thread is done: 多用户下单 2-435
2026-09-11 10:32:59,303 INFO o.a.j.t.JMeterThread: Thread started: 多用户下单 2-807
2026-09-11 10:32:59,303 INFO o.a.j.t.JMeterThread: Thread finished: 多用户下单 2-435
2026-09-11 10:32:59,303 INFO o.a.j.t.JMeterThread: Thread started: 多用户下单 2-808
2026-09-11 10:32:59,303 INFO o.a.j.t.JMeterThread: Thread is done: 多用户下单 2-433
2026-09-11 10:32:59,303 INFO o.a.j.t.JMeterThread: Thread started: 多用户下单 2-810
2026-09-11 10:32:59,303 INFO o.a.j.t.JMeterThread: Thread finished: 多用户下单 2-433
2026-09-11 10:32:59,304 INFO o.a.j.t.JMeterThread: Thread started: 多用户下单 2-809
2026-09-11 10:32:59,304 INFO o.a.j.t.JMeterThread: Thread started: 多用户下单 2-811
2026-09-11 10:32:59,305 INFO o.a.j.t.JMeterThread: Thread started: 多用户下单 2-812
2026-09-11 10:32:59,305 INFO o.a.j.t.JMeterThread: Thread is done: 多用户下单 2-432
2026-09-11 10:32:59,305 INFO o.a.j.t.JMeterThread: Thread finished: 多用户下单 2-432
2026-09-11 10:32:59,305 INFO o.a.j.t.JMeterThread: Thread started: 多用户下单 2-813
2026-09-11 10:32:59,305 INFO o.a.j.t.JMeterThread: Thread started: 多用户下单 2-814
2026-09-11 10:32:59,305 INFO o.a.j.t.JMeterThread: Thread is done: 多用户下单 2-434
2026-09-11 10:32:59,306 INFO o.a.j.t.JMeterThread: Thread finished: 多用户下单 2-434
2026-09-11 10:32:59,305 INFO o.a.j.t.JMeterThread: Thread started: 多用户下单 2-815
2026-09-11 10:32:59,306 INFO o.a.j.t.JMeterThread: Thread started: 多用户下单 2-816
2026-09-11 10:32:59,306 INFO o.a.j.t.JMeterThread: Thread started: 多用户下单 2-818
2026-09-11 10:32:59,307 INFO o.a.j.t.JMeterThread: Thread is done: 多用户下单 2-437
2026-09-11 10:32:59,307 INFO o.a.j.t.JMeterThread: Thread finished: 多用户下单 2-437
2026-09-11 10:32:59,307 INFO o.a.j.t.JMeterThread: Thread started: 多用户下单 2-817
2026-09-11 10:32:59,307 INFO o.a.j.t.JMeterThread: Thread started: 多用户下单 2-819
2026-09-11 10:32:59,308 INFO o.a.j.t.JMeterThread: Thread started: 多用户下单 2-820
2026-09-11 10:32:59,308 INFO o.a.j.t.JMeterThread: Thread is done: 多用户下单 2-436
2026-09-11 10:32:59,308 INFO o.a.j.t.JMeterThread: Thread finished: 多用户下单 2-436
2026-09-11 10:32:59,308 INFO o.a.j.t.JMeterThread: Thread started: 多用户下单 2-821
2026-09-11 10:32:59,308 INFO o.a.j.t.JMeterThread: Thread started: 多用户下单 2-822
2026-09-11 10:32:59,308 INFO o.a.j.t.JMeterThread: Thread started: 多用户下单 2-823
2026-09-11 10:32:59,309 INFO o.a.j.t.JMeterThread: Thread is done: 多用户下单 2-438
2026-09-11 10:32:59,309 INFO o.a.j.t.JMeterThread: Thread is done: 多用户下单 2-440
2026-09-11 10:32:59,309 INFO o.a.j.t.JMeterThread: Thread started: 多用户下单 2-824
2026-09-11 10:32:59,309 INFO o.a.j.t.JMeterThread: Thread finished: 多用户下单 2-440
2026-09-11 10:32:59,309 INFO o.a.j.t.JMeterThread: Thread finished: 多用户下单 2-438
2026-09-11 10:32:59,309 INFO o.a.j.t.JMeterThread: Thread started: 多用户下单 2-825
2026-09-11 10:32:59,309 INFO o.a.j.t.JMeterThread: Thread started: 多用户下单 2-826
2026-09-11 10:32:59,309 INFO o.a.j.t.JMeterThread: Thread is done: 多用户下单 2-441
2026-09-11 10:32:59,309 INFO o.a.j.t.JMeterThread: Thread finished: 多用户下单 2-441
2026-09-11 10:32:59,310 INFO o.a.j.t.JMeterThread: Thread started: 多用户下单 2-827
2026-09-11 10:32:59,310 INFO o.a.j.t.JMeterThread: Thread started: 多用户下单 2-828
2026-09-11 10:32:59,310 INFO o.a.j.t.JMeterThread: Thread is done: 多用户下单 2-439
2026-09-11 10:32:59,310 INFO o.a.j.t.JMeterThread: Thread started: 多用户下单 2-830
2026-09-11 10:32:59,310 INFO o.a.j.t.JMeterThread: Thread started: 多用户下单 2-829
2026-09-11 10:32:59,311 INFO o.a.j.t.JMeterThread: Thread finished: 多用户下单 2-439
2026-09-11 10:32:59,311 INFO o.a.j.t.JMeterThread: Thread started: 多用户下单 2-831
2026-09-11 10:32:59,311 INFO o.a.j.t.JMeterThread: Thread started: 多用户下单 2-832
2026-09-11 10:32:59,312 INFO o.a.j.t.JMeterThread: Thread started: 多用户下单 2-834
2026-09-11 10:32:59,312 INFO o.a.j.t.JMeterThread: Thread started: 多用户下单 2-835
2026-09-11 10:32:59,312 INFO o.a.j.t.JMeterThread: Thread is done: 多用户下单 2-442
2026-09-11 10:32:59,312 INFO o.a.j.t.JMeterThread: Thread finished: 多用户下单 2-442
2026-09-11 10:32:59,313 INFO o.a.j.t.JMeterThread: Thread started: 多用户下单 2-836
2026-09-11 10:32:59,313 INFO o.a.j.t.JMeterThread: Thread started: 多用户下单 2-833
2026-09-11 10:32:59,313 INFO o.a.j.t.JMeterThread: Thread started: 多用户下单 2-837
2026-09-11 10:32:59,313 INFO o.a.j.t.JMeterThread: Thread started: 多用户下单 2-838
2026-09-11 10:32:59,313 INFO o.a.j.t.JMeterThread: Thread started: 多用户下单 2-839
2026-09-11 10:32:59,314 INFO o.a.j.t.JMeterThread: Thread is done: 多用户下单 2-443
2026-09-11 10:32:59,314 INFO o.a.j.t.JMeterThread: Thread is done: 多用户下单 2-444
2026-09-11 10:32:59,314 INFO o.a.j.t.JMeterThread: Thread finished: 多用户下单 2-444
2026-09-11 10:32:59,314 INFO o.a.j.t.JMeterThread: Thread finished: 多用户下单 2-443
2026-09-11 10:32:59,314 INFO o.a.j.t.JMeterThread: Thread started: 多用户下单 2-840
2026-09-11 10:32:59,315 INFO o.a.j.t.JMeterThread: Thread started: 多用户下单 2-841
2026-09-11 10:32:59,315 INFO o.a.j.t.JMeterThread: Thread started: 多用户下单 2-842
2026-09-11 10:32:59,315 INFO o.a.j.t.JMeterThread: Thread started: 多用户下单 2-843
2026-09-11 10:32:59,315 INFO o.a.j.t.JMeterThread: Thread started: 多用户下单 2-844
2026-09-11 10:32:59,315 INFO o.a.j.t.JMeterThread: Thread is done: 多用户下单 2-446
2026-09-11 10:32:59,315 INFO o.a.j.t.JMeterThread: Thread is done: 多用户下单 2-445
2026-09-11 10:32:59,315 INFO o.a.j.t.JMeterThread: Thread finished: 多用户下单 2-446
2026-09-11 10:32:59,315 INFO o.a.j.t.JMeterThread: Thread finished: 多用户下单 2-445
2026-09-11 10:32:59,315 INFO o.a.j.t.JMeterThread: Thread started: 多用户下单 2-845
2026-09-11 10:32:59,315 INFO o.a.j.t.JMeterThread: Thread started: 多用户下单 2-846
2026-09-11 10:32:59,316 INFO o.a.j.t.JMeterThread: Thread started: 多用户下单 2-847
2026-09-11 10:32:59,316 INFO o.a.j.t.JMeterThread: Thread started: 多用户下单 2-848
2026-09-11 10:32:59,317 INFO o.a.j.t.JMeterThread: Thread started: 多用户下单 2-849
2026-09-11 10:32:59,317 INFO o.a.j.t.JMeterThread: Thread started: 多用户下单 2-850
2026-09-11 10:32:59,317 INFO o.a.j.t.JMeterThread: Thread started: 多用户下单 2-851
2026-09-11 10:32:59,317 INFO o.a.j.t.JMeterThread: Thread started: 多用户下单 2-852
2026-09-11 10:32:59,317 INFO o.a.j.t.JMeterThread: Thread started: 多用户下单 2-853
2026-09-11 10:32:59,318 INFO o.a.j.t.JMeterThread: Thread is done: 多用户下单 2-847
2026-09-11 10:32:59,318 INFO o.a.j.t.JMeterThread: Thread finished: 多用户下单 2-847
2026-09-11 10:32:59,318 INFO o.a.j.t.JMeterThread: Thread started: 多用户下单 2-854
2026-09-11 10:32:59,318 INFO o.a.j.t.JMeterThread: Thread is done: 多用户下单 2-848
2026-09-11 10:32:59,318 INFO o.a.j.t.JMeterThread: Thread started: 多用户下单 2-855
2026-09-11 10:32:59,318 INFO o.a.j.t.JMeterThread: Thread finished: 多用户下单 2-848
2026-09-11 10:32:59,318 INFO o.a.j.t.JMeterThread: Thread is done: 多用户下单 2-448
2026-09-11 10:32:59,318 INFO o.a.j.t.JMeterThread: Thread is done: 多用户下单 2-846
2026-09-11 10:32:59,318 INFO o.a.j.t.JMeterThread: Thread started: 多用户下单 2-856
2026-09-11 10:32:59,318 INFO o.a.j.t.JMeterThread: Thread finished: 多用户下单 2-448
2026-09-11 10:32:59,318 INFO o.a.j.t.JMeterThread: Thread finished: 多用户下单 2-846
2026-09-11 10:32:59,318 INFO o.a.j.t.JMeterThread: Thread started: 多用户下单 2-857
2026-09-11 10:32:59,319 INFO o.a.j.t.JMeterThread: Thread is done: 多用户下单 2-447
2026-09-11 10:32:59,319 INFO o.a.j.t.JMeterThread: Thread finished: 多用户下单 2-447
2026-09-11 10:32:59,319 INFO o.a.j.t.JMeterThread: Thread started: 多用户下单 2-858
2026-09-11 10:32:59,319 INFO o.a.j.t.JMeterThread: Thread is done: 多用户下单 2-449
2026-09-11 10:32:59,319 INFO o.a.j.t.JMeterThread: Thread started: 多用户下单 2-859
2026-09-11 10:32:59,320 INFO o.a.j.t.JMeterThread: Thread finished: 多用户下单 2-449
2026-09-11 10:32:59,320 INFO o.a.j.t.JMeterThread: Thread is done: 多用户下单 2-849
2026-09-11 10:32:59,320 INFO o.a.j.t.JMeterThread: Thread is done: 多用户下单 2-850
2026-09-11 10:32:59,320 INFO o.a.j.t.JMeterThread: Thread finished: 多用户下单 2-849
2026-09-11 10:32:59,320 INFO o.a.j.t.JMeterThread: Thread finished: 多用户下单 2-850
2026-09-11 10:32:59,320 INFO o.a.j.t.JMeterThread: Thread started: 多用户下单 2-860
2026-09-11 10:32:59,320 INFO o.a.j.t.JMeterThread: Thread is done: 多用户下单 2-451
2026-09-11 10:32:59,320 INFO o.a.j.t.JMeterThread: Thread finished: 多用户下单 2-451
2026-09-11 10:32:59,320 INFO o.a.j.t.JMeterThread: Thread is done: 多用户下单 2-851
2026-09-11 10:32:59,320 INFO o.a.j.t.JMeterThread: Thread finished: 多用户下单 2-851
2026-09-11 10:32:59,320 INFO o.a.j.t.JMeterThread: Thread started: 多用户下单 2-861
2026-09-11 10:32:59,320 INFO o.a.j.t.JMeterThread: Thread is done: 多用户下单 2-852
2026-09-11 10:32:59,320 INFO o.a.j.t.JMeterThread: Thread is done: 多用户下单 2-853
2026-09-11 10:32:59,320 INFO o.a.j.t.JMeterThread: Thread finished: 多用户下单 2-852
2026-09-11 10:32:59,320 INFO o.a.j.t.JMeterThread: Thread finished: 多用户下单 2-853
2026-09-11 10:32:59,320 INFO o.a.j.t.JMeterThread: Thread is done: 多用户下单 2-854
2026-09-11 10:32:59,320 INFO o.a.j.t.JMeterThread: Thread is done: 多用户下单 2-855
2026-09-11 10:32:59,320 INFO o.a.j.t.JMeterThread: Thread finished: 多用户下单 2-854
2026-09-11 10:32:59,321 INFO o.a.j.t.JMeterThread: Thread finished: 多用户下单 2-855
2026-09-11 10:32:59,321 INFO o.a.j.t.JMeterThread: Thread started: 多用户下单 2-862
2026-09-11 10:32:59,321 INFO o.a.j.t.JMeterThread: Thread is done: 多用户下单 2-857
2026-09-11 10:32:59,321 INFO o.a.j.t.JMeterThread: Thread is done: 多用户下单 2-856
2026-09-11 10:32:59,321 INFO o.a.j.t.JMeterThread: Thread finished: 多用户下单 2-857
2026-09-11 10:32:59,321 INFO o.a.j.t.JMeterThread: Thread finished: 多用户下单 2-856
2026-09-11 10:32:59,322 INFO o.a.j.t.JMeterThread: Thread started: 多用户下单 2-863
2026-09-11 10:32:59,322 INFO o.a.j.t.JMeterThread: Thread is done: 多用户下单 2-859
2026-09-11 10:32:59,322 INFO o.a.j.t.JMeterThread: Thread finished: 多用户下单 2-859
2026-09-11 10:32:59,322 INFO o.a.j.t.JMeterThread: Thread started: 多用户下单 2-864
2026-09-11 10:32:59,322 INFO o.a.j.t.JMeterThread: Thread is done: 多用户下单 2-452
2026-09-11 10:32:59,322 INFO o.a.j.t.JMeterThread: Thread finished: 多用户下单 2-452
2026-09-11 10:32:59,322 INFO o.a.j.t.JMeterThread: Thread is done: 多用户下单 2-858
2026-09-11 10:32:59,322 INFO o.a.j.t.JMeterThread: Thread is done: 多用户下单 2-860
2026-09-11 10:32:59,322 INFO o.a.j.t.JMeterThread: Thread is done: 多用户下单 2-861
2026-09-11 10:32:59,322 INFO o.a.j.t.JMeterThread: Thread finished: 多用户下单 2-858
2026-09-11 10:32:59,322 INFO o.a.j.t.JMeterThread: Thread finished: 多用户下单 2-860
2026-09-11 10:32:59,322 INFO o.a.j.t.JMeterThread: Thread started: 多用户下单 2-865
2026-09-11 10:32:59,322 INFO o.a.j.t.JMeterThread: Thread finished: 多用户下单 2-861
2026-09-11 10:32:59,323 INFO o.a.j.t.JMeterThread: Thread is done: 多用户下单 2-450
2026-09-11 10:32:59,323 INFO o.a.j.t.JMeterThread: Thread finished: 多用户下单 2-450
2026-09-11 10:32:59,323 INFO o.a.j.t.JMeterThread: Thread started: 多用户下单 2-866
2026-09-11 10:32:59,324 INFO o.a.j.t.JMeterThread: Thread started: 多用户下单 2-867
2026-09-11 10:32:59,324 INFO o.a.j.t.JMeterThread: Thread is done: 多用户下单 2-453
2026-09-11 10:32:59,324 INFO o.a.j.t.JMeterThread: Thread finished: 多用户下单 2-453
2026-09-11 10:32:59,324 INFO o.a.j.t.JMeterThread: Thread is done: 多用户下单 2-862
2026-09-11 10:32:59,324 INFO o.a.j.t.JMeterThread: Thread finished: 多用户下单 2-862
2026-09-11 10:32:59,324 INFO o.a.j.t.JMeterThread: Thread started: 多用户下单 2-868
2026-09-11 10:32:59,324 INFO o.a.j.t.JMeterThread: Thread started: 多用户下单 2-869
2026-09-11 10:32:59,324 INFO o.a.j.t.JMeterThread: Thread started: 多用户下单 2-870
2026-09-11 10:32:59,325 INFO o.a.j.t.JMeterThread: Thread is done: 多用户下单 2-863
2026-09-11 10:32:59,325 INFO o.a.j.t.JMeterThread: Thread finished: 多用户下单 2-863
2026-09-11 10:32:59,325 INFO o.a.j.t.JMeterThread: Thread is done: 多用户下单 2-864
2026-09-11 10:32:59,325 INFO o.a.j.t.JMeterThread: Thread is done: 多用户下单 2-455
2026-09-11 10:32:59,325 INFO o.a.j.t.JMeterThread: Thread started: 多用户下单 2-871
2026-09-11 10:32:59,325 INFO o.a.j.t.JMeterThread: Thread is done: 多用户下单 2-865
2026-09-11 10:32:59,325 INFO o.a.j.t.JMeterThread: Thread finished: 多用户下单 2-455
2026-09-11 10:32:59,325 INFO o.a.j.t.JMeterThread: Thread finished: 多用户下单 2-865
2026-09-11 10:32:59,325 INFO o.a.j.t.JMeterThread: Thread finished: 多用户下单 2-864
2026-09-11 10:32:59,325 INFO o.a.j.t.JMeterThread: Thread is done: 多用户下单 2-454
2026-09-11 10:32:59,325 INFO o.a.j.t.JMeterThread: Thread started: 多用户下单 2-872
2026-09-11 10:32:59,325 INFO o.a.j.t.JMeterThread: Thread finished: 多用户下单 2-454
2026-09-11 10:32:59,325 INFO o.a.j.t.JMeterThread: Thread is done: 多用户下单 2-456
2026-09-11 10:32:59,325 INFO o.a.j.t.JMeterThread: Thread finished: 多用户下单 2-456
2026-09-11 10:32:59,326 INFO o.a.j.t.JMeterThread: Thread is done: 多用户下单 2-458
2026-09-11 10:32:59,326 INFO o.a.j.t.JMeterThread: Thread finished: 多用户下单 2-458
2026-09-11 10:32:59,326 INFO o.a.j.t.JMeterThread: Thread is done: 多用户下单 2-459
2026-09-11 10:32:59,326 INFO o.a.j.t.JMeterThread: Thread finished: 多用户下单 2-459
2026-09-11 10:32:59,326 INFO o.a.j.t.JMeterThread: Thread is done: 多用户下单 2-867
2026-09-11 10:32:59,326 INFO o.a.j.t.JMeterThread: Thread started: 多用户下单 2-873
2026-09-11 10:32:59,326 INFO o.a.j.t.JMeterThread: Thread finished: 多用户下单 2-867
2026-09-11 10:32:59,327 INFO o.a.j.t.JMeterThread: Thread is done: 多用户下单 2-868
2026-09-11 10:32:59,327 INFO o.a.j.t.JMeterThread: Thread is done: 多用户下单 2-866
2026-09-11 10:32:59,327 INFO o.a.j.t.JMeterThread: Thread finished: 多用户下单 2-868
2026-09-11 10:32:59,327 INFO o.a.j.t.JMeterThread: Thread finished: 多用户下单 2-866
2026-09-11 10:32:59,327 INFO o.a.j.t.JMeterThread: Thread is done: 多用户下单 2-869
2026-09-11 10:32:59,327 INFO o.a.j.t.JMeterThread: Thread started: 多用户下单 2-874
2026-09-11 10:32:59,327 INFO o.a.j.t.JMeterThread: Thread finished: 多用户下单 2-869
2026-09-11 10:32:59,327 INFO o.a.j.t.JMeterThread: Thread started: 多用户下单 2-875
2026-09-11 10:32:59,328 INFO o.a.j.t.JMeterThread: Thread is done: 多用户下单 2-457
2026-09-11 10:32:59,328 INFO o.a.j.t.JMeterThread: Thread finished: 多用户下单 2-457
2026-09-11 10:32:59,328 INFO o.a.j.t.JMeterThread: Thread started: 多用户下单 2-876
2026-09-11 10:32:59,328 INFO o.a.j.t.JMeterThread: Thread is done: 多用户下单 2-460
2026-09-11 10:32:59,329 INFO o.a.j.t.JMeterThread: Thread finished: 多用户下单 2-460
2026-09-11 10:32:59,329 INFO o.a.j.t.JMeterThread: Thread is done: 多用户下单 2-870
2026-09-11 10:32:59,329 INFO o.a.j.t.JMeterThread: Thread is done: 多用户下单 2-872
2026-09-11 10:32:59,329 INFO o.a.j.t.JMeterThread: Thread finished: 多用户下单 2-870
2026-09-11 10:32:59,329 INFO o.a.j.t.JMeterThread: Thread is done: 多用户下单 2-871
2026-09-11 10:32:59,329 INFO o.a.j.t.JMeterThread: Thread finished: 多用户下单 2-872
2026-09-11 10:32:59,329 INFO o.a.j.t.JMeterThread: Thread started: 多用户下单 2-877
2026-09-11 10:32:59,329 INFO o.a.j.t.JMeterThread: Thread finished: 多用户下单 2-871
2026-09-11 10:32:59,330 INFO o.a.j.t.JMeterThread: Thread started: 多用户下单 2-878
2026-09-11 10:32:59,330 INFO o.a.j.t.JMeterThread: Thread is done: 多用户下单 2-873
2026-09-11 10:32:59,330 INFO o.a.j.t.JMeterThread: Thread finished: 多用户下单 2-873
2026-09-11 10:32:59,330 INFO o.a.j.t.JMeterThread: Thread started: 多用户下单 2-879
2026-09-11 10:32:59,330 INFO o.a.j.t.JMeterThread: Thread is done: 多用户下单 2-874
2026-09-11 10:32:59,330 INFO o.a.j.t.JMeterThread: Thread finished: 多用户下单 2-874
2026-09-11 10:32:59,331 INFO o.a.j.t.JMeterThread: Thread is done: 多用户下单 2-462
2026-09-11 10:32:59,331 INFO o.a.j.t.JMeterThread: Thread finished: 多用户下单 2-462
2026-09-11 10:32:59,331 INFO o.a.j.t.JMeterThread: Thread started: 多用户下单 2-880
2026-09-11 10:32:59,331 INFO o.a.j.t.JMeterThread: Thread is done: 多用户下单 2-463
2026-09-11 10:32:59,331 INFO o.a.j.t.JMeterThread: Thread finished: 多用户下单 2-463
2026-09-11 10:32:59,331 INFO o.a.j.t.JMeterThread: Thread started: 多用户下单 2-881
2026-09-11 10:32:59,331 INFO o.a.j.t.JMeterThread: Thread started: 多用户下单 2-882
2026-09-11 10:32:59,331 INFO o.a.j.t.JMeterThread: Thread started: 多用户下单 2-883
2026-09-11 10:32:59,333 INFO o.a.j.t.JMeterThread: Thread started: 多用户下单 2-884
2026-09-11 10:32:59,333 INFO o.a.j.t.JMeterThread: Thread is done: 多用户下单 2-461
2026-09-11 10:32:59,333 INFO o.a.j.t.JMeterThread: Thread is done: 多用户下单 2-878
2026-09-11 10:32:59,333 INFO o.a.j.t.JMeterThread: Thread finished: 多用户下单 2-461
2026-09-11 10:32:59,333 INFO o.a.j.t.JMeterThread: Thread started: 多用户下单 2-885
2026-09-11 10:32:59,333 INFO o.a.j.t.JMeterThread: Thread finished: 多用户下单 2-878
2026-09-11 10:32:59,333 INFO o.a.j.t.JMeterThread: Thread is done: 多用户下单 2-876
2026-09-11 10:32:59,333 INFO o.a.j.t.JMeterThread: Thread finished: 多用户下单 2-876
2026-09-11 10:32:59,333 INFO o.a.j.t.JMeterThread: Thread is done: 多用户下单 2-880
2026-09-11 10:32:59,333 INFO o.a.j.t.JMeterThread: Thread finished: 多用户下单 2-880
2026-09-11 10:32:59,333 INFO o.a.j.t.JMeterThread: Thread started: 多用户下单 2-886
2026-09-11 10:32:59,333 INFO o.a.j.t.JMeterThread: Thread is done: 多用户下单 2-879
2026-09-11 10:32:59,333 INFO o.a.j.t.JMeterThread: Thread finished: 多用户下单 2-879
2026-09-11 10:32:59,334 INFO o.a.j.t.JMeterThread: Thread is done: 多用户下单 2-881
2026-09-11 10:32:59,334 INFO o.a.j.t.JMeterThread: Thread started: 多用户下单 2-887
2026-09-11 10:32:59,334 INFO o.a.j.t.JMeterThread: Thread finished: 多用户下单 2-881
2026-09-11 10:32:59,334 INFO o.a.j.t.JMeterThread: Thread is done: 多用户下单 2-882
2026-09-11 10:32:59,334 INFO o.a.j.t.JMeterThread: Thread is done: 多用户下单 2-875
2026-09-11 10:32:59,334 INFO o.a.j.t.JMeterThread: Thread finished: 多用户下单 2-875
2026-09-11 10:32:59,334 INFO o.a.j.t.JMeterThread: Thread finished: 多用户下单 2-882
2026-09-11 10:32:59,334 INFO o.a.j.t.JMeterThread: Thread is done: 多用户下单 2-877
2026-09-11 10:32:59,334 INFO o.a.j.t.JMeterThread: Thread is done: 多用户下单 2-883
2026-09-11 10:32:59,334 INFO o.a.j.t.JMeterThread: Thread finished: 多用户下单 2-883
2026-09-11 10:32:59,334 INFO o.a.j.t.JMeterThread: Thread finished: 多用户下单 2-877
2026-09-11 10:32:59,334 INFO o.a.j.t.JMeterThread: Thread started: 多用户下单 2-888
2026-09-11 10:32:59,334 INFO o.a.j.t.JMeterThread: Thread is done: 多用户下单 2-465
2026-09-11 10:32:59,334 INFO o.a.j.t.JMeterThread: Thread finished: 多用户下单 2-465
2026-09-11 10:32:59,335 INFO o.a.j.t.JMeterThread: Thread started: 多用户下单 2-889
2026-09-11 10:32:59,335 INFO o.a.j.t.JMeterThread: Thread is done: 多用户下单 2-466
2026-09-11 10:32:59,335 INFO o.a.j.t.JMeterThread: Thread finished: 多用户下单 2-466
2026-09-11 10:32:59,335 INFO o.a.j.t.JMeterThread: Thread is done: 多用户下单 2-885
2026-09-11 10:32:59,335 INFO o.a.j.t.JMeterThread: Thread is done: 多用户下单 2-884
2026-09-11 10:32:59,335 INFO o.a.j.t.JMeterThread: Thread finished: 多用户下单 2-885
2026-09-11 10:32:59,335 INFO o.a.j.t.JMeterThread: Thread finished: 多用户下单 2-884
2026-09-11 10:32:59,336 INFO o.a.j.t.JMeterThread: Thread is done: 多用户下单 2-467
2026-09-11 10:32:59,336 INFO o.a.j.t.JMeterThread: Thread started: 多用户下单 2-890
2026-09-11 10:32:59,336 INFO o.a.j.t.JMeterThread: Thread finished: 多用户下单 2-467
2026-09-11 10:32:59,336 INFO o.a.j.t.JMeterThread: Thread started: 多用户下单 2-891
2026-09-11 10:32:59,336 INFO o.a.j.t.JMeterThread: Thread is done: 多用户下单 2-464
2026-09-11 10:32:59,336 INFO o.a.j.t.JMeterThread: Thread is done: 多用户下单 2-886
2026-09-11 10:32:59,336 INFO o.a.j.t.JMeterThread: Thread finished: 多用户下单 2-464
2026-09-11 10:32:59,336 INFO o.a.j.t.JMeterThread: Thread finished: 多用户下单 2-886
2026-09-11 10:32:59,336 INFO o.a.j.t.JMeterThread: Thread is done: 多用户下单 2-887
2026-09-11 10:32:59,337 INFO o.a.j.t.JMeterThread: Thread is done: 多用户下单 2-521
2026-09-11 10:32:59,337 INFO o.a.j.t.JMeterThread: Thread finished: 多用户下单 2-887
2026-09-11 10:32:59,337 INFO o.a.j.t.JMeterThread: Thread is done: 多用户下单 2-468
2026-09-11 10:32:59,337 INFO o.a.j.t.JMeterThread: Thread finished: 多用户下单 2-521
2026-09-11 10:32:59,337 INFO o.a.j.t.JMeterThread: Thread finished: 多用户下单 2-468
2026-09-11 10:32:59,337 INFO o.a.j.t.JMeterThread: Thread is done: 多用户下单 2-523
2026-09-11 10:32:59,337 INFO o.a.j.t.JMeterThread: Thread is done: 多用户下单 2-888
2026-09-11 10:32:59,337 INFO o.a.j.t.JMeterThread: Thread finished: 多用户下单 2-523
2026-09-11 10:32:59,337 INFO o.a.j.t.JMeterThread: Thread finished: 多用户下单 2-888
2026-09-11 10:32:59,337 INFO o.a.j.t.JMeterThread: Thread started: 多用户下单 2-892
2026-09-11 10:32:59,337 INFO o.a.j.t.JMeterThread: Thread is done: 多用户下单 2-889
2026-09-11 10:32:59,337 INFO o.a.j.t.JMeterThread: Thread finished: 多用户下单 2-889
2026-09-11 10:32:59,337 INFO o.a.j.t.JMeterThread: Thread is done: 多用户下单 2-522
2026-09-11 10:32:59,337 INFO o.a.j.t.JMeterThread: Thread finished: 多用户下单 2-522
2026-09-11 10:32:59,338 INFO o.a.j.t.JMeterThread: Thread started: 多用户下单 2-893
2026-09-11 10:32:59,338 INFO o.a.j.t.JMeterThread: Thread is done: 多用户下单 2-525
2026-09-11 10:32:59,338 INFO o.a.j.t.JMeterThread: Thread finished: 多用户下单 2-525
2026-09-11 10:32:59,338 INFO o.a.j.t.JMeterThread: Thread is done: 多用户下单 2-520
2026-09-11 10:32:59,338 INFO o.a.j.t.JMeterThread: Thread started: 多用户下单 2-894
2026-09-11 10:32:59,338 INFO o.a.j.t.JMeterThread: Thread finished: 多用户下单 2-520
2026-09-11 10:32:59,338 INFO o.a.j.t.JMeterThread: Thread is done: 多用户下单 2-891
2026-09-11 10:32:59,338 INFO o.a.j.t.JMeterThread: Thread finished: 多用户下单 2-891
2026-09-11 10:32:59,338 INFO o.a.j.t.JMeterThread: Thread started: 多用户下单 2-895
2026-09-11 10:32:59,339 INFO o.a.j.t.JMeterThread: Thread is done: 多用户下单 2-890
2026-09-11 10:32:59,339 INFO o.a.j.t.JMeterThread: Thread finished: 多用户下单 2-890
2026-09-11 10:32:59,339 INFO o.a.j.t.JMeterThread: Thread started: 多用户下单 2-896
2026-09-11 10:32:59,339 INFO o.a.j.t.JMeterThread: Thread is done: 多用户下单 2-524
2026-09-11 10:32:59,339 INFO o.a.j.t.JMeterThread: Thread finished: 多用户下单 2-524
2026-09-11 10:32:59,339 INFO o.a.j.t.JMeterThread: Thread started: 多用户下单 2-897
2026-09-11 10:32:59,339 INFO o.a.j.t.JMeterThread: Thread is done: 多用户下单 2-893
2026-09-11 10:32:59,339 INFO o.a.j.t.JMeterThread: Thread started: 多用户下单 2-898
2026-09-11 10:32:59,340 INFO o.a.j.t.JMeterThread: Thread finished: 多用户下单 2-893
2026-09-11 10:32:59,340 INFO o.a.j.t.JMeterThread: Thread is done: 多用户下单 2-892
2026-09-11 10:32:59,340 INFO o.a.j.t.JMeterThread: Thread finished: 多用户下单 2-892
2026-09-11 10:32:59,340 INFO o.a.j.t.JMeterThread: Thread started: 多用户下单 2-899
2026-09-11 10:32:59,340 INFO o.a.j.t.JMeterThread: Thread is done: 多用户下单 2-526
2026-09-11 10:32:59,340 INFO o.a.j.t.JMeterThread: Thread finished: 多用户下单 2-526
2026-09-11 10:32:59,341 INFO o.a.j.t.JMeterThread: Thread is done: 多用户下单 2-895
2026-09-11 10:32:59,341 INFO o.a.j.t.JMeterThread: Thread finished: 多用户下单 2-895
2026-09-11 10:32:59,341 INFO o.a.j.t.JMeterThread: Thread started: 多用户下单 2-900
2026-09-11 10:32:59,341 INFO o.a.j.t.JMeterThread: Thread is done: 多用户下单 2-896
2026-09-11 10:32:59,341 INFO o.a.j.t.JMeterThread: Thread finished: 多用户下单 2-896
2026-09-11 10:32:59,341 INFO o.a.j.t.JMeterThread: Thread is done: 多用户下单 2-894
2026-09-11 10:32:59,341 INFO o.a.j.t.JMeterThread: Thread finished: 多用户下单 2-894
2026-09-11 10:32:59,341 INFO o.a.j.t.JMeterThread: Thread started: 多用户下单 2-901
2026-09-11 10:32:59,342 INFO o.a.j.t.JMeterThread: Thread is done: 多用户下单 2-530
2026-09-11 10:32:59,342 INFO o.a.j.t.JMeterThread: Thread is done: 多用户下单 2-528
2026-09-11 10:32:59,342 INFO o.a.j.t.JMeterThread: Thread started: 多用户下单 2-902
2026-09-11 10:32:59,342 INFO o.a.j.t.JMeterThread: Thread finished: 多用户下单 2-530
2026-09-11 10:32:59,342 INFO o.a.j.t.JMeterThread: Thread finished: 多用户下单 2-528
2026-09-11 10:32:59,342 INFO o.a.j.t.JMeterThread: Thread is done: 多用户下单 2-898
2026-09-11 10:32:59,342 INFO o.a.j.t.JMeterThread: Thread is done: 多用户下单 2-529
2026-09-11 10:32:59,342 INFO o.a.j.t.JMeterThread: Thread is done: 多用户下单 2-897
2026-09-11 10:32:59,342 INFO o.a.j.t.JMeterThread: Thread finished: 多用户下单 2-898
2026-09-11 10:32:59,343 INFO o.a.j.t.JMeterThread: Thread finished: 多用户下单 2-529
2026-09-11 10:32:59,343 INFO o.a.j.t.JMeterThread: Thread finished: 多用户下单 2-897
2026-09-11 10:32:59,343 INFO o.a.j.t.JMeterThread: Thread started: 多用户下单 2-903
2026-09-11 10:32:59,343 INFO o.a.j.t.JMeterThread: Thread started: 多用户下单 2-904
2026-09-11 10:32:59,343 INFO o.a.j.t.JMeterThread: Thread is done: 多用户下单 2-899
2026-09-11 10:32:59,343 INFO o.a.j.t.JMeterThread: Thread finished: 多用户下单 2-899
2026-09-11 10:32:59,343 INFO o.a.j.t.JMeterThread: Thread is done: 多用户下单 2-527
2026-09-11 10:32:59,343 INFO o.a.j.t.JMeterThread: Thread finished: 多用户下单 2-527
2026-09-11 10:32:59,343 INFO o.a.j.t.JMeterThread: Thread started: 多用户下单 2-905
2026-09-11 10:32:59,344 INFO o.a.j.t.JMeterThread: Thread is done: 多用户下单 2-531
2026-09-11 10:32:59,344 INFO o.a.j.t.JMeterThread: Thread finished: 多用户下单 2-531
2026-09-11 10:32:59,344 INFO o.a.j.t.JMeterThread: Thread is done: 多用户下单 2-900
2026-09-11 10:32:59,344 INFO o.a.j.t.JMeterThread: Thread finished: 多用户下单 2-900
2026-09-11 10:32:59,344 INFO o.a.j.t.JMeterThread: Thread started: 多用户下单 2-906
2026-09-11 10:32:59,344 INFO o.a.j.t.JMeterThread: Thread is done: 多用户下单 2-901
2026-09-11 10:32:59,344 INFO o.a.j.t.JMeterThread: Thread finished: 多用户下单 2-901
2026-09-11 10:32:59,345 INFO o.a.j.t.JMeterThread: Thread is done: 多用户下单 2-902
2026-09-11 10:32:59,345 INFO o.a.j.t.JMeterThread: Thread finished: 多用户下单 2-902
2026-09-11 10:32:59,345 INFO o.a.j.t.JMeterThread: Thread started: 多用户下单 2-907
2026-09-11 10:32:59,345 INFO o.a.j.t.JMeterThread: Thread is done: 多用户下单 2-903
2026-09-11 10:32:59,345 INFO o.a.j.t.JMeterThread: Thread finished: 多用户下单 2-903
2026-09-11 10:32:59,345 INFO o.a.j.t.JMeterThread: Thread is done: 多用户下单 2-904
2026-09-11 10:32:59,345 INFO o.a.j.t.JMeterThread: Thread started: 多用户下单 2-908
2026-09-11 10:32:59,345 INFO o.a.j.t.JMeterThread: Thread is done: 多用户下单 2-532
2026-09-11 10:32:59,346 INFO o.a.j.t.JMeterThread: Thread finished: 多用户下单 2-904
2026-09-11 10:32:59,346 INFO o.a.j.t.JMeterThread: Thread finished: 多用户下单 2-532
2026-09-11 10:32:59,346 INFO o.a.j.t.JMeterThread: Thread started: 多用户下单 2-909
2026-09-11 10:32:59,346 INFO o.a.j.t.JMeterThread: Thread started: 多用户下单 2-910
2026-09-11 10:32:59,346 INFO o.a.j.t.JMeterThread: Thread started: 多用户下单 2-911
2026-09-11 10:32:59,347 INFO o.a.j.t.JMeterThread: Thread is done: 多用户下单 2-905
2026-09-11 10:32:59,347 INFO o.a.j.t.JMeterThread: Thread is done: 多用户下单 2-906
2026-09-11 10:32:59,347 INFO o.a.j.t.JMeterThread: Thread finished: 多用户下单 2-905
2026-09-11 10:32:59,347 INFO o.a.j.t.JMeterThread: Thread finished: 多用户下单 2-906
2026-09-11 10:32:59,347 INFO o.a.j.t.JMeterThread: Thread is done: 多用户下单 2-907
2026-09-11 10:32:59,347 INFO o.a.j.t.JMeterThread: Thread finished: 多用户下单 2-907
2026-09-11 10:32:59,347 INFO o.a.j.t.JMeterThread: Thread started: 多用户下单 2-912
2026-09-11 10:32:59,347 INFO o.a.j.t.JMeterThread: Thread started: 多用户下单 2-913
2026-09-11 10:32:59,348 INFO o.a.j.t.JMeterThread: Thread started: 多用户下单 2-914
2026-09-11 10:32:59,348 INFO o.a.j.t.JMeterThread: Thread is done: 多用户下单 2-536
2026-09-11 10:32:59,348 INFO o.a.j.t.JMeterThread: Thread finished: 多用户下单 2-536
2026-09-11 10:32:59,349 INFO o.a.j.t.JMeterThread: Thread is done: 多用户下单 2-534
2026-09-11 10:32:59,349 INFO o.a.j.t.JMeterThread: Thread finished: 多用户下单 2-534
2026-09-11 10:32:59,349 INFO o.a.j.t.JMeterThread: Thread started: 多用户下单 2-915
2026-09-11 10:32:59,349 INFO o.a.j.t.JMeterThread: Thread is done: 多用户下单 2-535
2026-09-11 10:32:59,349 INFO o.a.j.t.JMeterThread: Thread finished: 多用户下单 2-535
2026-09-11 10:32:59,349 INFO o.a.j.t.JMeterThread: Thread started: 多用户下单 2-916
2026-09-11 10:32:59,349 INFO o.a.j.t.JMeterThread: Thread is done: 多用户下单 2-537
2026-09-11 10:32:59,349 INFO o.a.j.t.JMeterThread: Thread finished: 多用户下单 2-537
2026-09-11 10:32:59,349 INFO o.a.j.t.JMeterThread: Thread is done: 多用户下单 2-533
2026-09-11 10:32:59,349 INFO o.a.j.t.JMeterThread: Thread finished: 多用户下单 2-533
2026-09-11 10:32:59,350 INFO o.a.j.t.JMeterThread: Thread started: 多用户下单 2-917
2026-09-11 10:32:59,350 INFO o.a.j.t.JMeterThread: Thread started: 多用户下单 2-918
2026-09-11 10:32:59,350 INFO o.a.j.t.JMeterThread: Thread started: 多用户下单 2-919
2026-09-11 10:32:59,351 INFO o.a.j.t.JMeterThread: Thread is done: 多用户下单 2-539
2026-09-11 10:32:59,351 INFO o.a.j.t.JMeterThread: Thread is done: 多用户下单 2-538
2026-09-11 10:32:59,351 INFO o.a.j.t.JMeterThread: Thread finished: 多用户下单 2-539
2026-09-11 10:32:59,351 INFO o.a.j.t.JMeterThread: Thread finished: 多用户下单 2-538
2026-09-11 10:32:59,351 INFO o.a.j.t.JMeterThread: Thread started: 多用户下单 2-920
2026-09-11 10:32:59,352 INFO o.a.j.t.JMeterThread: Thread started: 多用户下单 2-921
2026-09-11 10:32:59,352 INFO o.a.j.t.JMeterThread: Thread is done: 多用户下单 2-541
2026-09-11 10:32:59,352 INFO o.a.j.t.JMeterThread: Thread finished: 多用户下单 2-541
2026-09-11 10:32:59,352 INFO o.a.j.t.JMeterThread: Thread is done: 多用户下单 2-543
2026-09-11 10:32:59,352 INFO o.a.j.t.JMeterThread: Thread finished: 多用户下单 2-543
2026-09-11 10:32:59,352 INFO o.a.j.t.JMeterThread: Thread is done: 多用户下单 2-542
2026-09-11 10:32:59,352 INFO o.a.j.t.JMeterThread: Thread finished: 多用户下单 2-542
2026-09-11 10:32:59,352 INFO o.a.j.t.JMeterThread: Thread started: 多用户下单 2-922
2026-09-11 10:32:59,352 INFO o.a.j.t.JMeterThread: Thread is done: 多用户下单 2-540
2026-09-11 10:32:59,352 INFO o.a.j.t.JMeterThread: Thread finished: 多用户下单 2-540
2026-09-11 10:32:59,352 INFO o.a.j.t.JMeterThread: Thread started: 多用户下单 2-923
2026-09-11 10:32:59,352 INFO o.a.j.t.JMeterThread: Thread is done: 多用户下单 2-544
2026-09-11 10:32:59,352 INFO o.a.j.t.JMeterThread: Thread finished: 多用户下单 2-544
2026-09-11 10:32:59,353 INFO o.a.j.t.JMeterThread: Thread started: 多用户下单 2-924
2026-09-11 10:32:59,354 INFO o.a.j.t.JMeterThread: Thread is done: 多用户下单 2-546
2026-09-11 10:32:59,354 INFO o.a.j.t.JMeterThread: Thread finished: 多用户下单 2-546
2026-09-11 10:32:59,354 INFO o.a.j.t.JMeterThread: Thread started: 多用户下单 2-925
2026-09-11 10:32:59,354 INFO o.a.j.t.JMeterThread: Thread started: 多用户下单 2-926
2026-09-11 10:32:59,354 INFO o.a.j.t.JMeterThread: Thread is done: 多用户下单 2-547
2026-09-11 10:32:59,354 INFO o.a.j.t.JMeterThread: Thread finished: 多用户下单 2-547
2026-09-11 10:32:59,355 INFO o.a.j.t.JMeterThread: Thread started: 多用户下单 2-927
2026-09-11 10:32:59,355 INFO o.a.j.t.JMeterThread: Thread is done: 多用户下单 2-545
2026-09-11 10:32:59,355 INFO o.a.j.t.JMeterThread: Thread started: 多用户下单 2-928
2026-09-11 10:32:59,355 INFO o.a.j.t.JMeterThread: Thread finished: 多用户下单 2-545
2026-09-11 10:32:59,355 INFO o.a.j.t.JMeterThread: Thread started: 多用户下单 2-929
2026-09-11 10:32:59,355 INFO o.a.j.t.JMeterThread: Thread is done: 多用户下单 2-548
2026-09-11 10:32:59,356 INFO o.a.j.t.JMeterThread: Thread finished: 多用户下单 2-548
2026-09-11 10:32:59,356 INFO o.a.j.t.JMeterThread: Thread started: 多用户下单 2-930
2026-09-11 10:32:59,356 INFO o.a.j.t.JMeterThread: Thread is done: 多用户下单 2-549
2026-09-11 10:32:59,356 INFO o.a.j.t.JMeterThread: Thread started: 多用户下单 2-931
2026-09-11 10:32:59,356 INFO o.a.j.t.JMeterThread: Thread finished: 多用户下单 2-549
2026-09-11 10:32:59,357 INFO o.a.j.t.JMeterThread: Thread is done: 多用户下单 2-551
2026-09-11 10:32:59,357 INFO o.a.j.t.JMeterThread: Thread finished: 多用户下单 2-551
2026-09-11 10:32:59,357 INFO o.a.j.t.JMeterThread: Thread started: 多用户下单 2-932
2026-09-11 10:32:59,357 INFO o.a.j.t.JMeterThread: Thread started: 多用户下单 2-933
2026-09-11 10:32:59,357 INFO o.a.j.t.JMeterThread: Thread is done: 多用户下单 2-553
2026-09-11 10:32:59,357 INFO o.a.j.t.JMeterThread: Thread finished: 多用户下单 2-553
2026-09-11 10:32:59,358 INFO o.a.j.t.JMeterThread: Thread started: 多用户下单 2-934
2026-09-11 10:32:59,358 INFO o.a.j.t.JMeterThread: Thread started: 多用户下单 2-935
2026-09-11 10:32:59,359 INFO o.a.j.t.JMeterThread: Thread started: 多用户下单 2-936
2026-09-11 10:32:59,359 INFO o.a.j.t.JMeterThread: Thread is done: 多用户下单 2-554
2026-09-11 10:32:59,359 INFO o.a.j.t.JMeterThread: Thread finished: 多用户下单 2-554
2026-09-11 10:32:59,359 INFO o.a.j.t.JMeterThread: Thread started: 多用户下单 2-937
2026-09-11 10:32:59,359 INFO o.a.j.t.JMeterThread: Thread is done: 多用户下单 2-555
2026-09-11 10:32:59,359 INFO o.a.j.t.JMeterThread: Thread is done: 多用户下单 2-552
2026-09-11 10:32:59,359 INFO o.a.j.t.JMeterThread: Thread finished: 多用户下单 2-552
2026-09-11 10:32:59,359 INFO o.a.j.t.JMeterThread: Thread finished: 多用户下单 2-555
2026-09-11 10:32:59,359 INFO o.a.j.t.JMeterThread: Thread started: 多用户下单 2-938
2026-09-11 10:32:59,359 INFO o.a.j.t.JMeterThread: Thread started: 多用户下单 2-939
2026-09-11 10:32:59,360 INFO o.a.j.t.JMeterThread: Thread is done: 多用户下单 2-550
2026-09-11 10:32:59,360 INFO o.a.j.t.JMeterThread: Thread started: 多用户下单 2-940
2026-09-11 10:32:59,360 INFO o.a.j.t.JMeterThread: Thread finished: 多用户下单 2-550
2026-09-11 10:32:59,360 INFO o.a.j.t.JMeterThread: Thread started: 多用户下单 2-941
2026-09-11 10:32:59,361 INFO o.a.j.t.JMeterThread: Thread started: 多用户下单 2-942
2026-09-11 10:32:59,361 INFO o.a.j.t.JMeterThread: Thread started: 多用户下单 2-943
2026-09-11 10:32:59,361 INFO o.a.j.t.JMeterThread: Thread is done: 多用户下单 2-556
2026-09-11 10:32:59,361 INFO o.a.j.t.JMeterThread: Thread finished: 多用户下单 2-556
2026-09-11 10:32:59,361 INFO o.a.j.t.JMeterThread: Thread is done: 多用户下单 2-557
2026-09-11 10:32:59,361 INFO o.a.j.t.JMeterThread: Thread finished: 多用户下单 2-557
2026-09-11 10:32:59,361 INFO o.a.j.t.JMeterThread: Thread started: 多用户下单 2-944
2026-09-11 10:32:59,362 INFO o.a.j.t.JMeterThread: Thread started: 多用户下单 2-945
2026-09-11 10:32:59,362 INFO o.a.j.t.JMeterThread: Thread is done: 多用户下单 2-559
2026-09-11 10:32:59,362 INFO o.a.j.t.JMeterThread: Thread finished: 多用户下单 2-559
2026-09-11 10:32:59,362 INFO o.a.j.t.JMeterThread: Thread started: 多用户下单 2-946
2026-09-11 10:32:59,362 INFO o.a.j.t.JMeterThread: Thread is done: 多用户下单 2-561
2026-09-11 10:32:59,362 INFO o.a.j.t.JMeterThread: Thread finished: 多用户下单 2-561
2026-09-11 10:32:59,362 INFO o.a.j.t.JMeterThread: Thread started: 多用户下单 2-947
2026-09-11 10:32:59,363 INFO o.a.j.t.JMeterThread: Thread is done: 多用户下单 2-558
2026-09-11 10:32:59,363 INFO o.a.j.t.JMeterThread: Thread finished: 多用户下单 2-558
2026-09-11 10:32:59,363 INFO o.a.j.t.JMeterThread: Thread started: 多用户下单 2-948
2026-09-11 10:32:59,363 INFO o.a.j.t.JMeterThread: Thread started: 多用户下单 2-949
2026-09-11 10:32:59,364 INFO o.a.j.t.JMeterThread: Thread started: 多用户下单 2-950
2026-09-11 10:32:59,364 INFO o.a.j.t.JMeterThread: Thread started: 多用户下单 2-951
2026-09-11 10:32:59,364 INFO o.a.j.t.JMeterThread: Thread is done: 多用户下单 2-562
2026-09-11 10:32:59,364 INFO o.a.j.t.JMeterThread: Thread finished: 多用户下单 2-562
2026-09-11 10:32:59,364 INFO o.a.j.t.JMeterThread: Thread started: 多用户下单 2-952
2026-09-11 10:32:59,364 INFO o.a.j.t.JMeterThread: Thread started: 多用户下单 2-953
2026-09-11 10:32:59,365 INFO o.a.j.t.JMeterThread: Thread is done: 多用户下单 2-560
2026-09-11 10:32:59,365 INFO o.a.j.t.JMeterThread: Thread finished: 多用户下单 2-560
2026-09-11 10:32:59,366 INFO o.a.j.t.JMeterThread: Thread started: 多用户下单 2-954
2026-09-11 10:32:59,366 INFO o.a.j.t.JMeterThread: Thread is done: 多用户下单 2-563
2026-09-11 10:32:59,366 INFO o.a.j.t.JMeterThread: Thread started: 多用户下单 2-955
2026-09-11 10:32:59,366 INFO o.a.j.t.JMeterThread: Thread finished: 多用户下单 2-563
2026-09-11 10:32:59,366 INFO o.a.j.t.JMeterThread: Thread started: 多用户下单 2-956
2026-09-11 10:32:59,367 INFO o.a.j.t.JMeterThread: Thread started: 多用户下单 2-957
2026-09-11 10:32:59,367 INFO o.a.j.t.JMeterThread: Thread started: 多用户下单 2-958
2026-09-11 10:32:59,367 INFO o.a.j.t.JMeterThread: Thread is done: 多用户下单 2-565
2026-09-11 10:32:59,367 INFO o.a.j.t.JMeterThread: Thread finished: 多用户下单 2-565
2026-09-11 10:32:59,367 INFO o.a.j.t.JMeterThread: Thread is done: 多用户下单 2-564
2026-09-11 10:32:59,367 INFO o.a.j.t.JMeterThread: Thread finished: 多用户下单 2-564
2026-09-11 10:32:59,367 INFO o.a.j.t.JMeterThread: Thread started: 多用户下单 2-959
2026-09-11 10:32:59,367 INFO o.a.j.t.JMeterThread: Thread started: 多用户下单 2-960
2026-09-11 10:32:59,368 INFO o.a.j.t.JMeterThread: Thread started: 多用户下单 2-961
2026-09-11 10:32:59,368 INFO o.a.j.t.JMeterThread: Thread started: 多用户下单 2-962
2026-09-11 10:32:59,368 INFO o.a.j.t.JMeterThread: Thread started: 多用户下单 2-963
2026-09-11 10:32:59,369 INFO o.a.j.t.JMeterThread: Thread is done: 多用户下单 2-567
2026-09-11 10:32:59,369 INFO o.a.j.t.JMeterThread: Thread finished: 多用户下单 2-567
2026-09-11 10:32:59,369 INFO o.a.j.t.JMeterThread: Thread started: 多用户下单 2-964
2026-09-11 10:32:59,369 INFO o.a.j.t.JMeterThread: Thread is done: 多用户下单 2-568
2026-09-11 10:32:59,369 INFO o.a.j.t.JMeterThread: Thread finished: 多用户下单 2-568
2026-09-11 10:32:59,370 INFO o.a.j.t.JMeterThread: Thread started: 多用户下单 2-965
2026-09-11 10:32:59,370 INFO o.a.j.t.JMeterThread: Thread started: 多用户下单 2-966
2026-09-11 10:32:59,371 INFO o.a.j.t.JMeterThread: Thread is done: 多用户下单 2-570
2026-09-11 10:32:59,371 INFO o.a.j.t.JMeterThread: Thread finished: 多用户下单 2-570
2026-09-11 10:32:59,371 INFO o.a.j.t.JMeterThread: Thread is done: 多用户下单 2-569
2026-09-11 10:32:59,371 INFO o.a.j.t.JMeterThread: Thread finished: 多用户下单 2-569
2026-09-11 10:32:59,371 INFO o.a.j.t.JMeterThread: Thread started: 多用户下单 2-967
2026-09-11 10:32:59,371 INFO o.a.j.t.JMeterThread: Thread is done: 多用户下单 2-566
2026-09-11 10:32:59,371 INFO o.a.j.t.JMeterThread: Thread finished: 多用户下单 2-566
2026-09-11 10:32:59,371 INFO o.a.j.t.JMeterThread: Thread started: 多用户下单 2-968
2026-09-11 10:32:59,372 INFO o.a.j.t.JMeterThread: Thread started: 多用户下单 2-969
2026-09-11 10:32:59,372 INFO o.a.j.t.JMeterThread: Thread is done: 多用户下单 2-572
2026-09-11 10:32:59,372 INFO o.a.j.t.JMeterThread: Thread is done: 多用户下单 2-571
2026-09-11 10:32:59,372 INFO o.a.j.t.JMeterThread: Thread finished: 多用户下单 2-572
2026-09-11 10:32:59,372 INFO o.a.j.t.JMeterThread: Thread finished: 多用户下单 2-571
2026-09-11 10:32:59,372 INFO o.a.j.t.JMeterThread: Thread started: 多用户下单 2-970
2026-09-11 10:32:59,373 INFO o.a.j.t.JMeterThread: Thread started: 多用户下单 2-971
2026-09-11 10:32:59,373 INFO o.a.j.t.JMeterThread: Thread started: 多用户下单 2-972
2026-09-11 10:32:59,373 INFO o.a.j.t.JMeterThread: Thread is done: 多用户下单 2-574
2026-09-11 10:32:59,373 INFO o.a.j.t.JMeterThread: Thread finished: 多用户下单 2-574
2026-09-11 10:32:59,374 INFO o.a.j.t.JMeterThread: Thread started: 多用户下单 2-973
2026-09-11 10:32:59,374 INFO o.a.j.t.JMeterThread: Thread started: 多用户下单 2-974
2026-09-11 10:32:59,374 INFO o.a.j.t.JMeterThread: Thread started: 多用户下单 2-975
2026-09-11 10:32:59,375 INFO o.a.j.t.JMeterThread: Thread is done: 多用户下单 2-573
2026-09-11 10:32:59,375 INFO o.a.j.t.JMeterThread: Thread finished: 多用户下单 2-573
2026-09-11 10:32:59,375 INFO o.a.j.t.JMeterThread: Thread started: 多用户下单 2-976
2026-09-11 10:32:59,375 INFO o.a.j.t.JMeterThread: Thread is done: 多用户下单 2-577
2026-09-11 10:32:59,375 INFO o.a.j.t.JMeterThread: Thread finished: 多用户下单 2-577
2026-09-11 10:32:59,375 INFO o.a.j.t.JMeterThread: Thread started: 多用户下单 2-977
2026-09-11 10:32:59,376 INFO o.a.j.t.JMeterThread: Thread started: 多用户下单 2-978
2026-09-11 10:32:59,376 INFO o.a.j.t.JMeterThread: Thread is done: 多用户下单 2-575
2026-09-11 10:32:59,376 INFO o.a.j.t.JMeterThread: Thread is done: 多用户下单 2-576
2026-09-11 10:32:59,376 INFO o.a.j.t.JMeterThread: Thread finished: 多用户下单 2-576
2026-09-11 10:32:59,376 INFO o.a.j.t.JMeterThread: Thread finished: 多用户下单 2-575
2026-09-11 10:32:59,376 INFO o.a.j.t.JMeterThread: Thread started: 多用户下单 2-979
2026-09-11 10:32:59,376 INFO o.a.j.t.JMeterThread: Thread is done: 多用户下单 2-578
2026-09-11 10:32:59,376 INFO o.a.j.t.JMeterThread: Thread finished: 多用户下单 2-578
2026-09-11 10:32:59,376 INFO o.a.j.t.JMeterThread: Thread started: 多用户下单 2-985
2026-09-11 10:32:59,376 INFO o.a.j.t.JMeterThread: Thread started: 多用户下单 2-980
2026-09-11 10:32:59,377 INFO o.a.j.t.JMeterThread: Thread started: 多用户下单 2-981
2026-09-11 10:32:59,377 INFO o.a.j.t.JMeterThread: Thread started: 多用户下单 2-982
2026-09-11 10:32:59,377 INFO o.a.j.t.JMeterThread: Thread started: 多用户下单 2-983
2026-09-11 10:32:59,377 INFO o.a.j.t.JMeterThread: Thread started: 多用户下单 2-984
2026-09-11 10:32:59,378 INFO o.a.j.t.JMeterThread: Thread started: 多用户下单 2-986
2026-09-11 10:32:59,378 INFO o.a.j.t.JMeterThread: Thread started: 多用户下单 2-987
2026-09-11 10:32:59,379 INFO o.a.j.t.JMeterThread: Thread started: 多用户下单 2-988
2026-09-11 10:32:59,379 INFO o.a.j.t.JMeterThread: Thread is done: 多用户下单 2-580
2026-09-11 10:32:59,379 INFO o.a.j.t.JMeterThread: Thread finished: 多用户下单 2-580
2026-09-11 10:32:59,379 INFO o.a.j.t.ThreadGroup: Started thread group number 2
2026-09-11 10:32:59,379 INFO o.a.j.e.StandardJMeterEngine: All thread groups have been started
2026-09-11 10:32:59,379 INFO o.a.j.t.JMeterThread: Thread is done: 多用户下单 2-579
2026-09-11 10:32:59,379 INFO o.a.j.t.JMeterThread: Thread finished: 多用户下单 2-579
2026-09-11 10:32:59,379 INFO o.a.j.t.JMeterThread: Thread started: 多用户下单 2-997
2026-09-11 10:32:59,379 INFO o.a.j.t.JMeterThread: Thread started: 多用户下单 2-991
2026-09-11 10:32:59,379 INFO o.a.j.t.JMeterThread: Thread started: 多用户下单 2-993
2026-09-11 10:32:59,380 INFO o.a.j.t.JMeterThread: Thread started: 多用户下单 2-992
2026-09-11 10:32:59,380 INFO o.a.j.t.JMeterThread: Thread started: 多用户下单 2-994
2026-09-11 10:32:59,381 INFO o.a.j.t.JMeterThread: Thread is done: 多用户下单 2-583
2026-09-11 10:32:59,381 INFO o.a.j.t.JMeterThread: Thread finished: 多用户下单 2-583
2026-09-11 10:32:59,381 INFO o.a.j.t.JMeterThread: Thread started: 多用户下单 2-995
2026-09-11 10:32:59,381 INFO o.a.j.t.JMeterThread: Thread is done: 多用户下单 2-581
2026-09-11 10:32:59,381 INFO o.a.j.t.JMeterThread: Thread finished: 多用户下单 2-581
2026-09-11 10:32:59,381 INFO o.a.j.t.JMeterThread: Thread started: 多用户下单 2-996
2026-09-11 10:32:59,381 INFO o.a.j.t.JMeterThread: Thread started: 多用户下单 2-989
2026-09-11 10:32:59,381 INFO o.a.j.t.JMeterThread: Thread is done: 多用户下单 2-991
2026-09-11 10:32:59,381 INFO o.a.j.t.JMeterThread: Thread is done: 多用户下单 2-997
2026-09-11 10:32:59,381 INFO o.a.j.t.JMeterThread: Thread finished: 多用户下单 2-997
2026-09-11 10:32:59,381 INFO o.a.j.t.JMeterThread: Thread finished: 多用户下单 2-991
2026-09-11 10:32:59,382 INFO o.a.j.t.JMeterThread: Thread started: 多用户下单 2-998
2026-09-11 10:32:59,382 INFO o.a.j.t.JMeterThread: Thread is done: 多用户下单 2-993
2026-09-11 10:32:59,382 INFO o.a.j.t.JMeterThread: Thread is done: 多用户下单 2-585
2026-09-11 10:32:59,382 INFO o.a.j.t.JMeterThread: Thread started: 多用户下单 2-999
2026-09-11 10:32:59,382 INFO o.a.j.t.JMeterThread: Thread finished: 多用户下单 2-585
2026-09-11 10:32:59,382 INFO o.a.j.t.JMeterThread: Thread finished: 多用户下单 2-993
2026-09-11 10:32:59,382 INFO o.a.j.t.JMeterThread: Thread started: 多用户下单 2-1000
2026-09-11 10:32:59,382 INFO o.a.j.t.JMeterThread: Thread is done: 多用户下单 2-994
2026-09-11 10:32:59,382 INFO o.a.j.t.JMeterThread: Thread started: 多用户下单 2-990
2026-09-11 10:32:59,382 INFO o.a.j.t.JMeterThread: Thread finished: 多用户下单 2-994
2026-09-11 10:32:59,382 INFO o.a.j.t.JMeterThread: Thread is done: 多用户下单 2-995
2026-09-11 10:32:59,383 INFO o.a.j.t.JMeterThread: Thread finished: 多用户下单 2-995
2026-09-11 10:32:59,383 INFO o.a.j.t.JMeterThread: Thread is done: 多用户下单 2-992
2026-09-11 10:32:59,383 INFO o.a.j.t.JMeterThread: Thread finished: 多用户下单 2-992
2026-09-11 10:32:59,383 INFO o.a.j.t.JMeterThread: Thread is done: 多用户下单 2-989
2026-09-11 10:32:59,383 INFO o.a.j.t.JMeterThread: Thread finished: 多用户下单 2-989
2026-09-11 10:32:59,383 INFO o.a.j.t.JMeterThread: Thread is done: 多用户下单 2-996
2026-09-11 10:32:59,383 INFO o.a.j.t.JMeterThread: Thread finished: 多用户下单 2-996
2026-09-11 10:32:59,384 INFO o.a.j.t.JMeterThread: Thread is done: 多用户下单 2-999
2026-09-11 10:32:59,384 INFO o.a.j.t.JMeterThread: Thread finished: 多用户下单 2-999
2026-09-11 10:32:59,384 INFO o.a.j.t.JMeterThread: Thread is done: 多用户下单 2-998
2026-09-11 10:32:59,384 INFO o.a.j.t.JMeterThread: Thread is done: 多用户下单 2-990
2026-09-11 10:32:59,384 INFO o.a.j.t.JMeterThread: Thread finished: 多用户下单 2-990
2026-09-11 10:32:59,384 INFO o.a.j.t.JMeterThread: Thread finished: 多用户下单 2-998
2026-09-11 10:32:59,385 INFO o.a.j.t.JMeterThread: Thread is done: 多用户下单 2-1000
2026-09-11 10:32:59,385 INFO o.a.j.t.JMeterThread: Thread finished: 多用户下单 2-1000
2026-09-11 10:32:59,385 INFO o.a.j.t.JMeterThread: Thread is done: 多用户下单 2-582
2026-09-11 10:32:59,385 INFO o.a.j.t.JMeterThread: Thread finished: 多用户下单 2-582
2026-09-11 10:32:59,385 INFO o.a.j.t.JMeterThread: Thread is done: 多用户下单 2-587
2026-09-11 10:32:59,385 INFO o.a.j.t.JMeterThread: Thread finished: 多用户下单 2-587
2026-09-11 10:32:59,386 INFO o.a.j.t.JMeterThread: Thread is done: 多用户下单 2-586
2026-09-11 10:32:59,386 INFO o.a.j.t.JMeterThread: Thread finished: 多用户下单 2-586
2026-09-11 10:32:59,386 INFO o.a.j.t.JMeterThread: Thread is done: 多用户下单 2-588
2026-09-11 10:32:59,386 INFO o.a.j.t.JMeterThread: Thread finished: 多用户下单 2-588
2026-09-11 10:32:59,387 INFO o.a.j.t.JMeterThread: Thread is done: 多用户下单 2-589
2026-09-11 10:32:59,387 INFO o.a.j.t.JMeterThread: Thread finished: 多用户下单 2-589
2026-09-11 10:32:59,388 INFO o.a.j.t.JMeterThread: Thread is done: 多用户下单 2-584
2026-09-11 10:32:59,388 INFO o.a.j.t.JMeterThread: Thread finished: 多用户下单 2-584
2026-09-11 10:32:59,388 INFO o.a.j.t.JMeterThread: Thread is done: 多用户下单 2-642
2026-09-11 10:32:59,388 INFO o.a.j.t.JMeterThread: Thread finished: 多用户下单 2-642
2026-09-11 10:32:59,388 INFO o.a.j.t.JMeterThread: Thread is done: 多用户下单 2-643
2026-09-11 10:32:59,388 INFO o.a.j.t.JMeterThread: Thread finished: 多用户下单 2-643
2026-09-11 10:32:59,389 INFO o.a.j.t.JMeterThread: Thread is done: 多用户下单 2-646
2026-09-11 10:32:59,389 INFO o.a.j.t.JMeterThread: Thread finished: 多用户下单 2-646
2026-09-11 10:32:59,389 INFO o.a.j.t.JMeterThread: Thread is done: 多用户下单 2-644
2026-09-11 10:32:59,389 INFO o.a.j.t.JMeterThread: Thread finished: 多用户下单 2-644
2026-09-11 10:32:59,390 INFO o.a.j.t.JMeterThread: Thread is done: 多用户下单 2-647
2026-09-11 10:32:59,390 INFO o.a.j.t.JMeterThread: Thread finished: 多用户下单 2-647
2026-09-11 10:32:59,391 INFO o.a.j.t.JMeterThread: Thread is done: 多用户下单 2-645
2026-09-11 10:32:59,391 INFO o.a.j.t.JMeterThread: Thread finished: 多用户下单 2-645
2026-09-11 10:32:59,392 INFO o.a.j.t.JMeterThread: Thread is done: 多用户下单 2-649
2026-09-11 10:32:59,392 INFO o.a.j.t.JMeterThread: Thread finished: 多用户下单 2-649
2026-09-11 10:32:59,392 INFO o.a.j.t.JMeterThread: Thread is done: 多用户下单 2-648
2026-09-11 10:32:59,392 INFO o.a.j.t.JMeterThread: Thread is done: 多用户下单 2-650
2026-09-11 10:32:59,392 INFO o.a.j.t.JMeterThread: Thread finished: 多用户下单 2-648
2026-09-11 10:32:59,392 INFO o.a.j.t.JMeterThread: Thread finished: 多用户下单 2-650
2026-09-11 10:32:59,393 INFO o.a.j.t.JMeterThread: Thread is done: 多用户下单 2-651
2026-09-11 10:32:59,393 INFO o.a.j.t.JMeterThread: Thread finished: 多用户下单 2-651
2026-09-11 10:32:59,394 INFO o.a.j.t.JMeterThread: Thread is done: 多用户下单 2-652
2026-09-11 10:32:59,394 INFO o.a.j.t.JMeterThread: Thread finished: 多用户下单 2-652
2026-09-11 10:32:59,395 INFO o.a.j.t.JMeterThread: Thread is done: 多用户下单 2-654
2026-09-11 10:32:59,395 INFO o.a.j.t.JMeterThread: Thread finished: 多用户下单 2-654
2026-09-11 10:32:59,396 INFO o.a.j.t.JMeterThread: Thread is done: 多用户下单 2-655
2026-09-11 10:32:59,396 INFO o.a.j.t.JMeterThread: Thread finished: 多用户下单 2-655
2026-09-11 10:32:59,397 INFO o.a.j.t.JMeterThread: Thread is done: 多用户下单 2-656
2026-09-11 10:32:59,397 INFO o.a.j.t.JMeterThread: Thread finished: 多用户下单 2-656
2026-09-11 10:32:59,397 INFO o.a.j.t.JMeterThread: Thread is done: 多用户下单 2-658
2026-09-11 10:32:59,397 INFO o.a.j.t.JMeterThread: Thread finished: 多用户下单 2-658
2026-09-11 10:32:59,397 INFO o.a.j.t.JMeterThread: Thread is done: 多用户下单 2-653
2026-09-11 10:32:59,397 INFO o.a.j.t.JMeterThread: Thread finished: 多用户下单 2-653
2026-09-11 10:32:59,398 INFO o.a.j.t.JMeterThread: Thread is done: 多用户下单 2-659
2026-09-11 10:32:59,398 INFO o.a.j.t.JMeterThread: Thread finished: 多用户下单 2-659
2026-09-11 10:32:59,399 INFO o.a.j.t.JMeterThread: Thread is done: 多用户下单 2-657
2026-09-11 10:32:59,399 INFO o.a.j.t.JMeterThread: Thread is done: 多用户下单 2-660
2026-09-11 10:32:59,399 INFO o.a.j.t.JMeterThread: Thread finished: 多用户下单 2-657
2026-09-11 10:32:59,399 INFO o.a.j.t.JMeterThread: Thread finished: 多用户下单 2-660
2026-09-11 10:32:59,401 INFO o.a.j.t.JMeterThread: Thread is done: 多用户下单 2-661
2026-09-11 10:32:59,401 INFO o.a.j.t.JMeterThread: Thread is done: 多用户下单 2-662
2026-09-11 10:32:59,401 INFO o.a.j.t.JMeterThread: Thread finished: 多用户下单 2-661
2026-09-11 10:32:59,401 INFO o.a.j.t.JMeterThread: Thread finished: 多用户下单 2-662
2026-09-11 10:32:59,401 INFO o.a.j.t.JMeterThread: Thread is done: 多用户下单 2-664
2026-09-11 10:32:59,401 INFO o.a.j.t.JMeterThread: Thread is done: 多用户下单 2-663
2026-09-11 10:32:59,401 INFO o.a.j.t.JMeterThread: Thread finished: 多用户下单 2-664
2026-09-11 10:32:59,402 INFO o.a.j.t.JMeterThread: Thread finished: 多用户下单 2-663
2026-09-11 10:32:59,402 INFO o.a.j.t.JMeterThread: Thread is done: 多用户下单 2-665
2026-09-11 10:32:59,402 INFO o.a.j.t.JMeterThread: Thread finished: 多用户下单 2-665
2026-09-11 10:32:59,402 INFO o.a.j.t.JMeterThread: Thread is done: 多用户下单 2-666
2026-09-11 10:32:59,403 INFO o.a.j.t.JMeterThread: Thread finished: 多用户下单 2-666
2026-09-11 10:32:59,403 INFO o.a.j.t.JMeterThread: Thread is done: 多用户下单 2-667
2026-09-11 10:32:59,403 INFO o.a.j.t.JMeterThread: Thread finished: 多用户下单 2-667
2026-09-11 10:32:59,405 INFO o.a.j.t.JMeterThread: Thread is done: 多用户下单 2-669
2026-09-11 10:32:59,405 INFO o.a.j.t.JMeterThread: Thread finished: 多用户下单 2-669
2026-09-11 10:32:59,405 INFO o.a.j.t.JMeterThread: Thread is done: 多用户下单 2-668
2026-09-11 10:32:59,405 INFO o.a.j.t.JMeterThread: Thread finished: 多用户下单 2-668
2026-09-11 10:32:59,405 INFO o.a.j.t.JMeterThread: Thread is done: 多用户下单 2-671
2026-09-11 10:32:59,405 INFO o.a.j.t.JMeterThread: Thread is done: 多用户下单 2-670
2026-09-11 10:32:59,405 INFO o.a.j.t.JMeterThread: Thread finished: 多用户下单 2-671
2026-09-11 10:32:59,405 INFO o.a.j.t.JMeterThread: Thread finished: 多用户下单 2-670
2026-09-11 10:32:59,406 INFO o.a.j.t.JMeterThread: Thread is done: 多用户下单 2-675
2026-09-11 10:32:59,406 INFO o.a.j.t.JMeterThread: Thread finished: 多用户下单 2-675
2026-09-11 10:32:59,406 INFO o.a.j.t.JMeterThread: Thread is done: 多用户下单 2-672
2026-09-11 10:32:59,406 INFO o.a.j.t.JMeterThread: Thread finished: 多用户下单 2-672
2026-09-11 10:32:59,407 INFO o.a.j.t.JMeterThread: Thread is done: 多用户下单 2-677
2026-09-11 10:32:59,407 INFO o.a.j.t.JMeterThread: Thread finished: 多用户下单 2-677
2026-09-11 10:32:59,407 INFO o.a.j.t.JMeterThread: Thread is done: 多用户下单 2-673
2026-09-11 10:32:59,408 INFO o.a.j.t.JMeterThread: Thread finished: 多用户下单 2-673
2026-09-11 10:32:59,408 INFO o.a.j.t.JMeterThread: Thread is done: 多用户下单 2-674
2026-09-11 10:32:59,408 INFO o.a.j.t.JMeterThread: Thread finished: 多用户下单 2-674
2026-09-11 10:32:59,410 INFO o.a.j.t.JMeterThread: Thread is done: 多用户下单 2-676
2026-09-11 10:32:59,410 INFO o.a.j.t.JMeterThread: Thread finished: 多用户下单 2-676
2026-09-11 10:32:59,411 INFO o.a.j.t.JMeterThread: Thread is done: 多用户下单 2-679
2026-09-11 10:32:59,411 INFO o.a.j.t.JMeterThread: Thread finished: 多用户下单 2-679
2026-09-11 10:32:59,411 INFO o.a.j.t.JMeterThread: Thread is done: 多用户下单 2-680
2026-09-11 10:32:59,411 INFO o.a.j.t.JMeterThread: Thread finished: 多用户下单 2-680
2026-09-11 10:32:59,411 INFO o.a.j.t.JMeterThread: Thread is done: 多用户下单 2-681
2026-09-11 10:32:59,411 INFO o.a.j.t.JMeterThread: Thread finished: 多用户下单 2-681
2026-09-11 10:32:59,412 INFO o.a.j.t.JMeterThread: Thread is done: 多用户下单 2-685
2026-09-11 10:32:59,412 INFO o.a.j.t.JMeterThread: Thread finished: 多用户下单 2-685
2026-09-11 10:32:59,413 INFO o.a.j.t.JMeterThread: Thread is done: 多用户下单 2-678
2026-09-11 10:32:59,413 INFO o.a.j.t.JMeterThread: Thread finished: 多用户下单 2-678
2026-09-11 10:32:59,413 INFO o.a.j.t.JMeterThread: Thread is done: 多用户下单 2-684
2026-09-11 10:32:59,413 INFO o.a.j.t.JMeterThread: Thread finished: 多用户下单 2-684
2026-09-11 10:32:59,413 INFO o.a.j.t.JMeterThread: Thread is done: 多用户下单 2-687
2026-09-11 10:32:59,413 INFO o.a.j.t.JMeterThread: Thread is done: 多用户下单 2-683
2026-09-11 10:32:59,413 INFO o.a.j.t.JMeterThread: Thread finished: 多用户下单 2-687
2026-09-11 10:32:59,413 INFO o.a.j.t.JMeterThread: Thread finished: 多用户下单 2-683
2026-09-11 10:32:59,414 INFO o.a.j.t.JMeterThread: Thread is done: 多用户下单 2-682
2026-09-11 10:32:59,414 INFO o.a.j.t.JMeterThread: Thread finished: 多用户下单 2-682
2026-09-11 10:32:59,414 INFO o.a.j.t.JMeterThread: Thread is done: 多用户下单 2-686
2026-09-11 10:32:59,414 INFO o.a.j.t.JMeterThread: Thread finished: 多用户下单 2-686
2026-09-11 10:32:59,414 INFO o.a.j.t.JMeterThread: Thread is done: 多用户下单 2-688
2026-09-11 10:32:59,415 INFO o.a.j.t.JMeterThread: Thread finished: 多用户下单 2-688
2026-09-11 10:32:59,415 INFO o.a.j.t.JMeterThread: Thread is done: 多用户下单 2-689
2026-09-11 10:32:59,415 INFO o.a.j.t.JMeterThread: Thread finished: 多用户下单 2-689
2026-09-11 10:32:59,415 INFO o.a.j.t.JMeterThread: Thread is done: 多用户下单 2-691
2026-09-11 10:32:59,415 INFO o.a.j.t.JMeterThread: Thread finished: 多用户下单 2-691
2026-09-11 10:32:59,415 INFO o.a.j.t.JMeterThread: Thread is done: 多用户下单 2-690
2026-09-11 10:32:59,415 INFO o.a.j.t.JMeterThread: Thread finished: 多用户下单 2-690
2026-09-11 10:32:59,416 INFO o.a.j.t.JMeterThread: Thread is done: 多用户下单 2-693
2026-09-11 10:32:59,416 INFO o.a.j.t.JMeterThread: Thread is done: 多用户下单 2-694
2026-09-11 10:32:59,416 INFO o.a.j.t.JMeterThread: Thread finished: 多用户下单 2-693
2026-09-11 10:32:59,416 INFO o.a.j.t.JMeterThread: Thread is done: 多用户下单 2-692
2026-09-11 10:32:59,416 INFO o.a.j.t.JMeterThread: Thread finished: 多用户下单 2-694
2026-09-11 10:32:59,416 INFO o.a.j.t.JMeterThread: Thread finished: 多用户下单 2-692
2026-09-11 10:32:59,416 INFO o.a.j.t.JMeterThread: Thread is done: 多用户下单 2-695
2026-09-11 10:32:59,416 INFO o.a.j.t.JMeterThread: Thread finished: 多用户下单 2-695
2026-09-11 10:32:59,416 INFO o.a.j.t.JMeterThread: Thread is done: 多用户下单 2-698
2026-09-11 10:32:59,416 INFO o.a.j.t.JMeterThread: Thread finished: 多用户下单 2-698
2026-09-11 10:32:59,416 INFO o.a.j.t.JMeterThread: Thread is done: 多用户下单 2-696
2026-09-11 10:32:59,416 INFO o.a.j.t.JMeterThread: Thread finished: 多用户下单 2-696
2026-09-11 10:32:59,417 INFO o.a.j.t.JMeterThread: Thread is done: 多用户下单 2-697
2026-09-11 10:32:59,417 INFO o.a.j.t.JMeterThread: Thread finished: 多用户下单 2-697
2026-09-11 10:32:59,417 INFO o.a.j.t.JMeterThread: Thread is done: 多用户下单 2-699
2026-09-11 10:32:59,417 INFO o.a.j.t.JMeterThread: Thread finished: 多用户下单 2-699
2026-09-11 10:32:59,417 INFO o.a.j.t.JMeterThread: Thread is done: 多用户下单 2-700
2026-09-11 10:32:59,417 INFO o.a.j.t.JMeterThread: Thread finished: 多用户下单 2-700
2026-09-11 10:32:59,417 INFO o.a.j.t.JMeterThread: Thread is done: 多用户下单 2-702
2026-09-11 10:32:59,417 INFO o.a.j.t.JMeterThread: Thread finished: 多用户下单 2-702
2026-09-11 10:32:59,418 INFO o.a.j.t.JMeterThread: Thread is done: 多用户下单 2-703
2026-09-11 10:32:59,418 INFO o.a.j.t.JMeterThread: Thread finished: 多用户下单 2-703
2026-09-11 10:32:59,418 INFO o.a.j.t.JMeterThread: Thread is done: 多用户下单 2-701
2026-09-11 10:32:59,418 INFO o.a.j.t.JMeterThread: Thread finished: 多用户下单 2-701
2026-09-11 10:32:59,419 INFO o.a.j.t.JMeterThread: Thread is done: 多用户下单 2-704
2026-09-11 10:32:59,419 INFO o.a.j.t.JMeterThread: Thread finished: 多用户下单 2-704
2026-09-11 10:32:59,419 INFO o.a.j.t.JMeterThread: Thread is done: 多用户下单 2-706
2026-09-11 10:32:59,419 INFO o.a.j.t.JMeterThread: Thread finished: 多用户下单 2-706
2026-09-11 10:32:59,419 INFO o.a.j.t.JMeterThread: Thread is done: 多用户下单 2-707
2026-09-11 10:32:59,419 INFO o.a.j.t.JMeterThread: Thread finished: 多用户下单 2-707
2026-09-11 10:32:59,421 INFO o.a.j.t.JMeterThread: Thread is done: 多用户下单 2-785
2026-09-11 10:32:59,421 INFO o.a.j.t.JMeterThread: Thread is done: 多用户下单 2-784
2026-09-11 10:32:59,421 INFO o.a.j.t.JMeterThread: Thread finished: 多用户下单 2-784
2026-09-11 10:32:59,421 INFO o.a.j.t.JMeterThread: Thread finished: 多用户下单 2-785
2026-09-11 10:32:59,421 INFO o.a.j.t.JMeterThread: Thread is done: 多用户下单 2-782
2026-09-11 10:32:59,421 INFO o.a.j.t.JMeterThread: Thread is done: 多用户下单 2-705
2026-09-11 10:32:59,421 INFO o.a.j.t.JMeterThread: Thread finished: 多用户下单 2-705
2026-09-11 10:32:59,421 INFO o.a.j.t.JMeterThread: Thread finished: 多用户下单 2-782
2026-09-11 10:32:59,422 INFO o.a.j.t.JMeterThread: Thread is done: 多用户下单 2-786
2026-09-11 10:32:59,422 INFO o.a.j.t.JMeterThread: Thread finished: 多用户下单 2-786
2026-09-11 10:32:59,422 INFO o.a.j.t.JMeterThread: Thread is done: 多用户下单 2-787
2026-09-11 10:32:59,422 INFO o.a.j.t.JMeterThread: Thread finished: 多用户下单 2-787
2026-09-11 10:32:59,423 INFO o.a.j.t.JMeterThread: Thread is done: 多用户下单 2-789
2026-09-11 10:32:59,423 INFO o.a.j.t.JMeterThread: Thread finished: 多用户下单 2-789
2026-09-11 10:32:59,423 INFO o.a.j.t.JMeterThread: Thread is done: 多用户下单 2-788
2026-09-11 10:32:59,423 INFO o.a.j.t.JMeterThread: Thread is done: 多用户下单 2-790
2026-09-11 10:32:59,423 INFO o.a.j.t.JMeterThread: Thread finished: 多用户下单 2-790
2026-09-11 10:32:59,423 INFO o.a.j.t.JMeterThread: Thread finished: 多用户下单 2-788
2026-09-11 10:32:59,424 INFO o.a.j.t.JMeterThread: Thread is done: 多用户下单 2-793
2026-09-11 10:32:59,424 INFO o.a.j.t.JMeterThread: Thread finished: 多用户下单 2-793
2026-09-11 10:32:59,424 INFO o.a.j.t.JMeterThread: Thread is done: 多用户下单 2-791
2026-09-11 10:32:59,424 INFO o.a.j.t.JMeterThread: Thread is done: 多用户下单 2-792
2026-09-11 10:32:59,424 INFO o.a.j.t.JMeterThread: Thread finished: 多用户下单 2-791
2026-09-11 10:32:59,424 INFO o.a.j.t.JMeterThread: Thread finished: 多用户下单 2-792
2026-09-11 10:32:59,425 INFO o.a.j.t.JMeterThread: Thread is done: 多用户下单 2-794
2026-09-11 10:32:59,425 INFO o.a.j.t.JMeterThread: Thread finished: 多用户下单 2-794
2026-09-11 10:32:59,426 INFO o.a.j.t.JMeterThread: Thread is done: 多用户下单 2-795
2026-09-11 10:32:59,426 INFO o.a.j.t.JMeterThread: Thread finished: 多用户下单 2-795
2026-09-11 10:32:59,426 INFO o.a.j.t.JMeterThread: Thread is done: 多用户下单 2-796
2026-09-11 10:32:59,426 INFO o.a.j.t.JMeterThread: Thread is done: 多用户下单 2-797
2026-09-11 10:32:59,426 INFO o.a.j.t.JMeterThread: Thread finished: 多用户下单 2-797
2026-09-11 10:32:59,426 INFO o.a.j.t.JMeterThread: Thread finished: 多用户下单 2-796
2026-09-11 10:32:59,427 INFO o.a.j.t.JMeterThread: Thread is done: 多用户下单 2-798
2026-09-11 10:32:59,427 INFO o.a.j.t.JMeterThread: Thread finished: 多用户下单 2-798
2026-09-11 10:32:59,429 INFO o.a.j.t.JMeterThread: Thread is done: 多用户下单 2-799
2026-09-11 10:32:59,430 INFO o.a.j.t.JMeterThread: Thread finished: 多用户下单 2-799
2026-09-11 10:32:59,430 INFO o.a.j.t.JMeterThread: Thread is done: 多用户下单 2-800
2026-09-11 10:32:59,430 INFO o.a.j.t.JMeterThread: Thread finished: 多用户下单 2-800
2026-09-11 10:32:59,431 INFO o.a.j.t.JMeterThread: Thread is done: 多用户下单 2-801
2026-09-11 10:32:59,431 INFO o.a.j.t.JMeterThread: Thread finished: 多用户下单 2-801
2026-09-11 10:32:59,432 INFO o.a.j.t.JMeterThread: Thread is done: 多用户下单 2-803
2026-09-11 10:32:59,432 INFO o.a.j.t.JMeterThread: Thread is done: 多用户下单 2-802
2026-09-11 10:32:59,432 INFO o.a.j.t.JMeterThread: Thread finished: 多用户下单 2-803
2026-09-11 10:32:59,432 INFO o.a.j.t.JMeterThread: Thread finished: 多用户下单 2-802
2026-09-11 10:32:59,433 INFO o.a.j.t.JMeterThread: Thread is done: 多用户下单 2-804
2026-09-11 10:32:59,433 INFO o.a.j.t.JMeterThread: Thread finished: 多用户下单 2-804
2026-09-11 10:32:59,435 INFO o.a.j.t.JMeterThread: Thread is done: 多用户下单 2-805
2026-09-11 10:32:59,435 INFO o.a.j.t.JMeterThread: Thread is done: 多用户下单 2-810
2026-09-11 10:32:59,435 INFO o.a.j.t.JMeterThread: Thread finished: 多用户下单 2-805
2026-09-11 10:32:59,435 INFO o.a.j.t.JMeterThread: Thread is done: 多用户下单 2-811
2026-09-11 10:32:59,435 INFO o.a.j.t.JMeterThread: Thread is done: 多用户下单 2-808
2026-09-11 10:32:59,435 INFO o.a.j.t.JMeterThread: Thread finished: 多用户下单 2-810
2026-09-11 10:32:59,435 INFO o.a.j.t.JMeterThread: Thread finished: 多用户下单 2-811
2026-09-11 10:32:59,435 INFO o.a.j.t.JMeterThread: Thread finished: 多用户下单 2-808
2026-09-11 10:32:59,436 INFO o.a.j.t.JMeterThread: Thread is done: 多用户下单 2-806
2026-09-11 10:32:59,436 INFO o.a.j.t.JMeterThread: Thread is done: 多用户下单 2-809
2026-09-11 10:32:59,436 INFO o.a.j.t.JMeterThread: Thread finished: 多用户下单 2-806
2026-09-11 10:32:59,436 INFO o.a.j.t.JMeterThread: Thread is done: 多用户下单 2-813
2026-09-11 10:32:59,436 INFO o.a.j.t.JMeterThread: Thread finished: 多用户下单 2-809
2026-09-11 10:32:59,436 INFO o.a.j.t.JMeterThread: Thread finished: 多用户下单 2-813
2026-09-11 10:32:59,436 INFO o.a.j.t.JMeterThread: Thread is done: 多用户下单 2-807
2026-09-11 10:32:59,437 INFO o.a.j.t.JMeterThread: Thread is done: 多用户下单 2-812
2026-09-11 10:32:59,437 INFO o.a.j.t.JMeterThread: Thread finished: 多用户下单 2-807
2026-09-11 10:32:59,437 INFO o.a.j.t.JMeterThread: Thread finished: 多用户下单 2-812
2026-09-11 10:32:59,437 INFO o.a.j.t.JMeterThread: Thread is done: 多用户下单 2-815
2026-09-11 10:32:59,437 INFO o.a.j.t.JMeterThread: Thread finished: 多用户下单 2-815
2026-09-11 10:32:59,437 INFO o.a.j.t.JMeterThread: Thread is done: 多用户下单 2-814
2026-09-11 10:32:59,437 INFO o.a.j.t.JMeterThread: Thread finished: 多用户下单 2-814
2026-09-11 10:32:59,438 INFO o.a.j.t.JMeterThread: Thread is done: 多用户下单 2-816
2026-09-11 10:32:59,438 INFO o.a.j.t.JMeterThread: Thread finished: 多用户下单 2-816
2026-09-11 10:32:59,439 INFO o.a.j.t.JMeterThread: Thread is done: 多用户下单 2-819
2026-09-11 10:32:59,439 INFO o.a.j.t.JMeterThread: Thread finished: 多用户下单 2-819
2026-09-11 10:32:59,439 INFO o.a.j.t.JMeterThread: Thread is done: 多用户下单 2-817
2026-09-11 10:32:59,439 INFO o.a.j.t.JMeterThread: Thread finished: 多用户下单 2-817
2026-09-11 10:32:59,440 INFO o.a.j.t.JMeterThread: Thread is done: 多用户下单 2-820
2026-09-11 10:32:59,440 INFO o.a.j.t.JMeterThread: Thread is done: 多用户下单 2-825
2026-09-11 10:32:59,440 INFO o.a.j.t.JMeterThread: Thread finished: 多用户下单 2-820
2026-09-11 10:32:59,440 INFO o.a.j.t.JMeterThread: Thread finished: 多用户下单 2-825
2026-09-11 10:32:59,440 INFO o.a.j.t.JMeterThread: Thread is done: 多用户下单 2-818
2026-09-11 10:32:59,440 INFO o.a.j.t.JMeterThread: Thread finished: 多用户下单 2-818
2026-09-11 10:32:59,440 INFO o.a.j.t.JMeterThread: Thread is done: 多用户下单 2-822
2026-09-11 10:32:59,440 INFO o.a.j.t.JMeterThread: Thread finished: 多用户下单 2-822
2026-09-11 10:32:59,441 INFO o.a.j.t.JMeterThread: Thread is done: 多用户下单 2-821
2026-09-11 10:32:59,441 INFO o.a.j.t.JMeterThread: Thread finished: 多用户下单 2-821
2026-09-11 10:32:59,442 INFO o.a.j.t.JMeterThread: Thread is done: 多用户下单 2-826
2026-09-11 10:32:59,442 INFO o.a.j.t.JMeterThread: Thread is done: 多用户下单 2-823
2026-09-11 10:32:59,442 INFO o.a.j.t.JMeterThread: Thread finished: 多用户下单 2-826
2026-09-11 10:32:59,442 INFO o.a.j.t.JMeterThread: Thread finished: 多用户下单 2-823
2026-09-11 10:32:59,442 INFO o.a.j.t.JMeterThread: Thread is done: 多用户下单 2-824
2026-09-11 10:32:59,442 INFO o.a.j.t.JMeterThread: Thread finished: 多用户下单 2-824
2026-09-11 10:32:59,443 INFO o.a.j.t.JMeterThread: Thread is done: 多用户下单 2-828
2026-09-11 10:32:59,444 INFO o.a.j.t.JMeterThread: Thread finished: 多用户下单 2-828
2026-09-11 10:32:59,444 INFO o.a.j.t.JMeterThread: Thread is done: 多用户下单 2-827
2026-09-11 10:32:59,444 INFO o.a.j.t.JMeterThread: Thread finished: 多用户下单 2-827
2026-09-11 10:32:59,445 INFO o.a.j.t.JMeterThread: Thread is done: 多用户下单 2-830
2026-09-11 10:32:59,445 INFO o.a.j.t.JMeterThread: Thread finished: 多用户下单 2-830
2026-09-11 10:32:59,446 INFO o.a.j.t.JMeterThread: Thread is done: 多用户下单 2-829
2026-09-11 10:32:59,446 INFO o.a.j.t.JMeterThread: Thread finished: 多用户下单 2-829
2026-09-11 10:32:59,447 INFO o.a.j.t.JMeterThread: Thread is done: 多用户下单 2-832
2026-09-11 10:32:59,447 INFO o.a.j.t.JMeterThread: Thread finished: 多用户下单 2-832
2026-09-11 10:32:59,447 INFO o.a.j.t.JMeterThread: Thread is done: 多用户下单 2-831
2026-09-11 10:32:59,447 INFO o.a.j.t.JMeterThread: Thread finished: 多用户下单 2-831
2026-09-11 10:32:59,447 INFO o.a.j.t.JMeterThread: Thread is done: 多用户下单 2-835
2026-09-11 10:32:59,447 INFO o.a.j.t.JMeterThread: Thread finished: 多用户下单 2-835
2026-09-11 10:32:59,447 INFO o.a.j.t.JMeterThread: Thread is done: 多用户下单 2-834
2026-09-11 10:32:59,447 INFO o.a.j.t.JMeterThread: Thread finished: 多用户下单 2-834
2026-09-11 10:32:59,449 INFO o.a.j.t.JMeterThread: Thread is done: 多用户下单 2-836
2026-09-11 10:32:59,449 INFO o.a.j.t.JMeterThread: Thread finished: 多用户下单 2-836
2026-09-11 10:32:59,449 INFO o.a.j.t.JMeterThread: Thread is done: 多用户下单 2-837
2026-09-11 10:32:59,449 INFO o.a.j.t.JMeterThread: Thread finished: 多用户下单 2-837
2026-09-11 10:32:59,449 INFO o.a.j.t.JMeterThread: Thread is done: 多用户下单 2-838
2026-09-11 10:32:59,449 INFO o.a.j.t.JMeterThread: Thread finished: 多用户下单 2-838
2026-09-11 10:32:59,450 INFO o.a.j.t.JMeterThread: Thread is done: 多用户下单 2-833
2026-09-11 10:32:59,450 INFO o.a.j.t.JMeterThread: Thread finished: 多用户下单 2-833
2026-09-11 10:32:59,451 INFO o.a.j.t.JMeterThread: Thread is done: 多用户下单 2-840
2026-09-11 10:32:59,451 INFO o.a.j.t.JMeterThread: Thread finished: 多用户下单 2-840
2026-09-11 10:32:59,451 INFO o.a.j.t.JMeterThread: Thread is done: 多用户下单 2-839
2026-09-11 10:32:59,451 INFO o.a.j.t.JMeterThread: Thread finished: 多用户下单 2-839
2026-09-11 10:32:59,452 INFO o.a.j.t.JMeterThread: Thread is done: 多用户下单 2-841
2026-09-11 10:32:59,452 INFO o.a.j.t.JMeterThread: Thread finished: 多用户下单 2-841
2026-09-11 10:32:59,452 INFO o.a.j.t.JMeterThread: Thread is done: 多用户下单 2-844
2026-09-11 10:32:59,452 INFO o.a.j.t.JMeterThread: Thread finished: 多用户下单 2-844
2026-09-11 10:32:59,453 INFO o.a.j.t.JMeterThread: Thread is done: 多用户下单 2-842
2026-09-11 10:32:59,453 INFO o.a.j.t.JMeterThread: Thread finished: 多用户下单 2-842
2026-09-11 10:32:59,453 INFO o.a.j.t.JMeterThread: Thread is done: 多用户下单 2-843
2026-09-11 10:32:59,453 INFO o.a.j.t.JMeterThread: Thread finished: 多用户下单 2-843
2026-09-11 10:32:59,454 INFO o.a.j.t.JMeterThread: Thread is done: 多用户下单 2-911
2026-09-11 10:32:59,454 INFO o.a.j.t.JMeterThread: Thread is done: 多用户下单 2-845
2026-09-11 10:32:59,454 INFO o.a.j.t.JMeterThread: Thread is done: 多用户下单 2-909
2026-09-11 10:32:59,454 INFO o.a.j.t.JMeterThread: Thread finished: 多用户下单 2-911
2026-09-11 10:32:59,454 INFO o.a.j.t.JMeterThread: Thread finished: 多用户下单 2-845
2026-09-11 10:32:59,454 INFO o.a.j.t.JMeterThread: Thread finished: 多用户下单 2-909
2026-09-11 10:32:59,455 INFO o.a.j.t.JMeterThread: Thread is done: 多用户下单 2-910
2026-09-11 10:32:59,455 INFO o.a.j.t.JMeterThread: Thread finished: 多用户下单 2-910
2026-09-11 10:32:59,455 INFO o.a.j.t.JMeterThread: Thread is done: 多用户下单 2-908
2026-09-11 10:32:59,455 INFO o.a.j.t.JMeterThread: Thread finished: 多用户下单 2-908
2026-09-11 10:32:59,456 INFO o.a.j.t.JMeterThread: Thread is done: 多用户下单 2-914
2026-09-11 10:32:59,456 INFO o.a.j.t.JMeterThread: Thread finished: 多用户下单 2-914
2026-09-11 10:32:59,456 INFO o.a.j.t.JMeterThread: Thread is done: 多用户下单 2-912
2026-09-11 10:32:59,456 INFO o.a.j.t.JMeterThread: Thread finished: 多用户下单 2-912
2026-09-11 10:32:59,456 INFO o.a.j.t.JMeterThread: Thread is done: 多用户下单 2-913
2026-09-11 10:32:59,457 INFO o.a.j.t.JMeterThread: Thread finished: 多用户下单 2-913
2026-09-11 10:32:59,457 INFO o.a.j.t.JMeterThread: Thread is done: 多用户下单 2-917
2026-09-11 10:32:59,457 INFO o.a.j.t.JMeterThread: Thread is done: 多用户下单 2-916
2026-09-11 10:32:59,457 INFO o.a.j.t.JMeterThread: Thread finished: 多用户下单 2-917
2026-09-11 10:32:59,458 INFO o.a.j.t.JMeterThread: Thread finished: 多用户下单 2-916
2026-09-11 10:32:59,458 INFO o.a.j.t.JMeterThread: Thread is done: 多用户下单 2-915
2026-09-11 10:32:59,458 INFO o.a.j.t.JMeterThread: Thread finished: 多用户下单 2-915
2026-09-11 10:32:59,459 INFO o.a.j.t.JMeterThread: Thread is done: 多用户下单 2-919
2026-09-11 10:32:59,459 INFO o.a.j.t.JMeterThread: Thread finished: 多用户下单 2-919
2026-09-11 10:32:59,459 INFO o.a.j.t.JMeterThread: Thread is done: 多用户下单 2-920
2026-09-11 10:32:59,459 INFO o.a.j.t.JMeterThread: Thread is done: 多用户下单 2-918
2026-09-11 10:32:59,459 INFO o.a.j.t.JMeterThread: Thread is done: 多用户下单 2-921
2026-09-11 10:32:59,459 INFO o.a.j.t.JMeterThread: Thread finished: 多用户下单 2-921
2026-09-11 10:32:59,459 INFO o.a.j.t.JMeterThread: Thread finished: 多用户下单 2-920
2026-09-11 10:32:59,459 INFO o.a.j.t.JMeterThread: Thread finished: 多用户下单 2-918
2026-09-11 10:32:59,461 INFO o.a.j.t.JMeterThread: Thread is done: 多用户下单 2-923
2026-09-11 10:32:59,461 INFO o.a.j.t.JMeterThread: Thread finished: 多用户下单 2-923
2026-09-11 10:32:59,461 INFO o.a.j.t.JMeterThread: Thread is done: 多用户下单 2-924
2026-09-11 10:32:59,461 INFO o.a.j.t.JMeterThread: Thread is done: 多用户下单 2-926
2026-09-11 10:32:59,461 INFO o.a.j.t.JMeterThread: Thread finished: 多用户下单 2-924
2026-09-11 10:32:59,461 INFO o.a.j.t.JMeterThread: Thread is done: 多用户下单 2-922
2026-09-11 10:32:59,461 INFO o.a.j.t.JMeterThread: Thread finished: 多用户下单 2-926
2026-09-11 10:32:59,462 INFO o.a.j.t.JMeterThread: Thread finished: 多用户下单 2-922
2026-09-11 10:32:59,462 INFO o.a.j.t.JMeterThread: Thread is done: 多用户下单 2-927
2026-09-11 10:32:59,462 INFO o.a.j.t.JMeterThread: Thread finished: 多用户下单 2-927
2026-09-11 10:32:59,462 INFO o.a.j.t.JMeterThread: Thread is done: 多用户下单 2-925
2026-09-11 10:32:59,462 INFO o.a.j.t.JMeterThread: Thread finished: 多用户下单 2-925
2026-09-11 10:32:59,463 INFO o.a.j.t.JMeterThread: Thread is done: 多用户下单 2-929
2026-09-11 10:32:59,463 INFO o.a.j.t.JMeterThread: Thread finished: 多用户下单 2-929
2026-09-11 10:32:59,463 INFO o.a.j.t.JMeterThread: Thread is done: 多用户下单 2-928
2026-09-11 10:32:59,463 INFO o.a.j.t.JMeterThread: Thread finished: 多用户下单 2-928
2026-09-11 10:32:59,464 INFO o.a.j.t.JMeterThread: Thread is done: 多用户下单 2-931
2026-09-11 10:32:59,464 INFO o.a.j.t.JMeterThread: Thread finished: 多用户下单 2-931
2026-09-11 10:32:59,465 INFO o.a.j.t.JMeterThread: Thread is done: 多用户下单 2-930
2026-09-11 10:32:59,465 INFO o.a.j.t.JMeterThread: Thread finished: 多用户下单 2-930
2026-09-11 10:32:59,466 INFO o.a.j.t.JMeterThread: Thread is done: 多用户下单 2-933
2026-09-11 10:32:59,466 INFO o.a.j.t.JMeterThread: Thread finished: 多用户下单 2-933
2026-09-11 10:32:59,466 INFO o.a.j.t.JMeterThread: Thread is done: 多用户下单 2-932
2026-09-11 10:32:59,466 INFO o.a.j.t.JMeterThread: Thread finished: 多用户下单 2-932
2026-09-11 10:32:59,466 INFO o.a.j.t.JMeterThread: Thread is done: 多用户下单 2-934
2026-09-11 10:32:59,466 INFO o.a.j.t.JMeterThread: Thread finished: 多用户下单 2-934
2026-09-11 10:32:59,466 INFO o.a.j.t.JMeterThread: Thread is done: 多用户下单 2-935
2026-09-11 10:32:59,467 INFO o.a.j.t.JMeterThread: Thread finished: 多用户下单 2-935
2026-09-11 10:32:59,468 INFO o.a.j.t.JMeterThread: Thread is done: 多用户下单 2-937
2026-09-11 10:32:59,468 INFO o.a.j.t.JMeterThread: Thread finished: 多用户下单 2-937
2026-09-11 10:32:59,469 INFO o.a.j.t.JMeterThread: Thread is done: 多用户下单 2-936
2026-09-11 10:32:59,470 INFO o.a.j.t.JMeterThread: Thread finished: 多用户下单 2-936
2026-09-11 10:32:59,470 INFO o.a.j.t.JMeterThread: Thread is done: 多用户下单 2-940
2026-09-11 10:32:59,470 INFO o.a.j.t.JMeterThread: Thread finished: 多用户下单 2-940
2026-09-11 10:32:59,470 INFO o.a.j.t.JMeterThread: Thread is done: 多用户下单 2-939
2026-09-11 10:32:59,470 INFO o.a.j.t.JMeterThread: Thread finished: 多用户下单 2-939
2026-09-11 10:32:59,470 INFO o.a.j.t.JMeterThread: Thread is done: 多用户下单 2-938
2026-09-11 10:32:59,470 INFO o.a.j.t.JMeterThread: Thread finished: 多用户下单 2-938
2026-09-11 10:32:59,471 INFO o.a.j.t.JMeterThread: Thread is done: 多用户下单 2-942
2026-09-11 10:32:59,471 INFO o.a.j.t.JMeterThread: Thread is done: 多用户下单 2-941
2026-09-11 10:32:59,471 INFO o.a.j.t.JMeterThread: Thread finished: 多用户下单 2-942
2026-09-11 10:32:59,471 INFO o.a.j.t.JMeterThread: Thread finished: 多用户下单 2-941
2026-09-11 10:32:59,473 INFO o.a.j.t.JMeterThread: Thread is done: 多用户下单 2-943
2026-09-11 10:32:59,473 INFO o.a.j.t.JMeterThread: Thread is done: 多用户下单 2-945
2026-09-11 10:32:59,473 INFO o.a.j.t.JMeterThread: Thread finished: 多用户下单 2-943
2026-09-11 10:32:59,473 INFO o.a.j.t.JMeterThread: Thread finished: 多用户下单 2-945
2026-09-11 10:32:59,473 INFO o.a.j.t.JMeterThread: Thread is done: 多用户下单 2-951
2026-09-11 10:32:59,473 INFO o.a.j.t.JMeterThread: Thread finished: 多用户下单 2-951
2026-09-11 10:32:59,473 INFO o.a.j.t.JMeterThread: Thread is done: 多用户下单 2-944
2026-09-11 10:32:59,473 INFO o.a.j.t.JMeterThread: Thread finished: 多用户下单 2-944
2026-09-11 10:32:59,474 INFO o.a.j.t.JMeterThread: Thread is done: 多用户下单 2-948
2026-09-11 10:32:59,474 INFO o.a.j.t.JMeterThread: Thread finished: 多用户下单 2-948
2026-09-11 10:32:59,474 INFO o.a.j.t.JMeterThread: Thread is done: 多用户下单 2-949
2026-09-11 10:32:59,474 INFO o.a.j.t.JMeterThread: Thread finished: 多用户下单 2-949
2026-09-11 10:32:59,475 INFO o.a.j.t.JMeterThread: Thread is done: 多用户下单 2-947
2026-09-11 10:32:59,475 INFO o.a.j.t.JMeterThread: Thread finished: 多用户下单 2-947
2026-09-11 10:32:59,475 INFO o.a.j.t.JMeterThread: Thread is done: 多用户下单 2-950
2026-09-11 10:32:59,475 INFO o.a.j.t.JMeterThread: Thread finished: 多用户下单 2-950
2026-09-11 10:32:59,476 INFO o.a.j.t.JMeterThread: Thread is done: 多用户下单 2-956
2026-09-11 10:32:59,476 INFO o.a.j.t.JMeterThread: Thread finished: 多用户下单 2-956
2026-09-11 10:32:59,476 INFO o.a.j.t.JMeterThread: Thread is done: 多用户下单 2-946
2026-09-11 10:32:59,477 INFO o.a.j.t.JMeterThread: Thread finished: 多用户下单 2-946
2026-09-11 10:32:59,477 INFO o.a.j.t.JMeterThread: Thread is done: 多用户下单 2-958
2026-09-11 10:32:59,477 INFO o.a.j.t.JMeterThread: Thread finished: 多用户下单 2-958
2026-09-11 10:32:59,477 INFO o.a.j.t.JMeterThread: Thread is done: 多用户下单 2-952
2026-09-11 10:32:59,477 INFO o.a.j.t.JMeterThread: Thread finished: 多用户下单 2-952
2026-09-11 10:32:59,478 INFO o.a.j.t.JMeterThread: Thread is done: 多用户下单 2-954
2026-09-11 10:32:59,478 INFO o.a.j.t.JMeterThread: Thread finished: 多用户下单 2-954
2026-09-11 10:32:59,478 INFO o.a.j.t.JMeterThread: Thread is done: 多用户下单 2-957
2026-09-11 10:32:59,478 INFO o.a.j.t.JMeterThread: Thread is done: 多用户下单 2-960
2026-09-11 10:32:59,478 INFO o.a.j.t.JMeterThread: Thread finished: 多用户下单 2-957
2026-09-11 10:32:59,478 INFO o.a.j.t.JMeterThread: Thread finished: 多用户下单 2-960
2026-09-11 10:32:59,479 INFO o.a.j.t.JMeterThread: Thread is done: 多用户下单 2-953
2026-09-11 10:32:59,479 INFO o.a.j.t.JMeterThread: Thread finished: 多用户下单 2-953
2026-09-11 10:32:59,479 INFO o.a.j.t.JMeterThread: Thread is done: 多用户下单 2-959
2026-09-11 10:32:59,479 INFO o.a.j.t.JMeterThread: Thread finished: 多用户下单 2-959
2026-09-11 10:32:59,479 INFO o.a.j.t.JMeterThread: Thread is done: 多用户下单 2-963
2026-09-11 10:32:59,479 INFO o.a.j.t.JMeterThread: Thread finished: 多用户下单 2-963
2026-09-11 10:32:59,479 INFO o.a.j.t.JMeterThread: Thread is done: 多用户下单 2-955
2026-09-11 10:32:59,479 INFO o.a.j.t.JMeterThread: Thread finished: 多用户下单 2-955
2026-09-11 10:32:59,480 INFO o.a.j.t.JMeterThread: Thread is done: 多用户下单 2-961
2026-09-11 10:32:59,480 INFO o.a.j.t.JMeterThread: Thread finished: 多用户下单 2-961
2026-09-11 10:32:59,481 INFO o.a.j.t.JMeterThread: Thread is done: 多用户下单 2-966
2026-09-11 10:32:59,481 INFO o.a.j.t.JMeterThread: Thread finished: 多用户下单 2-966
2026-09-11 10:32:59,481 INFO o.a.j.t.JMeterThread: Thread is done: 多用户下单 2-964
2026-09-11 10:32:59,481 INFO o.a.j.t.JMeterThread: Thread finished: 多用户下单 2-964
2026-09-11 10:32:59,481 INFO o.a.j.t.JMeterThread: Thread is done: 多用户下单 2-962
2026-09-11 10:32:59,481 INFO o.a.j.t.JMeterThread: Thread finished: 多用户下单 2-962
2026-09-11 10:32:59,482 INFO o.a.j.t.JMeterThread: Thread is done: 多用户下单 2-965
2026-09-11 10:32:59,482 INFO o.a.j.t.JMeterThread: Thread finished: 多用户下单 2-965
2026-09-11 10:32:59,483 INFO o.a.j.t.JMeterThread: Thread is done: 多用户下单 2-967
2026-09-11 10:32:59,483 INFO o.a.j.t.JMeterThread: Thread finished: 多用户下单 2-967
2026-09-11 10:32:59,483 INFO o.a.j.t.JMeterThread: Thread is done: 多用户下单 2-969
2026-09-11 10:32:59,483 INFO o.a.j.t.JMeterThread: Thread is done: 多用户下单 2-970
2026-09-11 10:32:59,483 INFO o.a.j.t.JMeterThread: Thread finished: 多用户下单 2-969
2026-09-11 10:32:59,483 INFO o.a.j.t.JMeterThread: Thread is done: 多用户下单 2-968
2026-09-11 10:32:59,483 INFO o.a.j.t.JMeterThread: Thread finished: 多用户下单 2-970
2026-09-11 10:32:59,483 INFO o.a.j.t.JMeterThread: Thread finished: 多用户下单 2-968
2026-09-11 10:32:59,484 INFO o.a.j.t.JMeterThread: Thread is done: 多用户下单 2-972
2026-09-11 10:32:59,484 INFO o.a.j.t.JMeterThread: Thread finished: 多用户下单 2-972
2026-09-11 10:32:59,484 INFO o.a.j.t.JMeterThread: Thread is done: 多用户下单 2-971
2026-09-11 10:32:59,484 INFO o.a.j.t.JMeterThread: Thread finished: 多用户下单 2-971
2026-09-11 10:32:59,485 INFO o.a.j.t.JMeterThread: Thread is done: 多用户下单 2-973
2026-09-11 10:32:59,485 INFO o.a.j.t.JMeterThread: Thread finished: 多用户下单 2-973
2026-09-11 10:32:59,486 INFO o.a.j.t.JMeterThread: Thread is done: 多用户下单 2-974
2026-09-11 10:32:59,486 INFO o.a.j.t.JMeterThread: Thread finished: 多用户下单 2-974
2026-09-11 10:32:59,487 INFO o.a.j.t.JMeterThread: Thread is done: 多用户下单 2-975
2026-09-11 10:32:59,487 INFO o.a.j.t.JMeterThread: Thread finished: 多用户下单 2-975
2026-09-11 10:32:59,487 INFO o.a.j.t.JMeterThread: Thread is done: 多用户下单 2-976
2026-09-11 10:32:59,487 INFO o.a.j.t.JMeterThread: Thread finished: 多用户下单 2-976
2026-09-11 10:32:59,488 INFO o.a.j.t.JMeterThread: Thread is done: 多用户下单 2-977
2026-09-11 10:32:59,488 INFO o.a.j.t.JMeterThread: Thread finished: 多用户下单 2-977
2026-09-11 10:32:59,488 INFO o.a.j.t.JMeterThread: Thread is done: 多用户下单 2-978
2026-09-11 10:32:59,488 INFO o.a.j.t.JMeterThread: Thread finished: 多用户下单 2-978
2026-09-11 10:32:59,488 INFO o.a.j.t.JMeterThread: Thread is done: 多用户下单 2-979
2026-09-11 10:32:59,489 INFO o.a.j.t.JMeterThread: Thread finished: 多用户下单 2-979
2026-09-11 10:32:59,490 INFO o.a.j.t.JMeterThread: Thread is done: 多用户下单 2-985
2026-09-11 10:32:59,490 INFO o.a.j.t.JMeterThread: Thread finished: 多用户下单 2-985
2026-09-11 10:32:59,490 INFO o.a.j.t.JMeterThread: Thread is done: 多用户下单 2-980
2026-09-11 10:32:59,490 INFO o.a.j.t.JMeterThread: Thread finished: 多用户下单 2-980
2026-09-11 10:32:59,490 INFO o.a.j.t.JMeterThread: Thread is done: 多用户下单 2-982
2026-09-11 10:32:59,490 INFO o.a.j.t.JMeterThread: Thread is done: 多用户下单 2-981
2026-09-11 10:32:59,490 INFO o.a.j.t.JMeterThread: Thread finished: 多用户下单 2-982
2026-09-11 10:32:59,490 INFO o.a.j.t.JMeterThread: Thread finished: 多用户下单 2-981
2026-09-11 10:32:59,491 INFO o.a.j.t.JMeterThread: Thread is done: 多用户下单 2-983
2026-09-11 10:32:59,491 INFO o.a.j.t.JMeterThread: Thread is done: 多用户下单 2-984
2026-09-11 10:32:59,491 INFO o.a.j.t.JMeterThread: Thread finished: 多用户下单 2-983
2026-09-11 10:32:59,491 INFO o.a.j.t.JMeterThread: Thread finished: 多用户下单 2-984
2026-09-11 10:32:59,491 INFO o.a.j.t.JMeterThread: Thread is done: 多用户下单 2-987
2026-09-11 10:32:59,491 INFO o.a.j.t.JMeterThread: Thread is done: 多用户下单 2-988
2026-09-11 10:32:59,491 INFO o.a.j.t.JMeterThread: Thread finished: 多用户下单 2-987
2026-09-11 10:32:59,492 INFO o.a.j.t.JMeterThread: Thread finished: 多用户下单 2-988
2026-09-11 10:32:59,494 INFO o.a.j.t.JMeterThread: Thread is done: 多用户下单 2-986
2026-09-11 10:32:59,495 INFO o.a.j.t.JMeterThread: Thread finished: 多用户下单 2-986
2026-09-11 10:32:59,495 INFO o.a.j.e.StandardJMeterEngine: Notifying test listeners of end of test
2026-09-11 10:32:59,495 INFO o.a.j.s.FileServer: Close: D:\Desktop\tokens.txt
2026-09-11 10:32:59,495 INFO o.a.j.g.u.JMeterMenuBar: setRunning(false, *local*)
2026-09-11 10:33:01,901 WARN o.a.j.g.t.JMeterTreeNode: getIcon(): Can't obtain GUI class from class org.apache.jmeter.config.CSVDataSet
2026-09-11 10:33:05,167 WARN o.a.j.g.t.JMeterTreeNode: getIcon(): Can't obtain GUI class from class org.apache.jmeter.config.CSVDataSet
2026-09-11 10:33:09,275 WARN o.a.j.g.t.JMeterTreeNode: getIcon(): Can't obtain GUI class from class org.apache.jmeter.config.CSVDataSet
2026-09-11 10:33:09,990 WARN o.a.j.g.t.JMeterTreeNode: getIcon(): Can't obtain GUI class from class org.apache.jmeter.config.CSVDataSet
